iter,steps,episodes,mean_return_A,mean_len,mean_A,mean_B,loss_pg,loss_v,entropy,ent_coef,approx_kl,clip_frac,explained_variance,reward_event_rate,truncated_episodes,A1_action_stay,A1_action_up,A1_action_down,A1_entropy,A1_value_loss,A1_approx_kl,A2_action_stay,A2_action_up,A2_action_down,A2_entropy,A2_value_loss,A2_approx_kl,B1_action_stay,B1_action_up,B1_action_down,B1_entropy,B1_value_loss,B1_approx_kl,B2_action_stay,B2_action_up,B2_action_down,B2_entropy,B2_value_loss,B2_approx_kl
1,4096,3,0.000,1307.7,4.33,4.33,-0.0018,0.1441,1.0967,0.01000,0.00185,0.0000,0.4125,0.00684,0,0.3293,0.3386,0.3320,1.0945,0.1482,0.00397,0.3342,0.3269,0.3389,1.0973,0.1554,0.00133,0.3398,0.3293,0.3308,1.0983,0.1419,0.00031,0.3450,0.3237,0.3313,1.0967,0.1308,0.00181
2,8192,3,0.333,1071.3,4.00,3.67,-0.0030,0.1259,1.0961,0.00999,0.00269,0.0002,0.5603,0.00684,0,0.2964,0.3359,0.3677,1.0965,0.1125,0.00376,0.3293,0.3438,0.3269,1.0941,0.1269,0.00363,0.3401,0.3340,0.3259,1.0972,0.1183,0.00198,0.3291,0.3220,0.3489,1.0967,0.1458,0.00140
3,12288,4,-0.250,1253.2,4.00,4.25,-0.0026,0.1072,1.0928,0.00999,0.00313,0.0094,0.5567,0.00635,0,0.3066,0.3481,0.3452,1.0952,0.0969,0.00275,0.3433,0.3535,0.3032,1.0913,0.1125,0.00579,0.3318,0.3164,0.3518,1.0908,0.1049,0.00343,0.3584,0.3267,0.3149,1.0937,0.1146,0.00056
4,16384,3,-0.667,1280.7,3.67,4.33,-0.0031,0.1205,1.0882,0.00998,0.00365,0.0084,0.5670,0.00659,0,0.3118,0.3367,0.3516,1.0888,0.1177,0.00432,0.3223,0.3250,0.3528,1.0801,0.1260,0.00262,0.3860,0.2795,0.3345,1.0883,0.1182,0.00400,0.3589,0.3098,0.3313,1.0958,0.1200,0.00367
5,20480,4,-2.000,968.8,2.75,4.75,-0.0028,0.1254,1.0798,0.00997,0.00344,0.0088,0.5854,0.00708,0,0.3267,0.3386,0.3347,1.0828,0.1294,0.00147,0.3208,0.3005,0.3787,1.0564,0.1291,0.00601,0.3564,0.3018,0.3418,1.0923,0.1210,0.00172,0.3145,0.3181,0.3674,1.0876,0.1223,0.00456
6,24576,3,0.333,1406.7,4.33,4.00,-0.0037,0.1280,1.0685,0.00996,0.00444,0.0274,0.5635,0.00659,0,0.3467,0.3184,0.3350,1.0842,0.1252,0.00240,0.3127,0.2795,0.4077,1.0221,0.1312,0.00959,0.3562,0.3037,0.3401,1.0829,0.1300,0.00444,0.3188,0.2913,0.3899,1.0845,0.1258,0.00134
7,28672,4,-0.250,942.0,4.00,4.25,-0.0029,0.1158,1.0552,0.00996,0.00534,0.0234,0.6148,0.00806,0,0.3315,0.3416,0.3269,1.0659,0.1122,0.00488,0.2639,0.2583,0.4778,1.0020,0.1160,0.00269,0.3584,0.2612,0.3804,1.0591,0.1196,0.00775,0.3127,0.2827,0.4045,1.0937,0.1154,0.00604
8,32768,4,1.000,1180.2,4.25,3.25,-0.0025,0.1109,1.0557,0.00995,0.00328,0.0123,0.5385,0.00635,0,0.3481,0.3276,0.3242,1.0695,0.1047,0.00105,0.2476,0.2295,0.5229,1.0055,0.1082,0.00138,0.3340,0.2441,0.4219,1.0543,0.1172,0.00594,0.3271,0.3149,0.3579,1.0934,0.1134,0.00476
9,36864,3,2.000,1128.0,5.00,3.00,-0.0041,0.1062,1.0394,0.00994,0.00604,0.0364,0.6238,0.00708,0,0.3320,0.3269,0.3411,1.0706,0.1017,0.00115,0.2461,0.2461,0.5078,0.9485,0.1072,0.00895,0.3794,0.2007,0.4199,1.0545,0.1069,0.00685,0.3159,0.3367,0.3474,1.0841,0.1088,0.00723
10,40960,3,-0.333,1421.7,4.00,4.33,-0.0030,0.1227,1.0434,0.00993,0.00376,0.0275,0.5353,0.00610,0,0.3237,0.3381,0.3381,1.0702,0.1216,0.00246,0.2310,0.2119,0.5571,0.9648,0.1245,0.00212,0.4128,0.2146,0.3726,1.0661,0.1241,0.00464,0.3464,0.3071,0.3464,1.0725,0.1207,0.00583
11,45056,4,-0.500,1161.2,4.00,4.50,-0.0038,0.1305,1.0443,0.00993,0.00414,0.0223,0.5700,0.00708,0,0.3293,0.3477,0.3230,1.0522,0.1285,0.00418,0.2351,0.2144,0.5505,1.0095,0.1313,0.00532,0.4031,0.2712,0.3257,1.0469,0.1313,0.00277,0.3704,0.2996,0.3301,1.0687,0.1307,0.00428
12,49152,3,-0.333,1148.7,3.67,4.00,-0.0023,0.1493,1.0394,0.00992,0.00325,0.0070,0.6101,0.00708,0,0.3235,0.3579,0.3186,1.0390,0.1446,0.00180,0.2324,0.2351,0.5325,1.0193,0.1469,0.00515,0.4053,0.2539,0.3408,1.0305,0.1536,0.00481,0.3528,0.3003,0.3469,1.0688,0.1521,0.00125
13,53248,4,-2.000,956.2,2.50,4.50,-0.0042,0.1141,1.0346,0.00991,0.00504,0.0405,0.5609,0.00684,0,0.2905,0.3865,0.3230,1.0505,0.1112,0.00240,0.2393,0.2434,0.5173,0.9875,0.1119,0.00734,0.4485,0.2280,0.3235,1.0427,0.1191,0.00563,0.3347,0.2913,0.3740,1.0575,0.1144,0.00480
14,57344,3,-3.000,1338.3,2.00,5.00,-0.0034,0.0926,1.0178,0.00990,0.00516,0.0291,0.5864,0.00513,0,0.2935,0.3940,0.3125,1.0036,0.0975,0.00814,0.1956,0.2625,0.5420,0.9861,0.0979,0.00214,0.4358,0.2463,0.3179,1.0371,0.0884,0.00494,0.3591,0.2986,0.3423,1.0445,0.0864,0.00544
15,61440,4,-0.500,1074.5,3.50,4.00,-0.0042,0.1378,1.0274,0.00990,0.00520,0.0348,0.5901,0.00757,0,0.3191,0.3821,0.2988,1.0115,0.1334,0.00791,0.2024,0.2646,0.5330,1.0181,0.1336,0.00442,0.4377,0.2305,0.3318,1.0587,0.1423,0.00365,0.3752,0.2812,0.3435,1.0212,0.1420,0.00481
16,65536,3,1.000,1355.0,4.67,3.67,-0.0049,0.1138,0.9902,0.00989,0.00751,0.0437,0.5226,0.00562,0,0.3462,0.3525,0.3013,0.9486,0.1080,0.00866,0.2231,0.2742,0.5027,0.9905,0.1092,0.00636,0.4124,0.2446,0.3430,1.0420,0.1211,0.00773,0.3999,0.2881,0.3120,0.9799,0.1167,0.00730
17,69632,3,-1.667,1359.0,3.00,4.67,-0.0033,0.1105,1.0033,0.00988,0.00448,0.0271,0.5696,0.00562,0,0.3340,0.3982,0.2678,0.9670,0.1056,0.00545,0.2229,0.2576,0.5195,1.0196,0.1080,0.00367,0.4089,0.2075,0.3835,1.0211,0.1138,0.00391,0.4814,0.2361,0.2825,1.0056,0.1143,0.00491
18,73728,3,0.333,1242.3,4.00,3.67,-0.0029,0.1305,1.0099,0.00987,0.00369,0.0129,0.5193,0.00562,0,0.3606,0.3704,0.2690,0.9649,0.1313,0.00549,0.2275,0.2803,0.4922,1.0341,0.1290,0.00342,0.4065,0.1777,0.4158,1.0352,0.1332,0.00137,0.4609,0.2549,0.2842,1.0056,0.1284,0.00448
19,77824,5,1.800,952.8,4.40,2.60,-0.0033,0.1420,1.0191,0.00987,0.00417,0.0270,0.5999,0.00806,0,0.3940,0.3481,0.2578,1.0143,0.1441,0.00607,0.2585,0.2612,0.4802,1.0482,0.1434,0.00404,0.4033,0.1946,0.4021,1.0464,0.1434,0.00191,0.5027,0.2573,0.2400,0.9677,0.1373,0.00467
20,81920,4,1.750,1178.8,4.25,2.50,-0.0043,0.1214,0.9981,0.00986,0.00629,0.0328,0.5718,0.00586,0,0.3828,0.3579,0.2593,0.9766,0.1175,0.00489,0.2822,0.2429,0.4749,1.0098,0.1182,0.00827,0.3740,0.2295,0.3965,1.0423,0.1311,0.00551,0.5220,0.2312,0.2468,0.9637,0.1188,0.00649
21,86016,3,1.667,1076.0,3.67,2.00,-0.0045,0.1532,0.9927,0.00985,0.00525,0.0340,0.5335,0.00586,0,0.3726,0.3528,0.2747,0.9224,0.1557,0.00632,0.2534,0.2302,0.5164,1.0433,0.1556,0.00336,0.4294,0.2217,0.3489,1.0379,0.1543,0.00639,0.5747,0.2021,0.2231,0.9674,0.1471,0.00494
22,90112,4,1.250,1245.8,4.50,3.25,-0.0026,0.1091,0.9899,0.00985,0.00339,0.0144,0.6155,0.00586,0,0.3840,0.3462,0.2698,0.9655,0.1057,0.00297,0.2563,0.2490,0.4946,1.0232,0.1102,0.00310,0.4553,0.2339,0.3108,1.0222,0.1129,0.00360,0.5576,0.2017,0.2407,0.9489,0.1077,0.00390
23,94208,3,2.667,1184.0,5.00,2.33,-0.0022,0.1051,0.9941,0.00984,0.00335,0.0122,0.5719,0.00610,0,0.4043,0.3301,0.2656,0.9809,0.1003,0.00486,0.2856,0.2190,0.4954,0.9976,0.1074,0.00254,0.4551,0.2146,0.3303,1.0108,0.1102,0.00141,0.5745,0.1865,0.2390,0.9869,0.1026,0.00461
24,98304,4,0.500,1167.2,3.75,3.25,-0.0033,0.1221,0.9801,0.00983,0.00545,0.0327,0.5705,0.00610,0,0.3542,0.3733,0.2725,0.9375,0.1223,0.00735,0.2607,0.2161,0.5232,1.0192,0.1257,0.00281,0.4656,0.1929,0.3416,0.9998,0.1260,0.00882,0.5374,0.2097,0.2529,0.9640,0.1146,0.00284
25,102400,3,-0.333,1214.3,4.00,4.33,-0.0039,0.1316,0.9841,0.00982,0.00405,0.0220,0.6259,0.00732,0,0.3538,0.3875,0.2588,0.9623,0.1272,0.00682,0.2808,0.2275,0.4917,1.0189,0.1307,0.00152,0.4941,0.2075,0.2983,0.9744,0.1414,0.00560,0.5737,0.1917,0.2346,0.9809,0.1269,0.00227
26,106496,4,-2.250,1018.0,2.75,5.00,-0.0039,0.1410,0.9457,0.00982,0.00675,0.0467,0.6327,0.00708,0,0.3599,0.3564,0.2837,0.9489,0.1424,0.00819,0.2815,0.2188,0.4998,0.9712,0.1415,0.00705,0.5312,0.1980,0.2708,0.9510,0.1436,0.00595,0.5647,0.2056,0.2297,0.9119,0.1367,0.00581
27,110592,4,-0.750,1159.0,2.75,3.50,-0.0024,0.1187,0.9436,0.00981,0.00432,0.0236,0.5858,0.00537,1,0.3516,0.3931,0.2554,0.9549,0.1145,0.00286,0.2493,0.2019,0.5488,0.9881,0.1150,0.00186,0.5725,0.1807,0.2468,0.8795,0.1296,0.00953,0.5847,0.1956,0.2197,0.9519,0.1157,0.00305
28,114688,3,-1.000,1057.3,3.33,4.33,-0.0038,0.1422,0.9655,0.00980,0.00577,0.0300,0.6150,0.00732,0,0.3521,0.3984,0.2495,0.9235,0.1419,0.00524,0.2434,0.1953,0.5613,0.9913,0.1427,0.00515,0.5664,0.2161,0.2175,0.9718,0.1430,0.00548,0.5889,0.1917,0.2195,0.9754,0.1411,0.00720
29,118784,5,-1.600,910.6,3.00,4.60,-0.0047,0.1251,0.9688,0.00979,0.00565,0.0589,0.6840,0.00830,0,0.3633,0.3994,0.2373,0.9370,0.1205,0.00580,0.2546,0.1990,0.5464,0.9936,0.1203,0.00315,0.5537,0.2073,0.2390,0.9483,0.1350,0.00593,0.5684,0.2063,0.2253,0.9962,0.1244,0.00772
30,122880,3,-1.333,1244.7,3.33,4.67,-0.0031,0.1166,0.9869,0.00979,0.00393,0.0238,0.6143,0.00635,0,0.3635,0.4126,0.2239,0.9477,0.1133,0.00188,0.2773,0.2087,0.5139,1.0074,0.1220,0.00433,0.5591,0.1846,0.2563,0.9874,0.1165,0.00783,0.4968,0.2466,0.2566,1.0048,0.1147,0.00170
31,126976,4,-2.250,992.2,2.25,4.50,-0.0034,0.1170,1.0075,0.00978,0.00467,0.0358,0.6454,0.00708,0,0.3750,0.3896,0.2354,0.9750,0.1213,0.00236,0.2598,0.2332,0.5071,1.0382,0.1211,0.00634,0.4702,0.2461,0.2837,1.0047,0.1154,0.00490,0.5378,0.2295,0.2327,1.0120,0.1101,0.00509
32,131072,4,-0.500,1187.2,4.00,4.50,-0.0040,0.1273,1.0237,0.00977,0.00566,0.0476,0.6426,0.00757,0,0.4084,0.3721,0.2195,0.9832,0.1281,0.00415,0.2764,0.2417,0.4819,1.0464,0.1249,0.00503,0.4407,0.2502,0.3091,1.0211,0.1294,0.00550,0.4663,0.2583,0.2754,1.0443,0.1268,0.00795
33,135168,4,1.750,1021.5,4.75,3.00,-0.0025,0.1031,1.0280,0.00976,0.00327,0.0277,0.6619,0.00684,0,0.4229,0.3635,0.2136,0.9950,0.1056,0.00186,0.2749,0.2600,0.4651,1.0434,0.1079,0.00153,0.4011,0.2598,0.3391,1.0189,0.1025,0.00500,0.4111,0.2888,0.3000,1.0547,0.0963,0.00468
34,139264,4,0.750,1023.0,3.75,3.00,-0.0028,0.1403,1.0306,0.00976,0.00356,0.0138,0.6386,0.00708,0,0.4060,0.3445,0.2495,1.0092,0.1494,0.00206,0.2598,0.2712,0.4690,1.0163,0.1448,0.00503,0.3730,0.2700,0.3569,1.0354,0.1390,0.00224,0.4180,0.2822,0.2998,1.0616,0.1280,0.00489
35,143360,3,-1.667,1041.3,3.00,4.67,-0.0051,0.1213,0.9994,0.00975,0.00891,0.0822,0.6426,0.00610,0,0.3379,0.4106,0.2515,0.9701,0.1196,0.01050,0.2417,0.2627,0.4956,0.9767,0.1331,0.01021,0.3992,0.2305,0.3704,1.0039,0.1217,0.00843,0.3955,0.2932,0.3113,1.0468,0.1108,0.00649
36,147456,4,1.250,1301.0,4.50,3.25,-0.0032,0.1584,0.9952,0.00974,0.00318,0.0193,0.6267,0.00684,1,0.4065,0.3860,0.2075,0.9878,0.1589,0.00221,0.2180,0.2183,0.5637,0.9820,0.1694,0.00414,0.4102,0.2676,0.3223,0.9795,0.1530,0.00312,0.3423,0.3110,0.3467,1.0317,0.1523,0.00326
37,151552,5,-0.400,836.4,3.60,4.00,-0.0037,0.1582,0.9930,0.00973,0.00488,0.0266,0.6835,0.00903,0,0.3743,0.4111,0.2146,1.0107,0.1751,0.00647,0.2224,0.2144,0.5632,0.9605,0.1569,0.00246,0.4395,0.2476,0.3130,0.9761,0.1558,0.00383,0.3320,0.3179,0.3501,1.0249,0.1449,0.00675
38,155648,4,0.000,1040.0,3.75,3.75,-0.0031,0.1191,1.0052,0.00973,0.00473,0.0233,0.6944,0.00708,0,0.3259,0.4265,0.2476,1.0136,0.1203,0.00179,0.2175,0.2139,0.5686,0.9909,0.1246,0.00422,0.4480,0.1987,0.3533,0.9775,0.1226,0.00766,0.3796,0.3298,0.2905,1.0387,0.1091,0.00525
39,159744,3,1.333,1268.3,5.00,3.67,-0.0025,0.1001,1.0069,0.00972,0.00307,0.0056,0.6495,0.00684,0,0.3599,0.4006,0.2395,1.0250,0.1029,0.00181,0.2585,0.2158,0.5256,1.0189,0.1029,0.00289,0.3794,0.2473,0.3733,0.9554,0.1004,0.00308,0.3408,0.3447,0.3145,1.0284,0.0942,0.00451
40,163840,4,-0.500,1090.5,3.75,4.25,-0.0036,0.1444,0.9958,0.00971,0.00377,0.0171,0.6518,0.00732,0,0.3743,0.3799,0.2458,1.0254,0.1542,0.00380,0.2590,0.2551,0.4858,1.0309,0.1499,0.00302,0.3325,0.2671,0.4004,0.9417,0.1378,0.00414,0.3083,0.3979,0.2937,0.9852,0.1355,0.00413
41,167936,2,0.000,1492.0,4.50,4.50,-0.0039,0.1185,1.0035,0.00970,0.00468,0.0259,0.6538,0.00586,0,0.3765,0.3928,0.2307,1.0437,0.1145,0.00353,0.2595,0.2693,0.4712,1.0416,0.1119,0.00312,0.3867,0.2405,0.3728,0.9628,0.1261,0.00608,0.3035,0.3828,0.3137,0.9659,0.1216,0.00599
42,172032,4,-1.250,1192.8,3.00,4.25,-0.0024,0.1087,1.0014,0.00970,0.00337,0.0182,0.6229,0.00610,0,0.3589,0.3916,0.2495,1.0353,0.1140,0.00088,0.2466,0.2788,0.4746,1.0480,0.1088,0.00193,0.3340,0.2678,0.3982,0.9993,0.1062,0.00476,0.2822,0.3843,0.3335,0.9230,0.1056,0.00593
43,176128,3,-2.000,1506.7,2.00,4.00,-0.0030,0.0747,0.9988,0.00969,0.00489,0.0211,0.6414,0.00391,1,0.3540,0.4026,0.2434,1.0358,0.0790,0.00336,0.2822,0.2856,0.4321,1.0384,0.0754,0.00486,0.3640,0.2012,0.4348,0.9743,0.0732,0.00739,0.2173,0.4602,0.3225,0.9466,0.0712,0.00394
44,180224,4,-1.500,1016.8,2.50,4.00,-0.0031,0.0988,0.9887,0.00968,0.00407,0.0156,0.6516,0.00635,0,0.3413,0.4309,0.2278,1.0403,0.0986,0.00282,0.2756,0.2771,0.4473,1.0005,0.0983,0.00717,0.3438,0.1838,0.4724,0.9560,0.0984,0.00358,0.2539,0.4221,0.3240,0.9579,0.0999,0.00270
45,184320,4,-1.500,1010.8,3.25,4.75,-0.0031,0.1043,0.9894,0.00968,0.00550,0.0349,0.6263,0.00781,0,0.3445,0.4395,0.2161,1.0223,0.1033,0.00160,0.2454,0.2515,0.5032,1.0273,0.1081,0.00517,0.3733,0.1882,0.4385,0.9788,0.1053,0.00598,0.2466,0.4143,0.3391,0.9292,0.1004,0.00927
46,188416,3,-0.667,1378.3,4.00,4.67,-0.0026,0.1000,1.0063,0.00967,0.00429,0.0201,0.6443,0.00635,0,0.3801,0.4211,0.1987,1.0428,0.1030,0.00269,0.2341,0.2678,0.4980,1.0426,0.1008,0.00237,0.4050,0.2310,0.3640,1.0066,0.1027,0.00754,0.2551,0.4041,0.3408,0.9332,0.0934,0.00454
47,192512,2,0.500,1640.5,4.50,4.00,-0.0038,0.0968,0.9968,0.00966,0.00529,0.0264,0.6015,0.00562,0,0.3889,0.3901,0.2209,1.0398,0.1074,0.00374,0.2686,0.2710,0.4604,1.0509,0.1084,0.00316,0.4297,0.2246,0.3457,0.9938,0.0898,0.00701,0.2231,0.4385,0.3384,0.9027,0.0817,0.00725
48,196608,4,-3.000,1141.0,2.00,5.00,-0.0033,0.0887,0.9974,0.00965,0.00469,0.0403,0.6482,0.00562,0,0.3630,0.4126,0.2244,1.0276,0.0948,0.00400,0.2627,0.2803,0.4570,1.0117,0.0924,0.00723,0.4856,0.2202,0.2942,0.9828,0.0892,0.00453,0.2366,0.4106,0.3528,0.9674,0.0784,0.00300
49,200704,3,-0.667,1160.7,3.00,3.67,-0.0037,0.0839,0.9786,0.00965,0.00453,0.0267,0.6742,0.00610,0,0.3760,0.4353,0.1887,1.0105,0.0878,0.00689,0.2371,0.2708,0.4922,0.9900,0.0928,0.00407,0.4797,0.2234,0.2969,0.9835,0.0815,0.00324,0.2600,0.3938,0.3462,0.9305,0.0733,0.00393
50,204800,4,0.250,1279.8,4.50,4.25,-0.0030,0.0696,0.9917,0.00964,0.00415,0.0117,0.7448,0.00708,0,0.4192,0.4011,0.1797,1.0323,0.0741,0.00716,0.2417,0.2439,0.5144,1.0182,0.0703,0.00408,0.4695,0.2410,0.2896,1.0056,0.0689,0.00346,0.2588,0.3779,0.3633,0.9107,0.0653,0.00190
51,208896,3,-0.333,1291.7,3.67,4.00,-0.0047,0.0920,0.9836,0.00963,0.00533,0.0380,0.6023,0.00586,0,0.3872,0.4187,0.1941,1.0150,0.0903,0.00473,0.2566,0.2893,0.4541,0.9912,0.0929,0.00418,0.4363,0.2288,0.3350,0.9873,0.0942,0.00463,0.2761,0.3840,0.3398,0.9411,0.0907,0.00779
52,212992,2,-2.000,1403.5,3.00,5.00,-0.0044,0.0744,0.9880,0.00962,0.00502,0.0323,0.6586,0.00488,0,0.3621,0.4404,0.1975,0.9926,0.0776,0.00619,0.2415,0.2668,0.4917,0.9953,0.0759,0.00663,0.4214,0.2068,0.3718,1.0001,0.0726,0.00356,0.2776,0.3767,0.3457,0.9641,0.0713,0.00372
53,217088,3,-1.000,1511.7,3.00,4.00,-0.0039,0.0896,0.9791,0.00962,0.00670,0.0533,0.6662,0.00513,0,0.3730,0.4390,0.1880,0.9614,0.0847,0.00774,0.2249,0.2717,0.5034,0.9715,0.0881,0.00430,0.4041,0.2212,0.3748,0.9862,0.0918,0.00536,0.2544,0.3826,0.3630,0.9974,0.0936,0.00939
54,221184,3,-1.667,1492.0,2.67,4.33,-0.0030,0.0826,0.9707,0.00961,0.00494,0.0307,0.6402,0.00513,1,0.4133,0.4102,0.1765,0.9182,0.0888,0.00694,0.2312,0.2424,0.5264,0.9523,0.0883,0.00449,0.3892,0.2043,0.4065,1.0076,0.0779,0.00337,0.2908,0.3608,0.3484,1.0047,0.0754,0.00494
55,225280,4,-1.750,1069.5,2.75,4.50,-0.0035,0.0885,0.9642,0.00960,0.00476,0.0225,0.7004,0.00610,0,0.3994,0.4399,0.1606,0.9294,0.0903,0.00564,0.2039,0.2083,0.5879,0.8997,0.0877,0.00127,0.4124,0.2117,0.3760,1.0289,0.0914,0.00599,0.3225,0.3171,0.3604,0.9991,0.0845,0.00616
56,229376,2,-1.500,1733.0,3.00,4.50,-0.0031,0.1062,0.9627,0.00959,0.00367,0.0202,0.6409,0.00464,0,0.3672,0.4702,0.1626,0.9362,0.1033,0.00186,0.2241,0.2185,0.5574,0.9140,0.0959,0.00563,0.3984,0.2490,0.3525,1.0177,0.1159,0.00344,0.3386,0.3184,0.3430,0.9829,0.1099,0.00374
57,233472,3,-2.333,1562.7,2.67,5.00,-0.0034,0.0741,0.9679,0.00959,0.00466,0.0399,0.7311,0.00488,0,0.3406,0.4700,0.1895,0.9784,0.0739,0.00640,0.2131,0.1965,0.5903,0.9116,0.0751,0.00191,0.3677,0.2717,0.3606,0.9996,0.0736,0.00470,0.3347,0.2949,0.3704,0.9820,0.0739,0.00562
58,237568,3,-3.667,1500.3,1.33,5.00,-0.0033,0.0848,0.9636,0.00958,0.00414,0.0317,0.6037,0.00415,0,0.3550,0.4570,0.1880,0.9819,0.0830,0.00375,0.2485,0.1931,0.5583,0.9014,0.0814,0.00202,0.3879,0.2583,0.3538,0.9907,0.0922,0.00551,0.3662,0.2917,0.3420,0.9805,0.0826,0.00528
59,241664,3,0.667,1251.7,3.33,2.67,-0.0036,0.1091,0.9698,0.00957,0.00561,0.0316,0.6092,0.00439,0,0.4128,0.4177,0.1694,1.0054,0.1042,0.00723,0.2129,0.1777,0.6094,0.8552,0.1033,0.00346,0.4111,0.2600,0.3289,0.9982,0.1182,0.00475,0.3774,0.2764,0.3462,1.0203,0.1105,0.00700
60,245760,3,-3.333,1354.0,1.33,4.67,-0.0038,0.0763,0.9641,0.00956,0.00721,0.0577,0.7032,0.00488,1,0.3372,0.4587,0.2041,1.0156,0.0817,0.00851,0.2156,0.1965,0.5879,0.8312,0.0806,0.00539,0.4504,0.2349,0.3147,1.0112,0.0737,0.00991,0.3608,0.3086,0.3306,0.9984,0.0692,0.00501
61,249856,3,-3.667,1450.3,1.33,5.00,-0.0031,0.0659,0.9530,0.00956,0.00460,0.0287,0.6813,0.00439,0,0.2839,0.4910,0.2251,1.0331,0.0642,0.00336,0.1719,0.1477,0.6804,0.7759,0.0614,0.00229,0.4048,0.2280,0.3672,1.0086,0.0685,0.00685,0.3677,0.2861,0.3462,0.9945,0.0695,0.00592
62,253952,2,-2.000,1495.5,2.50,4.50,-0.0036,0.0669,0.9142,0.00955,0.00550,0.0510,0.6362,0.00439,1,0.3025,0.4441,0.2534,1.0102,0.0615,0.00772,0.1655,0.1555,0.6790,0.7370,0.0594,0.00219,0.3728,0.2375,0.3896,0.9983,0.0751,0.00700,0.2932,0.3169,0.3899,0.9115,0.0715,0.00509
63,258048,5,-4.000,1013.0,1.00,5.00,-0.0023,0.0592,0.9599,0.00954,0.00313,0.0193,0.7059,0.00635,0,0.2798,0.5046,0.2156,1.0205,0.0630,0.00136,0.1780,0.1658,0.6562,0.8187,0.0621,0.00173,0.3328,0.2422,0.4250,1.0161,0.0564,0.00312,0.2839,0.3618,0.3542,0.9845,0.0554,0.00632
64,262144,3,-1.667,1486.0,2.33,4.00,-0.0039,0.0742,0.9159,0.00954,0.00569,0.0359,0.6743,0.00439,0,0.3018,0.4880,0.2102,1.0494,0.0692,0.00626,0.1611,0.1624,0.6765,0.7332,0.0737,0.00458,0.3340,0.2783,0.3877,0.9657,0.0785,0.00736,0.2939,0.2878,0.4182,0.9152,0.0753,0.00458
65,266240,3,-2.667,1364.7,2.33,5.00,-0.0040,0.0680,0.9457,0.00953,0.00499,0.0374,0.7570,0.00537,0,0.3130,0.4585,0.2285,1.0501,0.0652,0.00669,0.1482,0.1416,0.7102,0.7786,0.0601,0.00352,0.3115,0.2849,0.4036,1.0116,0.0724,0.00617,0.2974,0.3044,0.3982,0.9426,0.0743,0.00360
66,270336,2,-2.500,1885.0,2.50,5.00,-0.0033,0.0815,0.9566,0.00952,0.00482,0.0178,0.6030,0.00439,0,0.3777,0.4126,0.2097,1.0391,0.0822,0.00742,0.1641,0.1604,0.6755,0.7893,0.0808,0.00281,0.3582,0.2654,0.3765,1.0257,0.0839,0.00401,0.2822,0.3201,0.3977,0.9722,0.0793,0.00502
67,274432,2,-2.000,1564.5,3.00,5.00,-0.0045,0.0658,0.9319,0.00951,0.00681,0.0665,0.7010,0.00439,0,0.4287,0.3538,0.2175,0.9954,0.0619,0.01033,0.1350,0.1616,0.7034,0.8000,0.0563,0.00233,0.3762,0.2542,0.3696,0.9835,0.0758,0.00885,0.2749,0.3044,0.4207,0.9489,0.0693,0.00575
68,278528,3,-3.667,1465.0,1.33,5.00,-0.0028,0.0558,0.9128,0.00951,0.00406,0.0212,0.7449,0.00488,0,0.4692,0.3521,0.1787,0.9722,0.0524,0.00522,0.1375,0.1646,0.6980,0.7687,0.0520,0.00218,0.3518,0.2375,0.4106,0.9682,0.0583,0.00531,0.2673,0.2705,0.4622,0.9424,0.0604,0.00355
69,282624,5,-3.600,1029.6,1.40,5.00,-0.0036,0.0620,0.9119,0.00950,0.00431,0.0206,0.7559,0.00635,0,0.5002,0.3206,0.1792,0.9849,0.0634,0.00278,0.1611,0.1692,0.6697,0.7669,0.0544,0.00292,0.3188,0.2236,0.4575,0.9233,0.0674,0.00652,0.2808,0.2803,0.4390,0.9726,0.0628,0.00501
70,286720,3,-3.000,1281.3,2.00,5.00,-0.0023,0.0814,0.9027,0.00949,0.00338,0.0303,0.6998,0.00537,0,0.4976,0.3364,0.1660,0.9772,0.0795,0.00283,0.1572,0.1553,0.6875,0.7817,0.0838,0.00369,0.2905,0.2234,0.4861,0.8857,0.0813,0.00365,0.3127,0.2839,0.4033,0.9662,0.0810,0.00334
71,290816,3,-2.667,1301.7,2.00,4.67,-0.0035,0.0692,0.9105,0.00948,0.00365,0.0306,0.7003,0.00537,1,0.4976,0.3318,0.1707,0.9402,0.0707,0.00359,0.1399,0.1587,0.7014,0.8056,0.0699,0.00361,0.2854,0.2126,0.5020,0.9301,0.0702,0.00319,0.3130,0.2637,0.4233,0.9662,0.0662,0.00420
72,294912,3,-4.667,1400.7,0.33,5.00,-0.0028,0.0330,0.9117,0.00948,0.00352,0.0124,0.7363,0.00342,0,0.5134,0.3398,0.1467,0.9264,0.0299,0.00557,0.1809,0.1721,0.6470,0.8196,0.0318,0.00123,0.2825,0.2195,0.4980,0.9281,0.0344,0.00142,0.2979,0.3167,0.3855,0.9727,0.0357,0.00585
73,299008,3,-4.333,1198.3,0.67,5.00,-0.0034,0.0328,0.8876,0.00947,0.00474,0.0323,0.7865,0.00488,0,0.5247,0.3098,0.1655,0.8950,0.0334,0.00752,0.1748,0.1799,0.6453,0.7614,0.0318,0.00461,0.2961,0.2087,0.4951,0.9123,0.0359,0.00427,0.2642,0.3342,0.4016,0.9819,0.0303,0.00256
74,303104,3,-2.667,1355.0,2.00,4.67,-0.0034,0.0463,0.8646,0.00946,0.00506,0.0396,0.7884,0.00537,1,0.6187,0.2493,0.1321,0.9171,0.0454,0.00890,0.1335,0.1531,0.7134,0.6742,0.0408,0.00430,0.3113,0.2083,0.4805,0.9185,0.0549,0.00286,0.2241,0.3496,0.4263,0.9487,0.0443,0.00418
75,307200,4,-3.500,1192.8,1.25,4.75,-0.0039,0.0510,0.8601,0.00945,0.00584,0.0409,0.7824,0.00464,1,0.5330,0.3000,0.1670,0.9561,0.0484,0.00796,0.1230,0.1235,0.7534,0.6567,0.0494,0.00190,0.2927,0.1934,0.5139,0.8787,0.0528,0.00496,0.2100,0.3604,0.4297,0.9490,0.0534,0.00855
76,311296,3,-3.000,1216.7,2.00,5.00,-0.0035,0.0797,0.8372,0.00945,0.00603,0.0666,0.7252,0.00635,0,0.4910,0.2773,0.2317,0.9118,0.0781,0.00859,0.1169,0.1091,0.7739,0.6206,0.0784,0.00379,0.2783,0.1948,0.5269,0.8824,0.0831,0.00454,0.2148,0.3137,0.4714,0.9341,0.0794,0.00720
77,315392,5,-4.000,823.6,1.00,5.00,-0.0036,0.0930,0.8511,0.00944,0.00422,0.0286,0.5971,0.00684,0,0.5154,0.2124,0.2722,0.9652,0.0889,0.00728,0.1218,0.1040,0.7742,0.5994,0.0903,0.00102,0.2527,0.1836,0.5637,0.8799,0.0952,0.00531,0.2480,0.2922,0.4597,0.9598,0.0976,0.00327
78,319488,4,-3.000,1094.2,1.75,4.75,-0.0033,0.0546,0.8616,0.00943,0.00382,0.0291,0.7828,0.00586,0,0.5303,0.2668,0.2029,0.9523,0.0508,0.00310,0.1318,0.1084,0.7598,0.6488,0.0494,0.00281,0.2693,0.2092,0.5215,0.9150,0.0623,0.00264,0.2791,0.3201,0.4009,0.9304,0.0560,0.00672
79,323584,3,-4.000,1092.3,1.00,5.00,-0.0034,0.0972,0.8777,0.00942,0.00503,0.0274,0.6535,0.00537,0,0.5010,0.2827,0.2163,0.9285,0.0917,0.00429,0.1597,0.1399,0.7004,0.6776,0.0908,0.00281,0.2783,0.2039,0.5178,0.9349,0.1011,0.00627,0.2732,0.3374,0.3894,0.9697,0.1053,0.00673
80,327680,3,-2.667,1449.3,2.00,4.67,-0.0033,0.0656,0.8731,0.00942,0.00480,0.0303,0.6664,0.00439,1,0.5610,0.2607,0.1782,0.9390,0.0532,0.00551,0.1230,0.1008,0.7761,0.6451,0.0602,0.00197,0.3450,0.1992,0.4558,0.9599,0.0758,0.00734,0.2334,0.3313,0.4353,0.9484,0.0733,0.00436
81,331776,3,-3.000,1458.7,2.00,5.00,-0.0039,0.0622,0.9094,0.00941,0.00440,0.0314,0.7334,0.00464,0,0.5391,0.3403,0.1206,0.9378,0.0589,0.00414,0.1672,0.1230,0.7097,0.7296,0.0623,0.00417,0.3816,0.1953,0.4231,1.0043,0.0639,0.00640,0.2854,0.3545,0.3601,0.9660,0.0636,0.00286
82,335872,2,-4.000,1635.0,0.50,4.50,-0.0030,0.0403,0.9196,0.00940,0.00416,0.0395,0.7477,0.00317,1,0.4893,0.3665,0.1443,0.9487,0.0403,0.00544,0.1475,0.1035,0.7490,0.7336,0.0367,0.00422,0.3755,0.2344,0.3901,1.0249,0.0428,0.00274,0.2793,0.3047,0.4160,0.9710,0.0416,0.00426
83,339968,4,-4.250,1082.5,0.75,5.00,-0.0042,0.0662,0.9161,0.00940,0.00543,0.0316,0.7172,0.00562,0,0.4983,0.3398,0.1619,0.9743,0.0631,0.00775,0.2212,0.1394,0.6394,0.7437,0.0627,0.00430,0.3438,0.2393,0.4170,0.9938,0.0747,0.00509,0.2808,0.3567,0.3625,0.9527,0.0643,0.00460
84,344064,3,-3.667,1145.0,1.33,5.00,-0.0034,0.0686,0.9108,0.00939,0.00505,0.0421,0.6645,0.00513,0,0.4841,0.2922,0.2236,1.0051,0.0556,0.00421,0.1440,0.1165,0.7395,0.6645,0.0666,0.00402,0.3262,0.2407,0.4331,1.0164,0.0805,0.00547,0.2727,0.3442,0.3831,0.9573,0.0715,0.00651
85,348160,4,-3.500,1459.8,1.50,5.00,-0.0047,0.0718,0.8587,0.00938,0.00592,0.0496,0.6529,0.00464,0,0.4753,0.3191,0.2056,0.9531,0.0643,0.01185,0.1243,0.1072,0.7686,0.5834,0.0708,0.00344,0.3850,0.2502,0.3647,1.0042,0.0750,0.00473,0.2732,0.3059,0.4209,0.8940,0.0772,0.00365
86,352256,3,-3.000,1375.0,2.00,5.00,-0.0030,0.0554,0.8886,0.00937,0.00311,0.0220,0.6986,0.00513,0,0.5442,0.2761,0.1797,0.9730,0.0464,0.00210,0.1128,0.1082,0.7791,0.6402,0.0500,0.00144,0.3887,0.2544,0.3569,0.9845,0.0636,0.00476,0.2952,0.3152,0.3896,0.9565,0.0613,0.00414
87,356352,3,-4.000,1395.0,1.00,5.00,-0.0034,0.0588,0.8832,0.00937,0.00438,0.0278,0.6924,0.00439,0,0.5383,0.2876,0.1741,0.9361,0.0563,0.00572,0.1428,0.1172,0.7400,0.6599,0.0562,0.00264,0.4119,0.2229,0.3652,1.0082,0.0636,0.00524,0.2900,0.3252,0.3848,0.9287,0.0591,0.00392
88,360448,2,-2.500,1385.0,2.50,5.00,-0.0032,0.0751,0.8898,0.00936,0.00387,0.0325,0.6993,0.00488,0,0.5732,0.2534,0.1733,0.9242,0.0707,0.00366,0.1147,0.1033,0.7820,0.6409,0.0692,0.00224,0.3862,0.2649,0.3489,1.0371,0.0846,0.00402,0.3208,0.3091,0.3701,0.9568,0.0761,0.00557
89,364544,4,-2.500,1171.2,2.50,5.00,-0.0041,0.0636,0.8847,0.00935,0.00639,0.0569,0.7805,0.00708,0,0.5745,0.2300,0.1956,0.9821,0.0584,0.00706,0.1072,0.1162,0.7766,0.6031,0.0615,0.00210,0.3716,0.2673,0.3611,1.0480,0.0685,0.00816,0.3594,0.2832,0.3574,0.9055,0.0657,0.00825
90,368640,4,-4.500,1144.0,0.50,5.00,-0.0035,0.0609,0.8628,0.00934,0.00412,0.0266,0.6904,0.00464,0,0.5381,0.2617,0.2002,0.9751,0.0590,0.00579,0.0952,0.0986,0.8062,0.5228,0.0574,0.00302,0.3242,0.2932,0.3826,1.0557,0.0604,0.00320,0.3755,0.2358,0.3887,0.8978,0.0668,0.00449
91,372736,3,-4.000,1165.0,1.00,5.00,-0.0036,0.0433,0.8556,0.00934,0.00557,0.0455,0.7571,0.00439,0,0.5579,0.2576,0.1846,0.8915,0.0416,0.00913,0.0828,0.1086,0.8086,0.5574,0.0370,0.00208,0.3042,0.3149,0.3809,1.0404,0.0484,0.00529,0.3892,0.2969,0.3140,0.9333,0.0462,0.00581
92,376832,2,-3.000,1649.0,1.50,4.50,-0.0030,0.0508,0.8681,0.00933,0.00351,0.0283,0.7451,0.00366,1,0.6160,0.2173,0.1667,0.9259,0.0521,0.00378,0.1030,0.1309,0.7661,0.6015,0.0476,0.00239,0.2700,0.3025,0.4275,1.0347,0.0533,0.00152,0.3420,0.3135,0.3445,0.9102,0.0500,0.00636
93,380928,4,-4.000,1410.8,1.00,5.00,-0.0030,0.0504,0.8735,0.00932,0.00358,0.0184,0.7529,0.00537,0,0.5679,0.2283,0.2039,0.9517,0.0457,0.00314,0.0845,0.1218,0.7937,0.5972,0.0447,0.00153,0.2444,0.3152,0.4404,1.0336,0.0560,0.00319,0.3816,0.2834,0.3350,0.9115,0.0552,0.00646
94,385024,3,-3.333,1139.7,1.67,5.00,-0.0033,0.0879,0.8740,0.00931,0.00462,0.0352,0.6126,0.00586,0,0.5288,0.2366,0.2346,0.9468,0.0908,0.00558,0.1072,0.1121,0.7808,0.6340,0.0887,0.00296,0.2610,0.2991,0.4399,1.0163,0.0873,0.00649,0.3787,0.2847,0.3367,0.8990,0.0846,0.00343
95,389120,3,-2.667,1450.7,1.67,4.33,-0.0036,0.0575,0.8978,0.00931,0.00463,0.0413,0.6664,0.00366,1,0.5603,0.2393,0.2004,0.9888,0.0583,0.00563,0.1113,0.1331,0.7556,0.6662,0.0552,0.00387,0.2405,0.2698,0.4897,1.0495,0.0588,0.00469,0.3547,0.2825,0.3628,0.8865,0.0576,0.00435
96,393216,4,-4.000,1076.0,1.00,5.00,-0.0039,0.0546,0.9271,0.00930,0.00431,0.0289,0.7446,0.00562,0,0.5049,0.2935,0.2017,0.9561,0.0538,0.00432,0.1409,0.1555,0.7036,0.7337,0.0525,0.00287,0.2466,0.2930,0.4604,1.0578,0.0546,0.00542,0.3865,0.2983,0.3152,0.9608,0.0574,0.00463
97,397312,3,-3.333,1100.0,1.67,5.00,-0.0037,0.0647,0.9183,0.00929,0.00504,0.0372,0.7654,0.00586,0,0.5488,0.2744,0.1768,0.9540,0.0692,0.00386,0.1113,0.1594,0.7292,0.6880,0.0659,0.00406,0.2932,0.3005,0.4062,1.0704,0.0646,0.00729,0.3987,0.2556,0.3457,0.9610,0.0591,0.00493
98,401408,3,-3.333,1487.7,1.67,5.00,-0.0042,0.0878,0.9298,0.00928,0.00389,0.0261,0.6162,0.00488,0,0.5364,0.3176,0.1460,0.9553,0.0919,0.00560,0.1707,0.1589,0.6704,0.7549,0.0869,0.00163,0.3296,0.2996,0.3708,1.0598,0.0872,0.00372,0.4080,0.2673,0.3247,0.9490,0.0851,0.00459
99,405504,3,-2.000,1630.3,3.00,5.00,-0.0040,0.0721,0.9364,0.00928,0.00477,0.0420,0.7156,0.00439,0,0.5178,0.3230,0.1592,0.9738,0.0722,0.00220,0.1692,0.1750,0.6558,0.8041,0.0761,0.00317,0.3303,0.3052,0.3645,1.0408,0.0714,0.00728,0.4346,0.2554,0.3101,0.9267,0.0688,0.00645
100,409600,3,-3.667,1287.0,1.33,5.00,-0.0035,0.0502,0.9608,0.00927,0.00596,0.0436,0.7575,0.00464,0,0.5215,0.3044,0.1741,1.0081,0.0402,0.00755,0.1553,0.2021,0.6426,0.8410,0.0419,0.00400,0.3357,0.3479,0.3164,1.0251,0.0659,0.00639,0.4348,0.2664,0.2988,0.9688,0.0526,0.00591
101,413696,3,-2.667,1343.7,1.67,4.33,-0.0037,0.0743,0.9705,0.00926,0.00469,0.0345,0.6993,0.00488,1,0.4678,0.3416,0.1907,1.0380,0.0744,0.00447,0.1731,0.2031,0.6238,0.8679,0.0749,0.00562,0.3545,0.3254,0.3201,1.0255,0.0717,0.00498,0.4038,0.2761,0.3201,0.9504,0.0763,0.00370
102,417792,3,-4.000,1353.3,1.00,5.00,-0.0042,0.0565,0.9683,0.00925,0.00430,0.0263,0.6895,0.00439,0,0.4338,0.3557,0.2104,1.0401,0.0583,0.00451,0.1860,0.2275,0.5864,0.8438,0.0589,0.00449,0.3118,0.3513,0.3369,1.0123,0.0550,0.00385,0.4324,0.2505,0.3171,0.9769,0.0538,0.00434
103,421888,4,-3.500,1102.2,1.50,5.00,-0.0041,0.0839,0.9459,0.00925,0.00420,0.0153,0.6366,0.00586,0,0.3745,0.4009,0.2246,1.0240,0.0791,0.00267,0.2148,0.2368,0.5483,0.8309,0.0868,0.00158,0.3223,0.3489,0.3289,0.9823,0.0853,0.00677,0.4248,0.2747,0.3005,0.9462,0.0846,0.00576
104,425984,2,-3.000,1576.5,2.00,5.00,-0.0028,0.0625,0.9472,0.00924,0.00416,0.0146,0.7352,0.00439,0,0.3799,0.3792,0.2410,1.0111,0.0605,0.00490,0.1968,0.2329,0.5703,0.8493,0.0577,0.00322,0.3237,0.3281,0.3481,0.9914,0.0671,0.00345,0.3762,0.3015,0.3223,0.9371,0.0648,0.00508
105,430080,4,-3.000,1206.5,1.25,4.25,-0.0016,0.0664,0.9498,0.00923,0.00238,0.0043,0.7240,0.00464,1,0.4199,0.3882,0.1919,1.0101,0.0567,0.00088,0.2388,0.2483,0.5129,0.8665,0.0580,0.00101,0.3298,0.3357,0.3345,0.9761,0.0805,0.00193,0.4004,0.3208,0.2788,0.9465,0.0705,0.00570
106,434176,3,-1.333,1276.0,2.67,4.00,-0.0045,0.0860,0.9371,0.00923,0.00595,0.0510,0.7420,0.00513,0,0.4058,0.3545,0.2397,1.0226,0.0828,0.00500,0.2058,0.2273,0.5669,0.8343,0.0846,0.00223,0.3467,0.3125,0.3408,0.9609,0.0874,0.00929,0.3958,0.2681,0.3362,0.9304,0.0893,0.00727
107,438272,4,-4.000,1116.8,1.00,5.00,-0.0037,0.0735,0.9329,0.00922,0.00467,0.0281,0.6435,0.00537,0,0.3853,0.3896,0.2251,1.0119,0.0722,0.00428,0.2717,0.2329,0.4954,0.8528,0.0725,0.00408,0.3037,0.2983,0.3979,0.9666,0.0791,0.00330,0.4016,0.2993,0.2991,0.9002,0.0702,0.00704
108,442368,4,-4.000,1040.5,1.00,5.00,-0.0045,0.0739,0.9443,0.00921,0.00613,0.0522,0.7049,0.00586,0,0.3728,0.4038,0.2234,1.0064,0.0632,0.00578,0.2236,0.2554,0.5210,0.9060,0.0669,0.00607,0.2739,0.3191,0.4070,0.9811,0.0849,0.00407,0.3425,0.3528,0.3047,0.8836,0.0808,0.00860
109,446464,3,-4.667,1299.7,0.33,5.00,-0.0020,0.0507,0.9680,0.00920,0.00165,0.0056,0.7290,0.00415,0,0.4229,0.3547,0.2224,0.9992,0.0488,0.00210,0.2021,0.2964,0.5015,0.9435,0.0519,0.00215,0.2339,0.3411,0.4250,0.9839,0.0507,0.00098,0.3208,0.3779,0.3013,0.9453,0.0513,0.00135
110,450560,2,-3.000,1836.5,2.00,5.00,-0.0039,0.0390,0.9550,0.00920,0.00387,0.0162,0.7957,0.00366,0,0.3994,0.3306,0.2700,1.0141,0.0350,0.00213,0.1726,0.3113,0.5161,0.8881,0.0383,0.00407,0.2720,0.3279,0.4001,1.0011,0.0442,0.00367,0.3201,0.3418,0.3381,0.9168,0.0385,0.00563
111,454656,4,-4.500,1132.5,0.50,5.00,-0.0024,0.0507,0.9509,0.00919,0.00308,0.0178,0.7115,0.00488,0,0.3752,0.3586,0.2661,1.0163,0.0451,0.00317,0.1680,0.2874,0.5447,0.8944,0.0468,0.00215,0.2522,0.3481,0.3997,0.9914,0.0569,0.00401,0.3425,0.3518,0.3057,0.9015,0.0538,0.00298
112,458752,2,-3.500,1958.0,1.00,4.50,-0.0038,0.0374,0.9713,0.00918,0.00512,0.0262,0.7349,0.00269,1,0.3628,0.3430,0.2942,1.0291,0.0354,0.00701,0.1497,0.3147,0.5356,0.9203,0.0363,0.00415,0.3096,0.3318,0.3586,1.0015,0.0403,0.00384,0.3318,0.3342,0.3340,0.9345,0.0378,0.00547
113,462848,3,-4.333,1174.3,0.67,5.00,-0.0050,0.0468,0.9714,0.00917,0.00517,0.0393,0.7007,0.00513,0,0.4167,0.3372,0.2461,1.0240,0.0472,0.00552,0.1829,0.3306,0.4866,0.9072,0.0497,0.00395,0.2954,0.3206,0.3840,1.0245,0.0478,0.00513,0.3721,0.3403,0.2876,0.9299,0.0426,0.00608
114,466944,3,-3.333,1686.7,1.33,4.67,-0.0040,0.0553,0.9460,0.00917,0.00469,0.0464,0.6851,0.00342,1,0.3518,0.3318,0.3164,0.9951,0.0563,0.00296,0.1536,0.2939,0.5525,0.8957,0.0535,0.00491,0.3176,0.3301,0.3523,0.9987,0.0567,0.00879,0.3420,0.3286,0.3293,0.8944,0.0549,0.00211
115,471040,3,-4.000,1209.0,1.00,5.00,-0.0049,0.0414,0.9523,0.00916,0.00514,0.0362,0.7850,0.00513,0,0.3569,0.3501,0.2930,1.0101,0.0401,0.00787,0.1731,0.3074,0.5195,0.8664,0.0418,0.00398,0.3462,0.3372,0.3167,1.0263,0.0428,0.00451,0.3267,0.3608,0.3125,0.9065,0.0410,0.00419
116,475136,2,-2.000,1657.0,2.00,4.00,-0.0051,0.0493,0.9257,0.00915,0.00509,0.0377,0.7551,0.00317,1,0.3098,0.3301,0.3601,0.9673,0.0424,0.00591,0.1267,0.3047,0.5686,0.8143,0.0445,0.00567,0.3267,0.3674,0.3059,1.0267,0.0539,0.00301,0.3108,0.3452,0.3440,0.8945,0.0564,0.00575
117,479232,3,-1.333,1422.0,2.33,3.67,-0.0033,0.0532,0.9507,0.00914,0.00380,0.0235,0.7776,0.00464,1,0.3320,0.3557,0.3123,0.9837,0.0550,0.00295,0.1501,0.3364,0.5134,0.8647,0.0532,0.00677,0.3337,0.3462,0.3201,1.0445,0.0514,0.00318,0.2874,0.3879,0.3247,0.9099,0.0531,0.00231
118,483328,3,-1.333,1512.3,2.00,3.33,-0.0039,0.0803,0.9419,0.00914,0.00457,0.0320,0.6056,0.00317,1,0.3313,0.3552,0.3135,1.0063,0.0809,0.00487,0.1067,0.3611,0.5322,0.7807,0.0799,0.00363,0.3728,0.3079,0.3193,1.0540,0.0793,0.00313,0.2805,0.3794,0.3401,0.9268,0.0810,0.00666
119,487424,2,-2.000,1981.0,2.50,4.50,-0.0048,0.0549,0.9349,0.00913,0.00644,0.0611,0.6586,0.00317,1,0.2883,0.3630,0.3486,1.0231,0.0585,0.00667,0.0962,0.3306,0.5732,0.7817,0.0600,0.00792,0.3687,0.3264,0.3049,1.0272,0.0499,0.00807,0.2659,0.3679,0.3662,0.9078,0.0513,0.00310
120,491520,2,-4.500,1969.0,0.00,4.50,-0.0025,0.0402,0.9569,0.00912,0.00258,0.0179,0.6980,0.00269,1,0.3145,0.3972,0.2883,1.0325,0.0355,0.00183,0.1399,0.3308,0.5293,0.8502,0.0384,0.00269,0.3914,0.2612,0.3474,1.0340,0.0453,0.00168,0.2739,0.3982,0.3279,0.9109,0.0414,0.00413
121,495616,3,-0.667,1643.0,3.33,4.00,-0.0043,0.0818,0.9557,0.00911,0.00422,0.0435,0.6987,0.00488,0,0.3115,0.3574,0.3311,1.0324,0.0772,0.00467,0.1250,0.3008,0.5742,0.8257,0.0788,0.00279,0.3889,0.3040,0.3071,1.0546,0.0893,0.00578,0.3115,0.3362,0.3523,0.9101,0.0820,0.00364
122,499712,3,0.667,1152.0,3.67,3.00,-0.0035,0.0683,0.9566,0.00911,0.00420,0.0224,0.7918,0.00513,0,0.3037,0.3594,0.3369,1.0600,0.0645,0.00391,0.1404,0.2869,0.5728,0.8575,0.0645,0.00516,0.3892,0.2815,0.3293,1.0303,0.0750,0.00391,0.2803,0.3145,0.4053,0.8787,0.0692,0.00381
123,503808,2,-4.000,1931.0,0.50,4.50,-0.0037,0.0838,0.9518,0.00910,0.00506,0.0366,0.5769,0.00293,1,0.3257,0.3440,0.3303,1.0506,0.0867,0.00274,0.1125,0.3303,0.5571,0.8534,0.0843,0.00590,0.3882,0.2517,0.3601,1.0003,0.0820,0.00489,0.3086,0.3279,0.3635,0.9029,0.0821,0.00671
124,507904,2,-1.500,1864.5,2.50,4.00,-0.0033,0.0426,0.9637,0.00909,0.00478,0.0364,0.7344,0.00317,1,0.3228,0.3655,0.3118,1.0579,0.0445,0.00412,0.1267,0.3760,0.4973,0.8792,0.0410,0.00215,0.4121,0.2461,0.3418,1.0132,0.0420,0.00571,0.2678,0.3323,0.3999,0.9043,0.0429,0.00714
125,512000,3,-0.667,1745.0,3.00,3.67,-0.0058,0.0424,0.9635,0.00909,0.00743,0.0737,0.7526,0.00391,1,0.3428,0.3604,0.2969,1.0567,0.0452,0.00696,0.1304,0.3518,0.5178,0.8662,0.0463,0.01001,0.3547,0.2949,0.3503,1.0022,0.0354,0.00505,0.3186,0.3462,0.3352,0.9287,0.0427,0.00770
126,516096,2,-1.500,1957.0,3.00,4.50,-0.0031,0.0598,0.9321,0.00908,0.00325,0.0140,0.7842,0.00415,1,0.3237,0.3799,0.2964,1.0547,0.0558,0.00361,0.1836,0.2798,0.5366,0.8350,0.0552,0.00331,0.3723,0.3076,0.3201,0.9796,0.0617,0.00311,0.3345,0.3242,0.3413,0.8590,0.0665,0.00297
127,520192,3,1.000,1239.7,3.67,2.67,-0.0036,0.1067,0.9466,0.00907,0.00307,0.0146,0.6452,0.00439,0,0.3323,0.3586,0.3091,1.0620,0.1143,0.00611,0.1411,0.3076,0.5513,0.8391,0.1084,0.00217,0.4192,0.2761,0.3047,0.9864,0.1019,0.00237,0.3362,0.3127,0.3511,0.8990,0.1021,0.00163
128,524288,3,-3.667,1474.7,1.00,4.67,-0.0041,0.0427,0.9632,0.00906,0.00439,0.0345,0.7488,0.00439,1,0.3574,0.3550,0.2876,1.0558,0.0380,0.00220,0.1411,0.3328,0.5261,0.8577,0.0425,0.00181,0.3618,0.3154,0.3228,1.0304,0.0448,0.00622,0.3330,0.3674,0.2996,0.9089,0.0455,0.00733
129,528384,3,-4.000,1324.3,1.00,5.00,-0.0043,0.0698,0.9527,0.00906,0.00467,0.0408,0.6570,0.00439,0,0.3694,0.3376,0.2930,1.0582,0.0673,0.00278,0.1306,0.3196,0.5498,0.8302,0.0677,0.00354,0.3804,0.2920,0.3276,1.0245,0.0726,0.00649,0.3296,0.3591,0.3113,0.8980,0.0717,0.00588
130,532480,2,-2.500,1974.5,2.00,4.50,-0.0043,0.0615,0.9296,0.00905,0.00488,0.0463,0.6413,0.00317,1,0.3667,0.3250,0.3083,1.0607,0.0599,0.00619,0.1108,0.3101,0.5791,0.7879,0.0610,0.00184,0.4009,0.2683,0.3308,0.9966,0.0621,0.00664,0.3401,0.2866,0.3733,0.8733,0.0632,0.00482
131,536576,2,-1.500,1898.5,3.00,4.50,-0.0029,0.0635,0.9491,0.00904,0.00465,0.0273,0.6874,0.00415,1,0.3618,0.3240,0.3142,1.0701,0.0588,0.00486,0.1021,0.3232,0.5747,0.8181,0.0636,0.00066,0.3801,0.2627,0.3572,1.0025,0.0673,0.00397,0.3684,0.3162,0.3154,0.9056,0.0642,0.00911
132,540672,2,-3.000,1715.0,1.50,4.50,-0.0038,0.0775,0.9386,0.00903,0.00532,0.0344,0.6368,0.00293,1,0.3960,0.2869,0.3171,1.0521,0.0767,0.00745,0.0815,0.3059,0.6125,0.7887,0.0798,0.00415,0.3701,0.2971,0.3328,1.0196,0.0743,0.00646,0.4126,0.2729,0.3145,0.8941,0.0791,0.00322
133,544768,3,-1.333,1527.7,2.67,4.00,-0.0041,0.0695,0.9243,0.00903,0.00586,0.0485,0.7294,0.00513,1,0.4314,0.2927,0.2759,1.0379,0.0655,0.00376,0.1184,0.2915,0.5901,0.8165,0.0686,0.00391,0.3206,0.3091,0.3704,0.9795,0.0740,0.00749,0.3899,0.3042,0.3059,0.8631,0.0697,0.00828
134,548864,3,-3.333,1634.3,1.67,5.00,-0.0031,0.0371,0.9494,0.00902,0.00351,0.0278,0.7469,0.00391,0,0.4216,0.2947,0.2837,1.0558,0.0375,0.00342,0.1467,0.2678,0.5854,0.8225,0.0370,0.00120,0.3264,0.3186,0.3550,1.0145,0.0382,0.00166,0.4583,0.2771,0.2646,0.9048,0.0357,0.00777
135,552960,2,-2.000,1854.5,2.50,4.50,-0.0042,0.0630,0.9150,0.00901,0.00508,0.0251,0.6531,0.00342,1,0.3843,0.2769,0.3389,1.0585,0.0627,0.00685,0.0989,0.2437,0.6575,0.7319,0.0627,0.00380,0.3621,0.3042,0.3337,1.0035,0.0642,0.00486,0.3833,0.2773,0.3394,0.8660,0.0625,0.00482
136,557056,3,-4.333,1333.7,0.67,5.00,-0.0045,0.0908,0.9290,0.00900,0.00487,0.0390,0.6653,0.00513,0,0.3945,0.3081,0.2974,1.0485,0.0965,0.00699,0.1926,0.2095,0.5979,0.8163,0.0970,0.00447,0.3018,0.3450,0.3533,0.9871,0.0852,0.00538,0.4326,0.2793,0.2881,0.8641,0.0846,0.00263
137,561152,3,-3.667,1122.0,1.33,5.00,-0.0036,0.0649,0.9479,0.00900,0.00389,0.0278,0.7198,0.00513,0,0.3989,0.3149,0.2861,1.0634,0.0639,0.00173,0.1306,0.2632,0.6062,0.8377,0.0616,0.00468,0.2991,0.3623,0.3386,0.9927,0.0674,0.00305,0.4121,0.2834,0.3044,0.8979,0.0667,0.00609
138,565248,3,-3.667,1658.0,1.33,5.00,-0.0054,0.0371,0.9655,0.00899,0.00638,0.0444,0.7388,0.00391,0,0.3909,0.3218,0.2874,1.0559,0.0350,0.00909,0.1553,0.2700,0.5747,0.8796,0.0341,0.00150,0.2952,0.3530,0.3518,0.9969,0.0399,0.00723,0.3831,0.3306,0.2864,0.9296,0.0395,0.00772
139,569344,3,-3.333,1350.0,1.67,5.00,-0.0032,0.0512,0.9624,0.00898,0.00491,0.0258,0.7490,0.00464,0,0.3557,0.3386,0.3057,1.0450,0.0501,0.00484,0.1577,0.2742,0.5681,0.8611,0.0497,0.00208,0.2874,0.3855,0.3271,0.9817,0.0536,0.00660,0.3723,0.3369,0.2908,0.9616,0.0514,0.00614
140,573440,3,-3.667,1325.0,0.33,4.00,-0.0047,0.0374,0.9607,0.00897,0.00460,0.0345,0.7512,0.00293,1,0.3325,0.3618,0.3057,1.0496,0.0397,0.00435,0.1663,0.2849,0.5488,0.8735,0.0376,0.00419,0.2549,0.4204,0.3247,0.9826,0.0376,0.00543,0.3796,0.3416,0.2788,0.9372,0.0347,0.00442
141,577536,2,-3.500,1630.0,1.00,4.50,-0.0047,0.0301,0.9311,0.00897,0.00549,0.0358,0.8204,0.00342,1,0.3086,0.3691,0.3223,1.0439,0.0297,0.00816,0.1619,0.2720,0.5662,0.7917,0.0299,0.00561,0.2649,0.3821,0.3530,0.9557,0.0307,0.00289,0.3557,0.3296,0.3147,0.9333,0.0302,0.00531
142,581632,3,-1.667,1703.3,2.00,3.67,-0.0033,0.0548,0.9203,0.00896,0.00343,0.0132,0.7428,0.00391,2,0.2639,0.3618,0.3743,1.0364,0.0522,0.00200,0.1223,0.2329,0.6448,0.8208,0.0488,0.00382,0.2837,0.3799,0.3364,0.9194,0.0601,0.00457,0.3472,0.2937,0.3591,0.9045,0.0582,0.00334
143,585728,2,-1.500,1802.5,2.00,3.50,-0.0038,0.0338,0.9482,0.00895,0.00431,0.0336,0.8126,0.00293,1,0.2686,0.3862,0.3452,1.0407,0.0332,0.00484,0.1868,0.2554,0.5579,0.8903,0.0359,0.00500,0.2610,0.4253,0.3137,0.9410,0.0346,0.00309,0.3601,0.3394,0.3005,0.9207,0.0317,0.00431
144,589824,4,-2.750,1320.2,2.25,5.00,-0.0028,0.0450,0.9339,0.00895,0.00427,0.0187,0.8409,0.00586,0,0.2605,0.3884,0.3511,1.0376,0.0487,0.00270,0.1685,0.2864,0.5452,0.8724,0.0479,0.00540,0.2781,0.4224,0.2996,0.9340,0.0420,0.00195,0.3396,0.3342,0.3262,0.8917,0.0412,0.00702
145,593920,2,-4.500,1667.0,0.50,5.00,-0.0040,0.0342,0.9095,0.00894,0.00559,0.0360,0.8138,0.00269,0,0.2603,0.3789,0.3608,0.9940,0.0330,0.00524,0.1953,0.2402,0.5645,0.8326,0.0343,0.00415,0.2666,0.4001,0.3333,0.9044,0.0351,0.00793,0.2976,0.3599,0.3425,0.9072,0.0344,0.00502
146,598016,2,-3.500,1690.5,0.50,4.00,-0.0045,0.0387,0.9021,0.00893,0.00576,0.0414,0.8138,0.00366,1,0.2708,0.3870,0.3423,1.0101,0.0363,0.00632,0.1672,0.2395,0.5933,0.8427,0.0403,0.00504,0.2922,0.4229,0.2849,0.8346,0.0408,0.00443,0.2656,0.3972,0.3372,0.9212,0.0372,0.00726
147,602112,3,1.000,1523.7,4.00,3.00,-0.0028,0.0371,0.8769,0.00892,0.00339,0.0195,0.8654,0.00488,0,0.2622,0.3838,0.3540,0.9758,0.0359,0.00444,0.1394,0.2288,0.6318,0.8245,0.0381,0.00426,0.3857,0.3728,0.2415,0.8635,0.0389,0.00281,0.2761,0.3240,0.3999,0.8440,0.0354,0.00205
148,606208,2,2.000,2000.0,4.00,2.00,-0.0039,0.0545,0.9168,0.00892,0.00559,0.0500,0.6937,0.00244,2,0.2729,0.3699,0.3572,0.9958,0.0511,0.00602,0.1824,0.2361,0.5815,0.8317,0.0541,0.00421,0.3411,0.3806,0.2783,0.9203,0.0562,0.00719,0.3125,0.3235,0.3640,0.9192,0.0565,0.00496
149,610304,2,-3.000,1853.0,1.50,4.50,-0.0032,0.0477,0.9128,0.00891,0.00327,0.0125,0.7462,0.00366,1,0.2517,0.4119,0.3364,0.9762,0.0443,0.00462,0.1897,0.2644,0.5459,0.8622,0.0447,0.00352,0.2764,0.4050,0.3186,0.9386,0.0509,0.00368,0.2764,0.3635,0.3601,0.8741,0.0510,0.00128
150,614400,3,-1.000,1841.3,2.67,3.67,-0.0034,0.0258,0.9263,0.00890,0.00351,0.0323,0.8244,0.00317,2,0.2598,0.4285,0.3118,0.9489,0.0240,0.00385,0.1555,0.2939,0.5505,0.8676,0.0243,0.00374,0.2852,0.3975,0.3174,0.9662,0.0290,0.00538,0.3098,0.3469,0.3433,0.9224,0.0258,0.00107
151,618496,2,-4.000,1713.0,1.00,5.00,-0.0046,0.0292,0.9244,0.00889,0.00437,0.0324,0.7631,0.00342,0,0.2400,0.4448,0.3152,0.9276,0.0281,0.00524,0.1711,0.2891,0.5398,0.8815,0.0278,0.00298,0.2585,0.4011,0.3403,0.9612,0.0316,0.00556,0.3130,0.3601,0.3269,0.9271,0.0292,0.00370
152,622592,2,-2.000,1924.5,2.50,4.50,-0.0042,0.0525,0.9030,0.00889,0.00386,0.0338,0.7257,0.00415,1,0.2131,0.4570,0.3298,0.9152,0.0503,0.00244,0.2129,0.2720,0.5151,0.8582,0.0517,0.00101,0.3342,0.3503,0.3154,0.9659,0.0552,0.00634,0.2717,0.3660,0.3623,0.8728,0.0529,0.00564
153,626688,2,0.500,1626.5,3.50,3.00,-0.0038,0.0246,0.9528,0.00888,0.00502,0.0387,0.8585,0.00269,1,0.2290,0.4329,0.3381,0.9707,0.0245,0.00586,0.1797,0.3040,0.5164,0.9145,0.0216,0.00536,0.2917,0.3730,0.3352,0.9889,0.0272,0.00619,0.3315,0.3323,0.3362,0.9372,0.0250,0.00265
154,630784,3,-2.333,1974.7,2.00,4.33,-0.0035,0.0521,0.9414,0.00887,0.00398,0.0402,0.7170,0.00391,1,0.2458,0.4001,0.3540,0.9823,0.0494,0.00701,0.1448,0.3350,0.5203,0.8633,0.0491,0.00385,0.3267,0.3452,0.3281,0.9862,0.0550,0.00127,0.3315,0.3027,0.3657,0.9338,0.0550,0.00380
155,634880,2,-3.000,1510.0,1.00,4.00,-0.0045,0.0419,0.9656,0.00886,0.00589,0.0609,0.7801,0.00293,1,0.2502,0.4448,0.3049,0.9927,0.0424,0.00447,0.1465,0.3540,0.4995,0.9194,0.0390,0.00726,0.3254,0.3555,0.3191,1.0046,0.0448,0.00289,0.3157,0.3550,0.3293,0.9457,0.0413,0.00895
156,638976,3,-2.000,1737.7,2.00,4.00,-0.0031,0.0446,0.9695,0.00886,0.00414,0.0278,0.7909,0.00391,1,0.2788,0.4077,0.3135,1.0077,0.0472,0.00224,0.1440,0.3845,0.4714,0.9181,0.0503,0.00415,0.3193,0.3503,0.3303,1.0142,0.0418,0.00508,0.3638,0.3040,0.3323,0.9382,0.0391,0.00509
157,643072,2,1.500,2000.0,3.50,2.00,-0.0032,0.0359,0.9557,0.00885,0.00310,0.0240,0.7419,0.00269,2,0.2905,0.3799,0.3296,0.9691,0.0365,0.00547,0.1604,0.3843,0.4553,0.8927,0.0343,0.00152,0.3391,0.3423,0.3186,1.0230,0.0364,0.00342,0.3774,0.2856,0.3369,0.9380,0.0364,0.00200
158,647168,2,2.000,1685.0,3.50,1.50,-0.0022,0.0547,0.9707,0.00884,0.00272,0.0040,0.7112,0.00317,1,0.2634,0.4358,0.3008,0.9820,0.0537,0.00329,0.1587,0.4155,0.4258,0.9531,0.0506,0.00384,0.3745,0.3315,0.2939,1.0233,0.0593,0.00182,0.3689,0.2947,0.3364,0.9245,0.0552,0.00195
159,651264,2,1.500,2000.0,3.50,2.00,-0.0046,0.0409,0.9717,0.00883,0.00402,0.0369,0.6474,0.00269,2,0.2498,0.4541,0.2961,0.9888,0.0383,0.00694,0.1958,0.4055,0.3987,0.8988,0.0336,0.00222,0.3594,0.3376,0.3030,1.0454,0.0452,0.00449,0.3628,0.3123,0.3250,0.9539,0.0465,0.00244
160,655360,2,-0.500,2000.0,2.50,3.00,-0.0047,0.0356,0.9760,0.00883,0.00680,0.0571,0.5842,0.00195,2,0.3062,0.3972,0.2966,0.9913,0.0366,0.00671,0.1680,0.4524,0.3796,0.9039,0.0340,0.00601,0.3423,0.3430,0.3147,1.0544,0.0353,0.00429,0.3582,0.2959,0.3459,0.9544,0.0366,0.01016
161,659456,3,-3.333,1609.3,1.00,4.33,-0.0030,0.0685,0.9541,0.00882,0.00438,0.0328,0.4801,0.00391,1,0.3088,0.3835,0.3076,0.9689,0.0675,0.00474,0.2014,0.3762,0.4224,0.8418,0.0720,0.00324,0.3513,0.3447,0.3040,1.0685,0.0647,0.00652,0.3306,0.3330,0.3364,0.9372,0.0697,0.00303
162,663552,2,-3.500,1881.0,1.00,4.50,-0.0048,0.0529,0.9810,0.00881,0.00764,0.0646,0.5533,0.00293,1,0.3081,0.4070,0.2849,0.9952,0.0552,0.00595,0.1807,0.4231,0.3962,0.8944,0.0509,0.00817,0.3481,0.3403,0.3115,1.0482,0.0570,0.00794,0.3174,0.3523,0.3303,0.9862,0.0486,0.00849
163,667648,2,2.500,1934.5,4.00,1.50,-0.0030,0.0535,0.9573,0.00880,0.00271,0.0132,0.6962,0.00269,1,0.3237,0.3845,0.2917,0.9950,0.0530,0.00334,0.1472,0.4519,0.4009,0.8430,0.0538,0.00254,0.3577,0.3528,0.2896,1.0536,0.0534,0.00087,0.3396,0.3276,0.3328,0.9375,0.0537,0.00409
164,671744,2,2.000,1959.5,3.50,1.50,-0.0041,0.0433,0.9627,0.00880,0.00534,0.0359,0.6138,0.00244,1,0.2944,0.4294,0.2761,0.9494,0.0449,0.00773,0.1348,0.4792,0.3860,0.8628,0.0436,0.00314,0.3328,0.3845,0.2827,1.0623,0.0408,0.00488,0.3499,0.3381,0.3120,0.9763,0.0437,0.00563
165,675840,2,1.500,2000.0,3.00,1.50,-0.0037,0.0613,0.9369,0.00879,0.00435,0.0287,0.5966,0.00293,2,0.2878,0.3970,0.3152,0.9527,0.0633,0.00257,0.1548,0.4539,0.3914,0.7953,0.0595,0.00498,0.3645,0.3298,0.3057,1.0428,0.0607,0.00566,0.3284,0.3301,0.3416,0.9570,0.0617,0.00420
166,679936,2,2.000,2000.0,2.50,0.50,-0.0046,0.0406,0.9406,0.00878,0.00602,0.0493,0.4501,0.00122,2,0.2361,0.4739,0.2900,0.9404,0.0405,0.00330,0.1567,0.4990,0.3442,0.8260,0.0406,0.00794,0.3533,0.3416,0.3052,1.0326,0.0391,0.00454,0.3228,0.3540,0.3232,0.9632,0.0423,0.00828
167,684032,2,1.000,2000.0,3.00,2.00,-0.0031,0.0430,0.9586,0.00878,0.00421,0.0244,0.5321,0.00195,2,0.2957,0.4062,0.2981,0.9675,0.0414,0.00444,0.0991,0.6047,0.2961,0.8707,0.0418,0.00513,0.3994,0.2966,0.3040,1.0411,0.0464,0.00214,0.3567,0.2878,0.3555,0.9549,0.0425,0.00512
168,688128,2,2.500,2000.0,3.50,1.00,-0.0031,0.0360,0.9343,0.00877,0.00422,0.0189,0.5155,0.00220,2,0.2622,0.4287,0.3091,0.9682,0.0388,0.00331,0.1438,0.5178,0.3384,0.8263,0.0351,0.00491,0.4038,0.2971,0.2991,1.0181,0.0337,0.00404,0.3530,0.2913,0.3557,0.9248,0.0363,0.00461
169,692224,2,-1.500,2000.0,1.50,3.00,-0.0040,0.0618,0.9445,0.00876,0.00352,0.0317,0.3391,0.00293,2,0.2241,0.4482,0.3276,0.9011,0.0656,0.00662,0.1367,0.4993,0.3640,0.8447,0.0634,0.00220,0.3833,0.3086,0.3081,1.0344,0.0597,0.00366,0.3799,0.3276,0.2925,0.9979,0.0586,0.00162
170,696320,2,-0.500,2000.0,2.00,2.50,-0.0050,0.0314,0.9134,0.00875,0.00533,0.0366,0.5507,0.00146,2,0.2063,0.4766,0.3171,0.8871,0.0308,0.00330,0.1753,0.4568,0.3679,0.8236,0.0324,0.00554,0.3894,0.3176,0.2930,1.0229,0.0313,0.00676,0.3540,0.3337,0.3123,0.9199,0.0312,0.00571
171,700416,2,-2.500,2000.0,1.00,3.50,-0.0044,0.0518,0.9413,0.00875,0.00455,0.0330,0.5611,0.00293,2,0.2239,0.4451,0.3311,0.9328,0.0496,0.00517,0.1318,0.4688,0.3994,0.8516,0.0535,0.00621,0.3909,0.3132,0.2959,1.0444,0.0521,0.00264,0.3696,0.2815,0.3489,0.9364,0.0521,0.00417
172,704512,2,1.500,2000.0,2.50,1.00,-0.0046,0.0389,0.9425,0.00874,0.00433,0.0440,0.5205,0.00146,2,0.2056,0.4910,0.3035,0.9016,0.0377,0.00616,0.1299,0.5034,0.3667,0.8464,0.0363,0.00220,0.3640,0.3354,0.3005,1.0454,0.0405,0.00622,0.3838,0.2908,0.3254,0.9765,0.0411,0.00274
173,708608,2,-1.500,2000.0,1.00,2.50,-0.0041,0.0446,0.9338,0.00873,0.00449,0.0425,0.5148,0.00244,2,0.2380,0.4353,0.3267,0.9202,0.0452,0.00464,0.1287,0.4773,0.3940,0.8385,0.0451,0.00654,0.3474,0.3228,0.3298,1.0255,0.0441,0.00422,0.3557,0.2761,0.3682,0.9510,0.0440,0.00257
174,712704,2,0.000,2000.0,2.00,2.00,-0.0030,0.0272,0.9460,0.00872,0.00348,0.0209,0.5605,0.00171,2,0.2778,0.3967,0.3254,0.9498,0.0270,0.00264,0.1216,0.4578,0.4207,0.7944,0.0280,0.00505,0.3379,0.3237,0.3384,1.0370,0.0269,0.00334,0.3501,0.2837,0.3662,1.0027,0.0267,0.00290
175,716800,3,-0.667,2000.0,1.67,2.33,-0.0033,0.0333,0.9375,0.00872,0.00337,0.0259,0.4791,0.00171,3,0.2087,0.5227,0.2686,0.8389,0.0330,0.00303,0.1289,0.5107,0.3604,0.8843,0.0329,0.00495,0.3015,0.3799,0.3186,1.0421,0.0337,0.00151,0.3677,0.3088,0.3235,0.9848,0.0337,0.00399
176,720896,2,0.000,2000.0,1.50,1.50,-0.0065,0.0373,0.9438,0.00871,0.00645,0.0582,0.4615,0.00146,2,0.2122,0.4651,0.3228,0.9040,0.0354,0.00421,0.1479,0.4509,0.4011,0.8689,0.0360,0.00587,0.3259,0.3496,0.3245,1.0466,0.0382,0.00621,0.3530,0.3008,0.3462,0.9557,0.0396,0.00951
177,724992,2,-1.500,2000.0,1.00,2.50,-0.0045,0.0330,0.9445,0.00870,0.00561,0.0574,0.5935,0.00171,2,0.2341,0.4661,0.2998,0.9243,0.0335,0.00650,0.1680,0.4277,0.4043,0.8575,0.0332,0.00532,0.3142,0.3579,0.3279,1.0500,0.0330,0.00397,0.2927,0.3386,0.3687,0.9461,0.0325,0.00667
178,729088,2,-0.500,2000.0,1.50,2.00,-0.0043,0.0422,0.9513,0.00869,0.00614,0.0516,0.5300,0.00171,2,0.2800,0.4033,0.3167,0.9345,0.0437,0.00566,0.1260,0.4399,0.4341,0.8608,0.0411,0.00564,0.3435,0.3232,0.3333,1.0422,0.0421,0.00532,0.2683,0.3357,0.3960,0.9677,0.0421,0.00795
179,733184,2,-0.500,2000.0,2.00,2.50,-0.0040,0.0548,0.9426,0.00869,0.00393,0.0248,0.4685,0.00244,2,0.2463,0.4834,0.2703,0.8873,0.0535,0.00267,0.1235,0.5032,0.3733,0.8858,0.0543,0.00218,0.3271,0.3250,0.3479,1.0354,0.0574,0.00449,0.2737,0.3184,0.4080,0.9619,0.0541,0.00640
180,737280,2,-3.500,2000.0,0.50,4.00,-0.0045,0.0334,0.9467,0.00868,0.00630,0.0695,0.5847,0.00220,2,0.2927,0.4302,0.2771,0.9317,0.0328,0.00546,0.1101,0.4807,0.4092,0.8755,0.0360,0.00377,0.3130,0.3376,0.3494,1.0174,0.0317,0.00812,0.2935,0.3230,0.3835,0.9623,0.0333,0.00783
181,741376,2,0.000,2000.0,2.50,2.50,-0.0037,0.0508,0.9257,0.00867,0.00410,0.0274,0.4387,0.00220,2,0.2583,0.4727,0.2690,0.8653,0.0506,0.00192,0.1423,0.4587,0.3989,0.8728,0.0485,0.00106,0.2742,0.3535,0.3723,0.9862,0.0533,0.00506,0.3015,0.3115,0.3870,0.9784,0.0509,0.00835
182,745472,2,-1.500,2000.0,0.00,1.50,-0.0054,0.0283,0.8919,0.00866,0.00539,0.0370,0.4754,0.00098,2,0.2612,0.4587,0.2800,0.8238,0.0302,0.00359,0.1372,0.4482,0.4146,0.8637,0.0272,0.00655,0.2776,0.3489,0.3735,0.9766,0.0270,0.00446,0.2625,0.3140,0.4236,0.9037,0.0289,0.00696
183,749568,2,-0.500,2000.0,1.00,1.50,-0.0047,0.0309,0.9190,0.00866,0.00526,0.0541,0.3997,0.00122,2,0.3264,0.4072,0.2664,0.8926,0.0288,0.00700,0.0994,0.4941,0.4065,0.8565,0.0303,0.00496,0.2769,0.3406,0.3826,0.9859,0.0303,0.00590,0.2422,0.3198,0.4380,0.9409,0.0344,0.00318
184,753664,2,-0.500,2000.0,2.00,2.50,-0.0039,0.0380,0.9309,0.00865,0.00499,0.0500,0.5539,0.00244,2,0.2778,0.4744,0.2478,0.8783,0.0393,0.00081,0.1179,0.4797,0.4023,0.8789,0.0374,0.00508,0.3125,0.3618,0.3257,0.9830,0.0388,0.00682,0.2954,0.3420,0.3625,0.9832,0.0364,0.00723
185,757760,2,-1.000,2000.0,2.00,3.00,-0.0041,0.0332,0.9490,0.00864,0.00540,0.0402,0.6612,0.00244,2,0.3049,0.4385,0.2566,0.9204,0.0326,0.00489,0.1091,0.5095,0.3813,0.9025,0.0302,0.00273,0.3252,0.3530,0.3218,0.9931,0.0354,0.00788,0.3420,0.3157,0.3423,0.9800,0.0347,0.00608
186,761856,2,-0.500,2000.0,1.00,1.50,-0.0043,0.0275,0.9009,0.00864,0.00495,0.0423,0.5132,0.00098,2,0.2644,0.5007,0.2349,0.8345,0.0279,0.00400,0.1238,0.4954,0.3809,0.8872,0.0252,0.00776,0.3403,0.3584,0.3013,0.9346,0.0282,0.00419,0.3206,0.3176,0.3618,0.9473,0.0285,0.00385
187,765952,2,-1.000,2000.0,1.50,2.50,-0.0052,0.0558,0.8779,0.00863,0.00472,0.0463,0.4239,0.00244,2,0.2646,0.4717,0.2637,0.8277,0.0569,0.00423,0.1328,0.4421,0.4250,0.8375,0.0524,0.00399,0.3367,0.3423,0.3210,0.9543,0.0584,0.00341,0.3372,0.2913,0.3716,0.8919,0.0558,0.00726
188,770048,2,-2.000,2000.0,1.00,3.00,-0.0035,0.0248,0.8140,0.00862,0.00524,0.0508,0.5864,0.00146,2,0.2593,0.4363,0.3044,0.7280,0.0237,0.00443,0.1118,0.4412,0.4470,0.7482,0.0224,0.00463,0.3352,0.3149,0.3499,0.9204,0.0267,0.00446,0.3408,0.2827,0.3765,0.8593,0.0264,0.00743
189,774144,2,-1.000,2000.0,0.50,1.50,-0.0031,0.0266,0.9147,0.00861,0.00370,0.0153,0.5166,0.00122,2,0.3066,0.4153,0.2781,0.9100,0.0247,0.00446,0.1133,0.4636,0.4231,0.8391,0.0237,0.00339,0.3840,0.3059,0.3101,0.9739,0.0296,0.00425,0.4431,0.2500,0.3069,0.9356,0.0282,0.00270
190,778240,2,-0.500,2000.0,1.50,2.00,-0.0043,0.0368,0.8453,0.00861,0.00422,0.0239,0.5422,0.00195,2,0.2607,0.4343,0.3049,0.7408,0.0380,0.00297,0.1123,0.4517,0.4360,0.8110,0.0364,0.00242,0.3562,0.2947,0.3491,0.9750,0.0362,0.00653,0.3442,0.2659,0.3899,0.8543,0.0368,0.00497
191,782336,2,1.000,2000.0,2.50,1.50,-0.0035,0.0515,0.8888,0.00860,0.00402,0.0355,0.4486,0.00220,2,0.2717,0.4258,0.3025,0.8650,0.0530,0.00147,0.1252,0.4451,0.4297,0.8173,0.0534,0.00829,0.3420,0.3176,0.3403,0.9668,0.0499,0.00175,0.3613,0.2605,0.3782,0.9063,0.0495,0.00458
192,786432,2,0.000,2000.0,1.50,1.50,-0.0039,0.0261,0.8627,0.00859,0.00512,0.0518,0.3919,0.00098,2,0.2434,0.4338,0.3228,0.7953,0.0273,0.00407,0.1079,0.4717,0.4204,0.8164,0.0257,0.00747,0.3701,0.3052,0.3247,0.9624,0.0244,0.00610,0.3425,0.2639,0.3936,0.8767,0.0268,0.00286
193,790528,2,0.000,2000.0,1.50,1.50,-0.0045,0.0361,0.8703,0.00858,0.00603,0.0632,0.4029,0.00146,2,0.2668,0.4202,0.3130,0.8381,0.0348,0.00778,0.1091,0.4436,0.4473,0.8318,0.0371,0.00639,0.3748,0.2776,0.3477,0.9603,0.0348,0.00559,0.3259,0.2666,0.4075,0.8509,0.0378,0.00436
194,794624,2,1.500,2000.0,1.50,0.00,-0.0038,0.0317,0.8458,0.00858,0.00371,0.0287,0.3280,0.00122,2,0.2698,0.4399,0.2903,0.7637,0.0307,0.00439,0.1311,0.4250,0.4438,0.7937,0.0310,0.00599,0.3662,0.3098,0.3240,0.9445,0.0336,0.00319,0.3025,0.2781,0.4194,0.8812,0.0314,0.00128
195,798720,3,1.000,2000.0,2.00,1.00,-0.0034,0.0257,0.8925,0.00857,0.00364,0.0209,0.4805,0.00122,3,0.2729,0.4729,0.2542,0.8126,0.0261,0.00232,0.1096,0.4521,0.4382,0.8440,0.0254,0.00370,0.3945,0.3062,0.2993,0.9684,0.0250,0.00506,0.3262,0.2883,0.3855,0.9449,0.0262,0.00348
196,802816,2,2.500,1992.5,3.50,1.00,-0.0046,0.0601,0.8275,0.00856,0.00436,0.0335,0.3642,0.00220,1,0.2432,0.4482,0.3086,0.7107,0.0591,0.00289,0.1238,0.4241,0.4521,0.7963,0.0628,0.00457,0.3691,0.3076,0.3232,0.9507,0.0581,0.00703,0.2935,0.2639,0.4426,0.8521,0.0603,0.00294
197,806912,2,-0.500,2000.0,1.00,1.50,-0.0037,0.0273,0.9067,0.00855,0.00422,0.0320,0.4488,0.00146,2,0.3032,0.4463,0.2505,0.8962,0.0262,0.00423,0.1201,0.4260,0.4539,0.8845,0.0276,0.00328,0.4148,0.2883,0.2969,0.9521,0.0265,0.00368,0.3315,0.2773,0.3911,0.8939,0.0287,0.00569
198,811008,2,-1.000,2000.0,0.50,1.50,-0.0036,0.0245,0.8344,0.00855,0.00438,0.0362,0.3291,0.00073,2,0.2322,0.4863,0.2815,0.7107,0.0208,0.00401,0.1372,0.4075,0.4553,0.8294,0.0224,0.00398,0.3650,0.3049,0.3301,0.9201,0.0280,0.00440,0.3171,0.2908,0.3921,0.8776,0.0269,0.00511
199,815104,2,0.000,2000.0,1.00,1.00,-0.0031,0.0325,0.8451,0.00854,0.00424,0.0321,0.2371,0.00098,2,0.2493,0.4746,0.2761,0.7372,0.0324,0.00404,0.1494,0.4072,0.4434,0.8606,0.0327,0.00213,0.4219,0.2712,0.3069,0.9037,0.0325,0.00699,0.3408,0.2710,0.3882,0.8788,0.0324,0.00382
200,819200,2,-0.500,2000.0,1.00,1.50,-0.0041,0.0356,0.8758,0.00853,0.00398,0.0426,0.3991,0.00146,2,0.2839,0.4727,0.2434,0.8101,0.0353,0.00400,0.1389,0.4238,0.4373,0.8583,0.0337,0.00501,0.3918,0.2942,0.3140,0.9389,0.0363,0.00315,0.3853,0.2722,0.3425,0.8959,0.0372,0.00378
201,823296,2,-1.000,2000.0,0.50,1.50,-0.0050,0.0140,0.8480,0.00852,0.00497,0.0456,0.4540,0.00073,2,0.2515,0.4692,0.2793,0.7825,0.0129,0.00465,0.1238,0.4104,0.4658,0.7872,0.0141,0.00505,0.3616,0.3025,0.3359,0.9126,0.0150,0.00393,0.3445,0.2810,0.3745,0.9098,0.0141,0.00625
202,827392,2,-0.500,2000.0,0.50,1.00,-0.0036,0.0252,0.8204,0.00852,0.00352,0.0251,0.4413,0.00098,2,0.2327,0.4663,0.3010,0.7146,0.0234,0.00192,0.1345,0.4326,0.4329,0.7826,0.0243,0.00371,0.3911,0.2893,0.3196,0.9148,0.0264,0.00280,0.3330,0.3020,0.3650,0.8697,0.0266,0.00565
203,831488,2,-1.500,2000.0,0.50,2.00,-0.0036,0.0239,0.8450,0.00851,0.00455,0.0477,0.2672,0.00098,2,0.2678,0.4373,0.2949,0.7753,0.0245,0.00555,0.1108,0.4297,0.4595,0.8021,0.0238,0.00286,0.4058,0.2837,0.3105,0.8993,0.0229,0.00707,0.3098,0.2922,0.3979,0.9034,0.0245,0.00272
204,835584,2,0.500,2000.0,1.00,0.50,-0.0044,0.0244,0.8731,0.00850,0.00406,0.0375,0.3548,0.00122,2,0.2698,0.4255,0.3047,0.8726,0.0240,0.00482,0.1113,0.4216,0.4670,0.7924,0.0234,0.00208,0.4299,0.2542,0.3159,0.9255,0.0247,0.00393,0.2830,0.2717,0.4453,0.9017,0.0254,0.00542
205,839680,2,1.000,2000.0,2.00,1.00,-0.0043,0.0324,0.8113,0.00850,0.00559,0.0483,0.3783,0.00098,2,0.2273,0.5105,0.2622,0.7207,0.0326,0.00668,0.1086,0.4436,0.4478,0.7596,0.0315,0.00554,0.4023,0.2842,0.3135,0.8802,0.0326,0.00469,0.3008,0.3032,0.3960,0.8846,0.0327,0.00546
206,843776,2,0.000,2000.0,0.50,0.50,-0.0037,0.0300,0.7917,0.00849,0.00369,0.0325,0.3812,0.00122,2,0.2422,0.4343,0.3235,0.7027,0.0307,0.00385,0.1177,0.3762,0.5061,0.7202,0.0308,0.00338,0.3718,0.2800,0.3481,0.8793,0.0274,0.00500,0.2532,0.2998,0.4470,0.8646,0.0313,0.00253
207,847872,2,-0.500,2000.0,1.00,1.50,-0.0033,0.0279,0.8612,0.00848,0.00362,0.0241,0.3898,0.00122,2,0.2671,0.4490,0.2839,0.8282,0.0265,0.00553,0.0854,0.3943,0.5203,0.8053,0.0249,0.00316,0.4280,0.2729,0.2991,0.9181,0.0294,0.00216,0.2349,0.3013,0.4639,0.8931,0.0310,0.00363
208,851968,2,-1.000,2000.0,0.50,1.50,-0.0032,0.0208,0.8441,0.00847,0.00357,0.0289,0.2938,0.00073,2,0.2480,0.4543,0.2976,0.7592,0.0202,0.00165,0.1052,0.4329,0.4619,0.7826,0.0199,0.00472,0.3779,0.3010,0.3210,0.9292,0.0217,0.00287,0.2510,0.3518,0.3972,0.9054,0.0213,0.00506
209,856064,2,-1.000,2000.0,0.50,1.50,-0.0020,0.0225,0.8615,0.00847,0.00290,0.0256,0.3847,0.00073,2,0.2678,0.4290,0.3032,0.8057,0.0230,0.00162,0.1128,0.4321,0.4551,0.7656,0.0210,0.00313,0.3840,0.2878,0.3281,0.9436,0.0231,0.00205,0.2468,0.3389,0.4143,0.9310,0.0228,0.00477
210,860160,2,0.500,2000.0,1.50,1.00,-0.0037,0.0229,0.8637,0.00846,0.00503,0.0452,0.4292,0.00122,2,0.2673,0.4744,0.2583,0.8108,0.0224,0.00370,0.1094,0.4497,0.4409,0.7704,0.0194,0.00520,0.3892,0.3032,0.3076,0.9773,0.0254,0.00519,0.2849,0.3347,0.3804,0.8964,0.0243,0.00601
211,864256,2,0.000,2000.0,1.00,1.00,-0.0040,0.0241,0.9218,0.00845,0.00492,0.0393,0.5228,0.00146,2,0.3359,0.3928,0.2712,0.9204,0.0241,0.00439,0.1189,0.4055,0.4756,0.8521,0.0245,0.00275,0.4114,0.2852,0.3035,0.9905,0.0236,0.00830,0.2375,0.3372,0.4253,0.9241,0.0241,0.00424
212,868352,2,1.000,2000.0,2.00,1.00,-0.0040,0.0198,0.8381,0.00844,0.00462,0.0374,0.2183,0.00073,2,0.2979,0.3696,0.3325,0.7868,0.0191,0.00572,0.1040,0.3665,0.5295,0.7514,0.0186,0.00440,0.3606,0.2759,0.3635,0.9403,0.0201,0.00439,0.2190,0.3364,0.4446,0.8738,0.0216,0.00396
213,872448,2,0.000,2000.0,0.50,0.50,-0.0036,0.0232,0.8319,0.00844,0.00424,0.0361,0.3331,0.00098,2,0.2612,0.4265,0.3123,0.7698,0.0213,0.00239,0.1169,0.3779,0.5051,0.7418,0.0242,0.00313,0.3552,0.2791,0.3657,0.9013,0.0237,0.00607,0.2520,0.3521,0.3960,0.9145,0.0237,0.00538
214,876544,2,2.500,2000.0,2.50,0.00,-0.0026,0.0221,0.8440,0.00843,0.00358,0.0159,0.3609,0.00098,2,0.2559,0.4465,0.2976,0.7886,0.0235,0.00299,0.1238,0.3804,0.4958,0.7785,0.0232,0.00153,0.3904,0.2673,0.3423,0.9318,0.0210,0.00503,0.2659,0.3428,0.3914,0.8772,0.0208,0.00478
215,880640,2,1.500,2000.0,1.50,0.00,-0.0032,0.0233,0.8776,0.00842,0.00447,0.0357,0.1450,0.00073,2,0.2822,0.4434,0.2744,0.8194,0.0233,0.00299,0.1396,0.3718,0.4885,0.8501,0.0226,0.00410,0.3767,0.2930,0.3303,0.9780,0.0243,0.00320,0.2302,0.3596,0.4102,0.8627,0.0228,0.00759
216,884736,3,-0.333,2000.0,0.67,1.00,-0.0058,0.0232,0.8195,0.00841,0.00566,0.0616,0.4027,0.00098,3,0.2568,0.4285,0.3147,0.7686,0.0221,0.00763,0.1399,0.3855,0.4746,0.7453,0.0217,0.00408,0.3491,0.2981,0.3528,0.9517,0.0244,0.00595,0.2056,0.3701,0.4243,0.8124,0.0246,0.00495
217,888832,2,0.500,2000.0,1.00,0.50,-0.0033,0.0228,0.8730,0.00841,0.00392,0.0317,0.2051,0.00073,2,0.3069,0.3647,0.3284,0.8628,0.0236,0.00343,0.1309,0.3652,0.5039,0.7930,0.0234,0.00301,0.3535,0.2959,0.3506,0.9833,0.0226,0.00286,0.1829,0.3564,0.4607,0.8531,0.0215,0.00638
218,892928,2,0.000,2000.0,1.50,1.50,-0.0033,0.0300,0.9163,0.00840,0.00407,0.0299,0.4998,0.00146,2,0.3357,0.3962,0.2681,0.9087,0.0295,0.00300,0.1289,0.3674,0.5037,0.8621,0.0241,0.00437,0.3704,0.3018,0.3279,0.9996,0.0328,0.00638,0.2209,0.3657,0.4133,0.8948,0.0337,0.00252
219,897024,2,1.000,2000.0,1.00,0.00,-0.0029,0.0146,0.8405,0.00839,0.00317,0.0222,0.3922,0.00049,2,0.2849,0.3801,0.3350,0.8105,0.0146,0.00413,0.1250,0.3828,0.4922,0.7779,0.0140,0.00257,0.3486,0.3232,0.3281,0.9329,0.0152,0.00395,0.1843,0.3628,0.4529,0.8406,0.0145,0.00203
220,901120,2,-0.500,2000.0,0.50,1.00,-0.0026,0.0202,0.8838,0.00838,0.00346,0.0199,0.2729,0.00073,2,0.2708,0.4287,0.3005,0.8677,0.0196,0.00381,0.1370,0.3931,0.4700,0.8084,0.0205,0.00310,0.3623,0.3286,0.3091,0.9840,0.0202,0.00488,0.2031,0.3850,0.4119,0.8750,0.0204,0.00206
221,905216,2,0.500,2000.0,0.50,0.00,-0.0035,0.0080,0.8530,0.00838,0.00362,0.0277,0.1530,0.00024,2,0.2578,0.4119,0.3303,0.8383,0.0073,0.00463,0.1265,0.3770,0.4966,0.7864,0.0080,0.00363,0.3882,0.3162,0.2957,0.9668,0.0091,0.00227,0.2097,0.3708,0.4194,0.8206,0.0078,0.00395
222,909312,2,-1.500,2000.0,0.50,2.00,-0.0036,0.0356,0.9345,0.00837,0.00509,0.0336,0.1874,0.00122,2,0.3403,0.3767,0.2830,0.9757,0.0355,0.00390,0.1521,0.3796,0.4683,0.8469,0.0342,0.00565,0.4109,0.3162,0.2729,1.0016,0.0356,0.00311,0.2649,0.3523,0.3828,0.9137,0.0371,0.00770
223,913408,2,0.500,2000.0,0.50,0.00,-0.0034,0.0132,0.9170,0.00836,0.00436,0.0240,0.2987,0.00049,2,0.3447,0.3718,0.2834,0.9330,0.0138,0.00419,0.1294,0.3545,0.5161,0.8314,0.0136,0.00448,0.4048,0.3066,0.2886,1.0050,0.0124,0.00506,0.2556,0.3508,0.3936,0.8987,0.0131,0.00371
224,917504,2,-0.500,2000.0,0.50,1.00,-0.0035,0.0187,0.9143,0.00835,0.00403,0.0356,0.3023,0.00073,2,0.3762,0.3706,0.2532,0.9359,0.0178,0.00432,0.1375,0.3486,0.5139,0.8359,0.0183,0.00347,0.4043,0.3005,0.2952,0.9962,0.0193,0.00382,0.2390,0.3647,0.3962,0.8891,0.0195,0.00451
225,921600,2,0.500,2000.0,1.00,0.50,-0.0036,0.0197,0.8843,0.00835,0.00461,0.0392,0.2766,0.00073,2,0.3484,0.3694,0.2822,0.8852,0.0186,0.00600,0.1289,0.3425,0.5286,0.8152,0.0191,0.00306,0.4041,0.2852,0.3108,0.9804,0.0201,0.00665,0.2520,0.3552,0.3928,0.8563,0.0211,0.00275
226,925696,2,-0.500,2000.0,1.00,1.50,-0.0026,0.0338,0.8794,0.00834,0.00361,0.0192,0.3863,0.00146,2,0.3689,0.3525,0.2786,0.9002,0.0325,0.00452,0.1223,0.3435,0.5342,0.7858,0.0330,0.00320,0.3792,0.2866,0.3342,0.9887,0.0353,0.00479,0.2715,0.3298,0.3987,0.8429,0.0346,0.00192
227,929792,2,-0.500,2000.0,1.00,1.50,-0.0041,0.0185,0.8981,0.00833,0.00437,0.0303,0.2664,0.00073,2,0.4021,0.3318,0.2661,0.9039,0.0179,0.00333,0.1218,0.3230,0.5552,0.8273,0.0192,0.00430,0.3782,0.2961,0.3257,0.9950,0.0188,0.00680,0.2710,0.3381,0.3909,0.8661,0.0181,0.00307
228,933888,2,0.500,2000.0,1.00,0.50,-0.0035,0.0206,0.8625,0.00833,0.00380,0.0418,0.2830,0.00073,2,0.3367,0.3767,0.2866,0.8345,0.0193,0.00388,0.1492,0.3542,0.4966,0.8218,0.0196,0.00455,0.3567,0.3118,0.3315,0.9811,0.0227,0.00206,0.2158,0.3877,0.3965,0.8125,0.0208,0.00471
229,937984,2,-0.500,2000.0,0.00,0.50,-0.0035,0.0110,0.8553,0.00832,0.00428,0.0407,0.4086,0.00049,2,0.3420,0.3325,0.3254,0.8656,0.0105,0.00284,0.1396,0.3286,0.5317,0.7850,0.0107,0.00208,0.3616,0.2869,0.3516,0.9674,0.0108,0.00677,0.2476,0.3398,0.4126,0.8030,0.0119,0.00545
230,942080,2,-0.500,2000.0,0.50,1.00,-0.0055,0.0232,0.8809,0.00831,0.00547,0.0500,0.4044,0.00098,2,0.3711,0.3564,0.2725,0.8720,0.0231,0.00725,0.1523,0.3413,0.5063,0.8178,0.0229,0.00677,0.3494,0.3123,0.3384,0.9926,0.0232,0.00526,0.2419,0.3687,0.3894,0.8411,0.0234,0.00259
231,946176,2,-1.000,2000.0,0.50,1.50,-0.0040,0.0204,0.8399,0.00830,0.00362,0.0262,0.3393,0.00073,2,0.3689,0.3638,0.2673,0.8399,0.0203,0.00499,0.1304,0.3604,0.5093,0.7810,0.0199,0.00289,0.3469,0.3086,0.3445,0.9752,0.0207,0.00361,0.2407,0.3511,0.4082,0.7633,0.0206,0.00302
232,950272,2,3.000,2000.0,3.50,0.50,-0.0031,0.0411,0.8511,0.00830,0.00432,0.0242,0.3636,0.00171,2,0.3713,0.3445,0.2842,0.8681,0.0395,0.00253,0.0994,0.3552,0.5454,0.7296,0.0408,0.00440,0.3406,0.2878,0.3716,0.9989,0.0430,0.00576,0.2349,0.3503,0.4148,0.8077,0.0413,0.00459
233,954368,2,0.000,2000.0,1.00,1.00,-0.0041,0.0229,0.8600,0.00829,0.00481,0.0459,0.4354,0.00122,2,0.3208,0.4048,0.2744,0.8612,0.0237,0.00742,0.0979,0.4126,0.4895,0.7673,0.0231,0.00169,0.3213,0.3274,0.3513,0.9960,0.0202,0.00433,0.2437,0.3511,0.4053,0.8157,0.0245,0.00579
234,958464,2,-0.500,2000.0,1.00,1.50,-0.0032,0.0345,0.8336,0.00828,0.00273,0.0146,0.5053,0.00146,2,0.3596,0.3459,0.2944,0.8624,0.0343,0.00184,0.1069,0.3660,0.5271,0.7244,0.0326,0.00328,0.3362,0.3149,0.3489,0.9575,0.0353,0.00247,0.2551,0.3496,0.3953,0.7903,0.0358,0.00332
235,962560,2,0.000,2000.0,1.00,1.00,-0.0039,0.0249,0.8771,0.00827,0.00467,0.0485,0.4391,0.00122,2,0.3748,0.3579,0.2673,0.9173,0.0250,0.00491,0.1011,0.3650,0.5339,0.7444,0.0251,0.00419,0.3474,0.2959,0.3567,0.9980,0.0237,0.00346,0.2695,0.3542,0.3762,0.8488,0.0260,0.00613
236,966656,2,-1.000,2000.0,1.00,2.00,-0.0029,0.0197,0.8697,0.00827,0.00290,0.0133,0.5097,0.00073,2,0.3735,0.3503,0.2761,0.9114,0.0187,0.00295,0.1074,0.3594,0.5332,0.7497,0.0198,0.00253,0.3301,0.3315,0.3384,0.9773,0.0196,0.00245,0.2532,0.3584,0.3884,0.8405,0.0207,0.00366
237,970752,3,-0.333,2000.0,0.67,1.00,-0.0047,0.0303,0.8859,0.00826,0.00581,0.0602,0.3822,0.00122,3,0.4033,0.3389,0.2578,0.9339,0.0290,0.00527,0.1038,0.3083,0.5879,0.7755,0.0304,0.00788,0.3320,0.3176,0.3503,0.9976,0.0314,0.00431,0.2373,0.3677,0.3950,0.8366,0.0302,0.00578
238,974848,2,0.000,2000.0,1.00,1.00,-0.0038,0.0293,0.8869,0.00825,0.00425,0.0319,0.3901,0.00122,2,0.3884,0.3506,0.2610,0.9328,0.0289,0.00494,0.1028,0.3674,0.5298,0.7869,0.0280,0.00298,0.3469,0.3115,0.3416,0.9835,0.0297,0.00657,0.2539,0.3689,0.3772,0.8441,0.0306,0.00251
239,978944,2,0.000,2000.0,1.00,1.00,-0.0041,0.0225,0.8636,0.00824,0.00383,0.0320,0.3442,0.00073,2,0.4138,0.3311,0.2551,0.9031,0.0221,0.00196,0.1135,0.3369,0.5496,0.7666,0.0201,0.00292,0.3572,0.3120,0.3308,0.9927,0.0233,0.00527,0.2014,0.4004,0.3982,0.7918,0.0245,0.00515
240,983040,2,-1.000,2000.0,0.00,1.00,-0.0031,0.0125,0.8537,0.00824,0.00317,0.0135,0.4071,0.00049,2,0.4128,0.3342,0.2529,0.8960,0.0126,0.00285,0.1099,0.3691,0.5210,0.7688,0.0112,0.00194,0.3591,0.3086,0.3323,0.9892,0.0132,0.00322,0.1755,0.4272,0.3972,0.7607,0.0132,0.00467
241,987136,2,-0.500,2000.0,1.00,1.50,-0.0048,0.0213,0.8885,0.00823,0.00618,0.0626,0.4717,0.00122,2,0.4224,0.3269,0.2507,0.9411,0.0228,0.00594,0.1060,0.3538,0.5403,0.8031,0.0224,0.00914,0.3394,0.3223,0.3384,1.0044,0.0199,0.00480,0.2056,0.4324,0.3621,0.8055,0.0202,0.00485
242,991232,2,-1.500,2000.0,0.00,1.50,-0.0041,0.0200,0.8880,0.00822,0.00442,0.0349,0.4940,0.00098,2,0.4292,0.3232,0.2476,0.9707,0.0204,0.00483,0.1216,0.3081,0.5703,0.8049,0.0189,0.00429,0.3408,0.3093,0.3499,1.0096,0.0212,0.00324,0.1577,0.4338,0.4084,0.7667,0.0195,0.00534
243,995328,2,0.500,2000.0,1.50,1.00,-0.0031,0.0316,0.8589,0.00821,0.00461,0.0396,0.3304,0.00122,2,0.4253,0.3120,0.2627,0.9572,0.0314,0.00544,0.1201,0.2971,0.5828,0.7472,0.0297,0.00242,0.3193,0.3203,0.3604,0.9824,0.0326,0.00670,0.1455,0.4465,0.4080,0.7487,0.0327,0.00389
244,999424,2,-0.500,2000.0,1.50,2.00,-0.0041,0.0258,0.8873,0.00821,0.00390,0.0360,0.5520,0.00146,2,0.4143,0.3496,0.2361,0.9736,0.0257,0.00386,0.1235,0.3228,0.5537,0.7827,0.0259,0.00451,0.3286,0.3484,0.3230,1.0103,0.0255,0.00492,0.1511,0.4900,0.3589,0.7826,0.0259,0.00231
245,1003520,2,-2.000,2000.0,0.00,2.00,-0.0035,0.0243,0.8869,0.00820,0.00420,0.0338,0.5063,0.00122,2,0.3972,0.3638,0.2390,0.9893,0.0235,0.00433,0.1152,0.3438,0.5410,0.8075,0.0254,0.00459,0.3247,0.3362,0.3391,1.0106,0.0244,0.00237,0.1643,0.4868,0.3489,0.7401,0.0237,0.00550
246,1007616,2,0.500,2000.0,2.50,2.00,-0.0029,0.0564,0.8774,0.00819,0.00366,0.0210,0.4442,0.00220,2,0.4199,0.3323,0.2478,0.9817,0.0549,0.00402,0.0916,0.3608,0.5476,0.7703,0.0556,0.00217,0.3013,0.3499,0.3489,0.9926,0.0568,0.00417,0.1345,0.4863,0.3792,0.7651,0.0582,0.00426
247,1011712,2,-3.000,2000.0,0.00,3.00,-0.0037,0.0146,0.8581,0.00819,0.00413,0.0314,0.7199,0.00122,2,0.4209,0.3577,0.2214,0.9523,0.0137,0.00528,0.0857,0.3613,0.5530,0.7655,0.0147,0.00438,0.2756,0.3850,0.3394,0.9692,0.0151,0.00357,0.1619,0.5181,0.3201,0.7455,0.0151,0.00330
248,1015808,2,-0.500,2000.0,1.00,1.50,-0.0042,0.0325,0.8541,0.00818,0.00486,0.0436,0.5865,0.00171,2,0.4084,0.3496,0.2419,0.9835,0.0314,0.00507,0.0774,0.3704,0.5522,0.7496,0.0302,0.00503,0.2805,0.3613,0.3582,0.9803,0.0339,0.00343,0.1426,0.4724,0.3850,0.7029,0.0346,0.00591
249,1019904,2,-1.500,2000.0,1.00,2.50,-0.0041,0.0262,0.8797,0.00817,0.00411,0.0261,0.5561,0.00146,2,0.4280,0.3296,0.2424,0.9907,0.0263,0.00563,0.0789,0.3604,0.5608,0.7626,0.0272,0.00455,0.3103,0.3357,0.3540,1.0000,0.0260,0.00294,0.1501,0.4580,0.3918,0.7657,0.0253,0.00334
250,1024000,2,0.500,2000.0,1.50,1.00,-0.0040,0.0212,0.8719,0.00816,0.00534,0.0334,0.5020,0.00098,2,0.4377,0.3398,0.2224,0.9648,0.0209,0.00451,0.0830,0.3716,0.5454,0.7595,0.0211,0.00690,0.3174,0.3398,0.3428,1.0082,0.0215,0.00437,0.1624,0.5088,0.3289,0.7552,0.0215,0.00559
251,1028096,2,0.500,2000.0,1.50,1.00,-0.0046,0.0584,0.8633,0.00816,0.00500,0.0479,0.3698,0.00195,2,0.4604,0.2815,0.2581,0.9681,0.0528,0.00876,0.0813,0.2820,0.6367,0.7117,0.0574,0.00232,0.3005,0.3303,0.3691,0.9923,0.0608,0.00407,0.1614,0.4429,0.3958,0.7809,0.0624,0.00484
252,1032192,2,-2.000,2000.0,1.00,3.00,-0.0040,0.0218,0.8775,0.00815,0.00480,0.0290,0.4520,0.00122,2,0.4294,0.3271,0.2434,0.9682,0.0224,0.00314,0.0811,0.3071,0.6118,0.7651,0.0206,0.00317,0.3142,0.3237,0.3621,0.9654,0.0240,0.00860,0.1704,0.4558,0.3738,0.8112,0.0202,0.00429
253,1036288,2,0.500,2000.0,0.50,0.00,-0.0039,0.0280,0.8252,0.00814,0.00416,0.0247,0.3051,0.00098,2,0.4468,0.3142,0.2390,0.9343,0.0282,0.00524,0.0979,0.3438,0.5583,0.7393,0.0270,0.00332,0.2537,0.3518,0.3945,0.9236,0.0295,0.00380,0.1755,0.4753,0.3491,0.7037,0.0274,0.00426
254,1040384,2,-1.000,2000.0,1.00,2.00,-0.0031,0.0309,0.8351,0.00813,0.00366,0.0267,0.3439,0.00122,2,0.4712,0.2732,0.2556,0.9365,0.0295,0.00439,0.0938,0.2822,0.6240,0.7029,0.0300,0.00306,0.2820,0.3425,0.3755,0.9238,0.0327,0.00355,0.1931,0.3970,0.4099,0.7772,0.0314,0.00363
255,1044480,2,-1.000,2000.0,0.00,1.00,-0.0037,0.0071,0.8641,0.00813,0.00324,0.0187,0.4804,0.00024,2,0.4727,0.3010,0.2263,0.9414,0.0081,0.00387,0.0945,0.3413,0.5642,0.7713,0.0071,0.00130,0.2795,0.3503,0.3701,0.9562,0.0068,0.00342,0.1946,0.4431,0.3623,0.7877,0.0066,0.00436
256,1048576,2,-1.000,2000.0,0.00,1.00,-0.0043,0.0125,0.8222,0.00812,0.00486,0.0326,0.4192,0.00049,2,0.4800,0.3040,0.2161,0.8858,0.0137,0.00643,0.0901,0.3359,0.5740,0.7082,0.0121,0.00288,0.2771,0.3423,0.3806,0.9639,0.0127,0.00538,0.1819,0.4636,0.3545,0.7311,0.0114,0.00476
257,1052672,2,-1.500,2000.0,0.00,1.50,-0.0037,0.0120,0.8478,0.00811,0.00462,0.0394,0.6612,0.00098,2,0.5527,0.2661,0.1812,0.8963,0.0123,0.00369,0.0808,0.3521,0.5671,0.7372,0.0115,0.00398,0.2842,0.3550,0.3608,0.9565,0.0124,0.00485,0.1936,0.4756,0.3308,0.8012,0.0117,0.00599
258,1056768,3,-1.667,2000.0,0.67,2.33,-0.0030,0.0354,0.7831,0.00810,0.00328,0.0240,0.4256,0.00171,3,0.5137,0.2710,0.2153,0.8793,0.0321,0.00574,0.0740,0.3008,0.6252,0.6327,0.0354,0.00332,0.2642,0.3459,0.3899,0.9215,0.0351,0.00226,0.1499,0.4478,0.4023,0.6990,0.0391,0.00181
259,1060864,2,0.000,2000.0,0.50,0.50,-0.0042,0.0092,0.7981,0.00810,0.00376,0.0363,0.0667,0.00049,2,0.5659,0.2378,0.1963,0.8498,0.0097,0.00514,0.0732,0.2922,0.6345,0.6509,0.0092,0.00422,0.2942,0.3413,0.3645,0.9421,0.0091,0.00372,0.1521,0.4468,0.4011,0.7495,0.0091,0.00197
260,1064960,2,-2.000,2000.0,0.50,2.50,-0.0037,0.0279,0.7949,0.00809,0.00341,0.0257,0.4260,0.00146,2,0.5945,0.2148,0.1907,0.8392,0.0288,0.00243,0.0793,0.2632,0.6575,0.6527,0.0260,0.00442,0.2908,0.3420,0.3672,0.9213,0.0273,0.00393,0.1504,0.4355,0.4141,0.7664,0.0295,0.00287
261,1069056,2,-1.500,2000.0,0.50,2.00,-0.0043,0.0258,0.8358,0.00808,0.00492,0.0500,0.3965,0.00122,2,0.6196,0.2168,0.1636,0.8735,0.0248,0.00490,0.0859,0.3130,0.6011,0.7230,0.0248,0.00685,0.3123,0.3491,0.3386,0.9936,0.0276,0.00566,0.1492,0.4849,0.3660,0.7530,0.0259,0.00228
262,1073152,2,-2.000,2000.0,0.00,2.00,-0.0032,0.0263,0.8330,0.00807,0.00361,0.0246,0.4777,0.00146,2,0.5527,0.2432,0.2041,0.8867,0.0246,0.00440,0.0874,0.3147,0.5979,0.6910,0.0252,0.00192,0.2825,0.3586,0.3589,0.9905,0.0276,0.00435,0.1792,0.4363,0.3845,0.7636,0.0277,0.00377
263,1077248,2,-2.500,2000.0,0.50,3.00,-0.0034,0.0287,0.8291,0.00807,0.00322,0.0195,0.4689,0.00146,2,0.5437,0.2607,0.1956,0.9017,0.0282,0.00287,0.0842,0.3535,0.5623,0.6787,0.0277,0.00286,0.2756,0.3792,0.3452,0.9262,0.0297,0.00546,0.1970,0.4636,0.3394,0.8098,0.0295,0.00170
264,1081344,2,-1.000,2000.0,0.50,1.50,-0.0034,0.0265,0.8050,0.00806,0.00364,0.0280,0.3501,0.00122,2,0.4810,0.2922,0.2268,0.8583,0.0258,0.00243,0.0896,0.3398,0.5706,0.6509,0.0254,0.00338,0.2461,0.3735,0.3804,0.9464,0.0275,0.00387,0.2036,0.4714,0.3250,0.7645,0.0273,0.00488
265,1085440,2,-2.500,2000.0,0.00,2.50,-0.0030,0.0136,0.8288,0.00805,0.00362,0.0339,0.5294,0.00073,2,0.5054,0.2847,0.2100,0.9064,0.0125,0.00471,0.0950,0.3550,0.5500,0.6979,0.0128,0.00120,0.2620,0.3794,0.3586,0.9299,0.0144,0.00514,0.1765,0.4814,0.3420,0.7809,0.0148,0.00344
266,1089536,2,-1.500,2000.0,0.00,1.50,-0.0032,0.0102,0.8110,0.00805,0.00347,0.0284,0.6625,0.00073,2,0.5356,0.2422,0.2222,0.9138,0.0096,0.00421,0.0906,0.2576,0.6519,0.5956,0.0092,0.00270,0.2681,0.3538,0.3782,0.9608,0.0109,0.00303,0.1819,0.4189,0.3992,0.7738,0.0109,0.00395
267,1093632,2,0.000,2000.0,0.50,0.50,-0.0033,0.0247,0.8265,0.00804,0.00457,0.0410,0.2920,0.00073,2,0.4866,0.2671,0.2463,0.9294,0.0232,0.00305,0.1067,0.3113,0.5820,0.6679,0.0258,0.00367,0.2424,0.3767,0.3809,0.9287,0.0248,0.00798,0.1938,0.4390,0.3672,0.7799,0.0250,0.00357
268,1097728,2,0.500,2000.0,1.00,0.50,-0.0036,0.0197,0.8129,0.00803,0.00480,0.0500,0.3448,0.00073,2,0.4810,0.2671,0.2520,0.9157,0.0188,0.00627,0.1123,0.2988,0.5889,0.6484,0.0194,0.00435,0.2620,0.3770,0.3611,0.8990,0.0210,0.00484,0.1833,0.4336,0.3831,0.7886,0.0197,0.00376
269,1101824,2,-1.000,2000.0,0.00,1.00,-0.0030,0.0171,0.8516,0.00802,0.00379,0.0275,0.3827,0.00073,2,0.5339,0.2344,0.2317,0.9155,0.0165,0.00417,0.1333,0.3035,0.5632,0.7380,0.0180,0.00286,0.2439,0.3887,0.3674,0.8988,0.0170,0.00148,0.2166,0.4282,0.3552,0.8540,0.0168,0.00665
270,1105920,2,-0.500,2000.0,1.50,2.00,-0.0052,0.0244,0.8404,0.00802,0.00580,0.0577,0.4139,0.00122,2,0.5352,0.2358,0.2290,0.9513,0.0229,0.00632,0.1199,0.3091,0.5710,0.7099,0.0231,0.00433,0.2468,0.3816,0.3716,0.9401,0.0256,0.00469,0.1951,0.4280,0.3770,0.7602,0.0258,0.00784
271,1110016,2,0.000,2000.0,0.50,0.50,-0.0045,0.0149,0.8257,0.00801,0.00308,0.0220,0.2848,0.00049,2,0.5042,0.2527,0.2432,0.9567,0.0154,0.00247,0.1201,0.2573,0.6226,0.6526,0.0134,0.00207,0.2844,0.3547,0.3608,0.9316,0.0149,0.00390,0.1741,0.4417,0.3843,0.7619,0.0158,0.00388
272,1114112,2,-0.500,2000.0,0.00,0.50,-0.0033,0.0069,0.8111,0.00800,0.00344,0.0267,0.3210,0.00024,2,0.4758,0.2651,0.2590,0.9335,0.0066,0.00443,0.1228,0.2942,0.5830,0.6821,0.0073,0.00259,0.2742,0.3669,0.3589,0.9138,0.0068,0.00427,0.1526,0.4563,0.3911,0.7151,0.0070,0.00247
273,1118208,2,-1.500,2000.0,0.00,1.50,-0.0049,0.0279,0.8749,0.00799,0.00515,0.0720,0.3405,0.00146,2,0.4756,0.2715,0.2529,0.9784,0.0273,0.00667,0.1277,0.3093,0.5630,0.7846,0.0289,0.00305,0.2676,0.3677,0.3647,0.9648,0.0295,0.00418,0.1699,0.4934,0.3367,0.7717,0.0260,0.00668
274,1122304,2,-1.000,2000.0,0.50,1.50,-0.0033,0.0288,0.8025,0.00799,0.00348,0.0240,0.3131,0.00098,2,0.4270,0.3032,0.2698,0.9315,0.0289,0.00336,0.1284,0.3057,0.5659,0.6595,0.0279,0.00250,0.2551,0.3767,0.3682,0.9258,0.0300,0.00565,0.1389,0.4622,0.3989,0.6933,0.0282,0.00240
275,1126400,2,-3.000,2000.0,0.50,3.50,-0.0028,0.0293,0.8574,0.00798,0.00388,0.0326,0.5618,0.00146,2,0.4561,0.3025,0.2415,0.9348,0.0262,0.00253,0.1365,0.3545,0.5090,0.7939,0.0270,0.00236,0.2717,0.3889,0.3394,0.9597,0.0327,0.00354,0.1387,0.5554,0.3059,0.7412,0.0314,0.00709
276,1130496,2,0.000,2000.0,0.50,0.50,-0.0033,0.0286,0.8319,0.00797,0.00393,0.0322,0.3162,0.00122,2,0.4524,0.2798,0.2678,0.9452,0.0279,0.00336,0.1431,0.2976,0.5593,0.6845,0.0283,0.00376,0.2864,0.3528,0.3608,0.9044,0.0311,0.00388,0.1689,0.4707,0.3604,0.7934,0.0271,0.00472
277,1134592,2,-1.500,2000.0,0.50,2.00,-0.0039,0.0189,0.8539,0.00796,0.00448,0.0383,0.5173,0.00098,2,0.4438,0.2969,0.2593,0.9681,0.0181,0.00434,0.1143,0.2678,0.6179,0.7463,0.0178,0.00447,0.3081,0.3462,0.3457,0.9769,0.0206,0.00416,0.1443,0.4949,0.3608,0.7244,0.0191,0.00493
278,1138688,2,0.500,2000.0,1.50,1.00,-0.0030,0.0259,0.8327,0.00796,0.00389,0.0237,0.3600,0.00098,2,0.4382,0.2883,0.2734,0.9433,0.0265,0.00522,0.1492,0.2720,0.5789,0.7091,0.0256,0.00217,0.2708,0.3574,0.3718,0.8992,0.0264,0.00421,0.1492,0.4893,0.3616,0.7792,0.0253,0.00395
279,1142784,3,-0.333,2000.0,0.33,0.67,-0.0035,0.0110,0.7642,0.00795,0.00390,0.0417,0.3007,0.00024,3,0.4243,0.3022,0.2734,0.8703,0.0100,0.00273,0.1570,0.3135,0.5295,0.6561,0.0105,0.00455,0.2495,0.3770,0.3735,0.8302,0.0116,0.00435,0.1787,0.4871,0.3342,0.7001,0.0120,0.00397
280,1146880,2,-0.500,2000.0,0.00,0.50,-0.0027,0.0085,0.7224,0.00794,0.00338,0.0173,0.2688,0.00024,2,0.4365,0.2856,0.2778,0.8409,0.0086,0.00418,0.1609,0.3027,0.5364,0.5972,0.0074,0.00269,0.2205,0.3674,0.4121,0.8017,0.0092,0.00275,0.1602,0.4792,0.3606,0.6496,0.0088,0.00389
281,1150976,2,0.500,2000.0,1.00,0.50,-0.0044,0.0192,0.8013,0.00793,0.00628,0.0843,0.2999,0.00073,2,0.4651,0.2891,0.2458,0.8413,0.0184,0.01414,0.1770,0.3374,0.4856,0.7929,0.0186,0.00399,0.2627,0.3784,0.3589,0.8816,0.0205,0.00433,0.1477,0.5481,0.3042,0.6892,0.0195,0.00266
282,1155072,2,0.500,2000.0,1.00,0.50,-0.0033,0.0149,0.8245,0.00793,0.00345,0.0246,0.4715,0.00073,2,0.5503,0.2434,0.2063,0.8497,0.0149,0.00350,0.1760,0.3047,0.5193,0.8242,0.0149,0.00324,0.2859,0.3704,0.3438,0.8982,0.0151,0.00396,0.1338,0.5278,0.3384,0.7256,0.0148,0.00312
283,1159168,2,0.500,2000.0,1.00,0.50,-0.0033,0.0187,0.8399,0.00792,0.00305,0.0106,0.4144,0.00073,2,0.5310,0.2354,0.2336,0.8753,0.0186,0.00359,0.2178,0.2715,0.5107,0.8101,0.0185,0.00321,0.2549,0.3899,0.3552,0.9266,0.0190,0.00223,0.1523,0.4990,0.3486,0.7476,0.0189,0.00316
284,1163264,2,0.500,2000.0,1.00,0.50,-0.0032,0.0182,0.7831,0.00791,0.00492,0.0534,0.4369,0.00073,2,0.4775,0.2598,0.2627,0.8435,0.0176,0.00993,0.1819,0.2896,0.5286,0.7279,0.0178,0.00258,0.2549,0.3887,0.3564,0.8856,0.0185,0.00420,0.1282,0.5176,0.3542,0.6753,0.0190,0.00296
285,1167360,2,0.000,2000.0,0.00,0.00,-0.0025,0.0018,0.8139,0.00790,0.00320,0.0203,-0.0414,0.00000,2,0.4229,0.2512,0.3259,0.9199,0.0020,0.00583,0.1543,0.2297,0.6160,0.7019,0.0020,0.00193,0.2727,0.3486,0.3787,0.9348,0.0017,0.00169,0.1367,0.4551,0.4082,0.6990,0.0016,0.00336
286,1171456,2,-0.500,2000.0,0.00,0.50,-0.0027,0.0049,0.7983,0.00790,0.00314,0.0145,0.5918,0.00024,2,0.4729,0.2637,0.2634,0.8752,0.0050,0.00471,0.1736,0.3096,0.5168,0.7276,0.0047,0.00228,0.2632,0.3879,0.3489,0.8756,0.0051,0.00278,0.1545,0.5156,0.3298,0.7149,0.0048,0.00278
287,1175552,2,-1.000,2000.0,0.00,1.00,-0.0034,0.0069,0.8120,0.00789,0.00381,0.0378,0.6401,0.00049,2,0.4329,0.2910,0.2761,0.9038,0.0068,0.00331,0.1719,0.3257,0.5024,0.7608,0.0073,0.00530,0.2556,0.3923,0.3521,0.8585,0.0072,0.00253,0.1648,0.4775,0.3577,0.7248,0.0065,0.00411
288,1179648,2,0.500,2000.0,0.50,0.00,-0.0024,0.0091,0.7832,0.00788,0.00265,0.0220,0.2936,0.00024,2,0.4197,0.2913,0.2891,0.8880,0.0088,0.00404,0.1724,0.3030,0.5247,0.7106,0.0089,0.00122,0.2737,0.3726,0.3538,0.8230,0.0092,0.00344,0.1636,0.4719,0.3645,0.7112,0.0094,0.00189
289,1183744,2,0.500,2000.0,0.50,0.00,-0.0030,0.0084,0.7749,0.00788,0.00297,0.0173,0.1910,0.00024,2,0.3850,0.3206,0.2944,0.8772,0.0086,0.00245,0.2002,0.3252,0.4746,0.7329,0.0089,0.00200,0.2568,0.3750,0.3682,0.7823,0.0080,0.00367,0.1609,0.4705,0.3687,0.7071,0.0081,0.00373
290,1187840,2,0.000,2000.0,0.50,0.50,-0.0029,0.0136,0.7381,0.00787,0.00314,0.0246,0.2752,0.00049,2,0.4141,0.3088,0.2771,0.8523,0.0133,0.00443,0.1892,0.3159,0.4949,0.6700,0.0130,0.00238,0.2275,0.4036,0.3689,0.7510,0.0139,0.00254,0.1772,0.4717,0.3511,0.6788,0.0140,0.00321
291,1191936,2,0.500,2000.0,1.00,0.50,-0.0039,0.0239,0.7962,0.00786,0.00461,0.0490,0.3541,0.00098,2,0.4331,0.2910,0.2759,0.8877,0.0232,0.00310,0.1858,0.3105,0.5037,0.7708,0.0240,0.00403,0.2444,0.4092,0.3464,0.8572,0.0246,0.00769,0.1572,0.4756,0.3672,0.6690,0.0240,0.00363
292,1196032,2,-0.500,2000.0,0.50,1.00,-0.0031,0.0219,0.7545,0.00785,0.00350,0.0345,0.2453,0.00073,2,0.4065,0.2991,0.2944,0.8750,0.0217,0.00378,0.1819,0.3071,0.5110,0.6642,0.0211,0.00282,0.2126,0.4241,0.3633,0.7340,0.0223,0.00401,0.2070,0.4441,0.3489,0.7448,0.0224,0.00337
293,1200128,2,0.000,2000.0,1.00,1.00,-0.0042,0.0263,0.8159,0.00785,0.00368,0.0379,0.3078,0.00098,2,0.4285,0.2930,0.2786,0.8732,0.0260,0.00471,0.2083,0.3110,0.4807,0.7951,0.0255,0.00248,0.2473,0.4092,0.3435,0.8522,0.0271,0.00399,0.1802,0.4783,0.3416,0.7431,0.0267,0.00354
294,1204224,2,-1.000,2000.0,0.50,1.50,-0.0044,0.0265,0.7804,0.00784,0.00499,0.0452,0.3239,0.00098,2,0.3486,0.3345,0.3169,0.8331,0.0265,0.00704,0.1624,0.2961,0.5415,0.7051,0.0249,0.00200,0.2410,0.3975,0.3616,0.8684,0.0279,0.00665,0.1733,0.4465,0.3801,0.7152,0.0267,0.00425
295,1208320,2,0.500,2000.0,0.50,0.00,-0.0032,0.0059,0.8036,0.00783,0.00366,0.0327,0.4772,0.00024,2,0.3459,0.3503,0.3037,0.8499,0.0058,0.00277,0.1770,0.3250,0.4980,0.7583,0.0062,0.00437,0.2651,0.4092,0.3257,0.8885,0.0059,0.00444,0.1812,0.4768,0.3420,0.7175,0.0057,0.00305
296,1212416,2,0.000,2000.0,1.00,1.00,-0.0032,0.0172,0.8240,0.00782,0.00371,0.0236,0.3531,0.00073,2,0.3528,0.3394,0.3079,0.9001,0.0156,0.00380,0.1990,0.2830,0.5181,0.7419,0.0159,0.00384,0.2817,0.3806,0.3376,0.9109,0.0189,0.00393,0.1663,0.4783,0.3555,0.7430,0.0184,0.00328
297,1216512,2,0.000,2000.0,0.00,0.00,-0.0033,0.0129,0.8028,0.00782,0.00394,0.0360,0.4186,0.00049,2,0.3484,0.3386,0.3130,0.8900,0.0134,0.00525,0.1970,0.3232,0.4797,0.7662,0.0118,0.00263,0.2388,0.3923,0.3689,0.9071,0.0152,0.00466,0.1443,0.4885,0.3672,0.6480,0.0113,0.00322
298,1220608,2,-1.500,2000.0,0.00,1.50,-0.0020,0.0170,0.8190,0.00781,0.00248,0.0135,0.2914,0.00073,2,0.3743,0.3186,0.3071,0.9037,0.0170,0.00399,0.1931,0.2888,0.5181,0.7669,0.0163,0.00299,0.2747,0.3696,0.3557,0.9182,0.0170,0.00054,0.1555,0.4753,0.3691,0.6872,0.0177,0.00239
299,1224704,2,-1.500,2000.0,0.00,1.50,-0.0040,0.0191,0.8612,0.00780,0.00484,0.0411,0.2382,0.00073,2,0.4392,0.2961,0.2646,0.9219,0.0184,0.00651,0.2180,0.2690,0.5129,0.8344,0.0191,0.00302,0.2776,0.3687,0.3538,0.9461,0.0197,0.00541,0.1465,0.4548,0.3987,0.7424,0.0192,0.00442
300,1228800,3,1.000,2000.0,1.00,0.00,-0.0026,0.0078,0.8239,0.00779,0.00341,0.0271,0.2108,0.00024,3,0.4468,0.2815,0.2717,0.8928,0.0074,0.00263,0.2356,0.2769,0.4875,0.7752,0.0080,0.00298,0.2766,0.3855,0.3379,0.9004,0.0079,0.00419,0.1587,0.4963,0.3450,0.7271,0.0080,0.00384
301,1232896,2,-0.500,2000.0,0.00,0.50,-0.0049,0.0064,0.8399,0.00779,0.00479,0.0416,0.2866,0.00024,2,0.4219,0.2905,0.2876,0.8961,0.0064,0.00452,0.2520,0.2693,0.4788,0.8432,0.0057,0.00406,0.3010,0.3750,0.3240,0.9173,0.0069,0.00619,0.1470,0.4778,0.3752,0.7031,0.0067,0.00440
302,1236992,2,1.000,2000.0,1.00,0.00,-0.0032,0.0119,0.8004,0.00778,0.00387,0.0306,0.3304,0.00049,2,0.4272,0.2800,0.2927,0.8653,0.0108,0.00480,0.2261,0.2871,0.4868,0.7513,0.0111,0.00316,0.2554,0.3826,0.3621,0.8662,0.0135,0.00363,0.1619,0.4641,0.3740,0.7190,0.0122,0.00388
303,1241088,2,0.000,2000.0,0.50,0.50,-0.0036,0.0129,0.8579,0.00777,0.00379,0.0317,0.2792,0.00049,2,0.4302,0.2937,0.2761,0.9108,0.0121,0.00463,0.2622,0.2654,0.4724,0.8582,0.0124,0.00470,0.2847,0.3906,0.3247,0.9213,0.0135,0.00280,0.1682,0.4822,0.3496,0.7412,0.0135,0.00301
304,1245184,2,-0.500,2000.0,0.50,1.00,-0.0034,0.0229,0.9095,0.00776,0.00364,0.0236,0.2804,0.00098,2,0.5129,0.2583,0.2288,0.9264,0.0235,0.00239,0.2947,0.2686,0.4368,0.9593,0.0224,0.00465,0.2837,0.3865,0.3298,0.9684,0.0229,0.00402,0.1580,0.5144,0.3276,0.7838,0.0228,0.00348
305,1249280,2,-0.500,2000.0,0.50,1.00,-0.0042,0.0137,0.8940,0.00776,0.00424,0.0294,0.3164,0.00049,2,0.4365,0.2861,0.2773,0.9456,0.0135,0.00452,0.2703,0.2434,0.4863,0.8880,0.0126,0.00456,0.2773,0.3774,0.3452,0.9474,0.0146,0.00236,0.1921,0.4451,0.3628,0.7949,0.0140,0.00551
306,1253376,2,0.500,2000.0,1.00,0.50,-0.0036,0.0192,0.8447,0.00775,0.00411,0.0235,0.3161,0.00073,2,0.4309,0.3049,0.2642,0.9032,0.0192,0.00287,0.2903,0.2878,0.4219,0.8526,0.0197,0.00577,0.2737,0.3967,0.3296,0.8709,0.0190,0.00436,0.1865,0.4690,0.3445,0.7522,0.0189,0.00345
307,1257472,2,1.000,2000.0,1.50,0.50,-0.0038,0.0217,0.8980,0.00774,0.00470,0.0385,0.3693,0.00098,2,0.4243,0.3113,0.2644,0.9280,0.0204,0.00273,0.2905,0.2495,0.4600,0.9314,0.0220,0.00698,0.2905,0.3745,0.3350,0.9483,0.0224,0.00385,0.1602,0.4622,0.3777,0.7844,0.0219,0.00526
308,1261568,2,-1.000,2000.0,1.00,2.00,-0.0046,0.0325,0.9125,0.00774,0.00344,0.0286,0.5375,0.00171,2,0.4382,0.3088,0.2529,0.9544,0.0298,0.00309,0.3245,0.2429,0.4326,0.9591,0.0330,0.00305,0.2791,0.3911,0.3298,0.9551,0.0334,0.00404,0.1909,0.4697,0.3394,0.7815,0.0338,0.00360
309,1265664,2,-0.500,2000.0,0.50,1.00,-0.0048,0.0204,0.8879,0.00773,0.00601,0.0588,0.4734,0.00073,2,0.4224,0.2998,0.2778,0.9352,0.0195,0.00884,0.3201,0.2610,0.4189,0.8931,0.0203,0.00843,0.2727,0.3804,0.3469,0.9093,0.0206,0.00252,0.1968,0.4382,0.3650,0.8141,0.0212,0.00427
310,1269760,2,-2.500,2000.0,0.00,2.50,-0.0033,0.0143,0.8897,0.00772,0.00280,0.0214,0.6698,0.00122,2,0.3525,0.3582,0.2893,0.9264,0.0138,0.00315,0.3013,0.2688,0.4299,0.8809,0.0132,0.00214,0.2615,0.3982,0.3403,0.9359,0.0144,0.00415,0.1943,0.4534,0.3523,0.8155,0.0159,0.00178
311,1273856,2,0.000,2000.0,1.00,1.00,-0.0041,0.0195,0.9072,0.00771,0.00345,0.0162,0.2724,0.00073,2,0.3545,0.3701,0.2754,0.9515,0.0189,0.00433,0.2974,0.2637,0.4390,0.9236,0.0182,0.00363,0.2751,0.4006,0.3242,0.9826,0.0205,0.00319,0.1772,0.4910,0.3318,0.7710,0.0202,0.00264
312,1277952,2,0.500,2000.0,0.50,0.00,-0.0031,0.0166,0.8481,0.00771,0.00426,0.0360,0.4264,0.00073,2,0.3655,0.3694,0.2651,0.8906,0.0152,0.00699,0.2844,0.2866,0.4290,0.8787,0.0157,0.00430,0.2627,0.4272,0.3101,0.8873,0.0180,0.00231,0.1819,0.5037,0.3145,0.7356,0.0175,0.00345
313,1282048,2,0.500,2000.0,1.00,0.50,-0.0037,0.0135,0.8294,0.00770,0.00493,0.0467,0.3816,0.00049,2,0.3088,0.3672,0.3240,0.8809,0.0128,0.00311,0.2947,0.2620,0.4434,0.7981,0.0132,0.00406,0.2710,0.3909,0.3381,0.8622,0.0145,0.00425,0.2070,0.4290,0.3640,0.7764,0.0136,0.00828
314,1286144,2,2.000,2000.0,2.50,0.50,-0.0029,0.0291,0.8414,0.00769,0.00357,0.0190,0.3694,0.00146,2,0.3040,0.3840,0.3120,0.8950,0.0309,0.00530,0.3030,0.2698,0.4272,0.8444,0.0283,0.00304,0.2686,0.4128,0.3186,0.8765,0.0286,0.00362,0.1956,0.4548,0.3496,0.7497,0.0285,0.00233
315,1290240,2,-2.000,2000.0,0.00,2.00,-0.0033,0.0261,0.8726,0.00768,0.00405,0.0358,0.4491,0.00122,2,0.2886,0.3870,0.3245,0.9009,0.0262,0.00703,0.2998,0.2324,0.4678,0.8744,0.0256,0.00238,0.2625,0.4043,0.3333,0.9234,0.0261,0.00251,0.2153,0.4487,0.3359,0.7916,0.0263,0.00427
316,1294336,2,2.500,2000.0,3.00,0.50,-0.0030,0.0273,0.8762,0.00768,0.00390,0.0348,0.5482,0.00171,2,0.2515,0.4087,0.3398,0.9356,0.0274,0.00228,0.2903,0.2368,0.4729,0.8670,0.0260,0.00621,0.2788,0.3943,0.3269,0.9302,0.0276,0.00203,0.2122,0.4312,0.3567,0.7722,0.0283,0.00506
317,1298432,2,0.000,2000.0,1.50,1.50,-0.0038,0.0261,0.8379,0.00767,0.00413,0.0273,0.3746,0.00122,2,0.2542,0.4604,0.2854,0.8367,0.0243,0.00451,0.3269,0.2969,0.3762,0.8690,0.0238,0.00566,0.2478,0.4238,0.3284,0.9186,0.0288,0.00426,0.1978,0.4856,0.3167,0.7271,0.0274,0.00208
318,1302528,2,1.500,2000.0,1.50,0.00,-0.0040,0.0144,0.8625,0.00766,0.00396,0.0356,0.2344,0.00049,2,0.2571,0.4060,0.3369,0.9204,0.0133,0.00329,0.2964,0.2974,0.4062,0.8420,0.0134,0.00397,0.2332,0.4058,0.3611,0.8459,0.0160,0.00414,0.2249,0.4104,0.3647,0.8415,0.0148,0.00442
319,1306624,2,0.500,2000.0,0.50,0.00,-0.0027,0.0178,0.8582,0.00765,0.00316,0.0249,0.3188,0.00073,2,0.2363,0.4360,0.3276,0.8906,0.0172,0.00254,0.2759,0.3035,0.4207,0.8585,0.0170,0.00199,0.2183,0.4343,0.3474,0.8884,0.0186,0.00441,0.2219,0.4509,0.3271,0.7952,0.0182,0.00370
320,1310720,3,0.000,2000.0,1.00,1.00,-0.0044,0.0250,0.8464,0.00765,0.00487,0.0547,0.3628,0.00098,3,0.2417,0.4270,0.3313,0.8997,0.0242,0.00391,0.2632,0.3242,0.4126,0.8373,0.0243,0.00609,0.2168,0.4263,0.3569,0.8450,0.0259,0.00267,0.2385,0.4380,0.3235,0.8035,0.0257,0.00679
321,1314816,2,1.500,2000.0,2.00,0.50,-0.0031,0.0255,0.9034,0.00764,0.00410,0.0272,0.5152,0.00146,2,0.2373,0.4229,0.3398,0.9435,0.0244,0.00231,0.2988,0.2798,0.4214,0.8929,0.0258,0.00516,0.2607,0.3853,0.3540,0.9504,0.0251,0.00404,0.1978,0.4348,0.3674,0.8268,0.0266,0.00488
322,1318912,2,1.000,2000.0,2.00,1.00,-0.0035,0.0177,0.9033,0.00763,0.00443,0.0397,0.6516,0.00122,2,0.2065,0.4512,0.3423,0.9544,0.0171,0.00248,0.2871,0.2771,0.4358,0.8868,0.0166,0.00641,0.2666,0.4043,0.3291,0.9430,0.0186,0.00552,0.2007,0.4460,0.3533,0.8290,0.0184,0.00329
323,1323008,2,1.000,2000.0,1.50,0.50,-0.0043,0.0230,0.8778,0.00762,0.00525,0.0460,0.5125,0.00098,2,0.2185,0.4370,0.3445,0.9140,0.0205,0.00478,0.2522,0.2864,0.4614,0.8991,0.0211,0.00701,0.2585,0.4255,0.3159,0.9148,0.0264,0.00474,0.2083,0.4431,0.3486,0.7834,0.0239,0.00447
324,1327104,2,2.000,2000.0,2.00,0.00,-0.0051,0.0211,0.8832,0.00762,0.00582,0.0527,0.5251,0.00122,2,0.2112,0.4004,0.3884,0.9504,0.0213,0.01033,0.2534,0.2227,0.5239,0.8215,0.0212,0.00311,0.2698,0.3816,0.3486,0.9760,0.0215,0.00517,0.1821,0.3936,0.4243,0.7849,0.0205,0.00466
325,1331200,2,1.500,2000.0,1.50,0.00,-0.0031,0.0123,0.8170,0.00761,0.00324,0.0282,0.4777,0.00049,2,0.1968,0.4280,0.3752,0.8608,0.0124,0.00293,0.2361,0.2673,0.4966,0.7916,0.0113,0.00317,0.2175,0.4148,0.3677,0.8661,0.0129,0.00428,0.1763,0.4082,0.4155,0.7497,0.0125,0.00256
326,1335296,2,0.500,2000.0,1.00,0.50,-0.0039,0.0152,0.8351,0.00760,0.00392,0.0308,0.5053,0.00073,2,0.1936,0.4822,0.3242,0.8811,0.0136,0.00232,0.2441,0.2966,0.4592,0.8390,0.0131,0.00463,0.2256,0.4539,0.3206,0.8700,0.0164,0.00446,0.1826,0.4673,0.3501,0.7504,0.0178,0.00426
327,1339392,2,0.500,2000.0,1.00,0.50,-0.0033,0.0158,0.8207,0.00760,0.00327,0.0311,0.4846,0.00073,2,0.2043,0.4365,0.3591,0.9089,0.0145,0.00213,0.2083,0.2659,0.5259,0.7580,0.0143,0.00411,0.2297,0.4075,0.3628,0.8699,0.0174,0.00243,0.1621,0.4001,0.4377,0.7459,0.0169,0.00441
328,1343488,2,-0.500,2000.0,0.50,1.00,-0.0035,0.0269,0.9004,0.00759,0.00583,0.0634,0.2643,0.00098,2,0.2275,0.4358,0.3367,0.9270,0.0278,0.00560,0.2539,0.2927,0.4534,0.9129,0.0276,0.00609,0.2791,0.4062,0.3147,0.9694,0.0259,0.00800,0.1606,0.4482,0.3911,0.7925,0.0265,0.00362
329,1347584,2,1.500,2000.0,1.50,0.00,-0.0039,0.0169,0.8549,0.00758,0.00325,0.0250,0.5987,0.00098,2,0.2222,0.4646,0.3132,0.8972,0.0149,0.00334,0.2305,0.2822,0.4873,0.8428,0.0154,0.00314,0.2617,0.4036,0.3347,0.9278,0.0185,0.00465,0.1658,0.4524,0.3818,0.7516,0.0190,0.00187
330,1351680,2,1.500,2000.0,2.50,1.00,-0.0028,0.0262,0.8878,0.00757,0.00281,0.0184,0.4255,0.00122,2,0.2522,0.4189,0.3289,0.8856,0.0260,0.00520,0.2517,0.2686,0.4797,0.9028,0.0262,0.00208,0.2759,0.3918,0.3323,0.9345,0.0263,0.00192,0.1848,0.4128,0.4023,0.8282,0.0262,0.00204
331,1355776,2,0.500,2000.0,1.00,0.50,-0.0026,0.0278,0.7906,0.00757,0.00313,0.0242,0.2395,0.00098,2,0.2061,0.4851,0.3088,0.8036,0.0262,0.00216,0.2361,0.3069,0.4570,0.7868,0.0271,0.00480,0.2417,0.4185,0.3398,0.8445,0.0285,0.00438,0.1685,0.4485,0.3831,0.7273,0.0292,0.00118
332,1359872,2,-1.000,2000.0,0.50,1.50,-0.0043,0.0234,0.8038,0.00756,0.00486,0.0656,0.3312,0.00098,2,0.2097,0.4346,0.3557,0.8698,0.0219,0.00239,0.2244,0.2893,0.4863,0.7407,0.0221,0.00524,0.2434,0.3989,0.3577,0.8318,0.0245,0.00451,0.1831,0.3975,0.4194,0.7730,0.0251,0.00732
333,1363968,2,1.000,2000.0,1.00,0.00,-0.0030,0.0048,0.7746,0.00755,0.00239,0.0175,0.4926,0.00024,2,0.2102,0.4534,0.3364,0.8192,0.0044,0.00278,0.2261,0.2961,0.4778,0.7506,0.0051,0.00202,0.2178,0.4509,0.3313,0.7908,0.0047,0.00216,0.1968,0.4133,0.3899,0.7378,0.0049,0.00260
334,1368064,2,-0.500,2000.0,0.00,0.50,-0.0040,0.0116,0.7894,0.00754,0.00421,0.0356,0.3457,0.00049,2,0.1997,0.4705,0.3298,0.8244,0.0119,0.00499,0.2490,0.2861,0.4648,0.7407,0.0115,0.00530,0.2500,0.4304,0.3196,0.8340,0.0117,0.00323,0.1868,0.4248,0.3884,0.7584,0.0114,0.00332
335,1372160,2,-1.000,2000.0,0.50,1.50,-0.0052,0.0200,0.9140,0.00754,0.00653,0.0692,0.3936,0.00098,2,0.1848,0.4592,0.3560,0.9451,0.0209,0.00680,0.2437,0.2668,0.4895,0.8813,0.0192,0.00710,0.2979,0.4119,0.2903,0.9584,0.0203,0.00217,0.2224,0.4219,0.3557,0.8711,0.0195,0.01004
336,1376256,2,1.000,2000.0,1.50,0.50,-0.0026,0.0376,0.8451,0.00753,0.00327,0.0179,0.3754,0.00171,2,0.2095,0.4121,0.3784,0.8956,0.0383,0.00566,0.2263,0.2471,0.5266,0.7649,0.0350,0.00371,0.2729,0.4280,0.2991,0.9082,0.0379,0.00192,0.2080,0.4053,0.3867,0.8119,0.0392,0.00180
337,1380352,2,0.000,2000.0,1.50,1.50,-0.0029,0.0207,0.8108,0.00752,0.00288,0.0242,0.3071,0.00073,2,0.2129,0.4282,0.3589,0.8674,0.0209,0.00376,0.2085,0.2993,0.4922,0.7688,0.0190,0.00240,0.2549,0.4507,0.2944,0.8850,0.0211,0.00291,0.1877,0.4482,0.3640,0.7220,0.0219,0.00243
338,1384448,2,-0.500,2000.0,1.00,1.50,-0.0046,0.0204,0.8206,0.00751,0.00474,0.0451,0.3653,0.00098,2,0.2124,0.3569,0.4307,0.8951,0.0197,0.00552,0.2041,0.2549,0.5410,0.7146,0.0202,0.00519,0.2944,0.3813,0.3242,0.9338,0.0213,0.00320,0.1863,0.3896,0.4241,0.7390,0.0203,0.00506
339,1388544,2,-1.000,2000.0,0.00,1.00,-0.0044,0.0223,0.8318,0.00751,0.00434,0.0457,0.3290,0.00098,2,0.2319,0.3953,0.3728,0.9208,0.0211,0.00531,0.1946,0.2996,0.5059,0.7722,0.0216,0.00202,0.2588,0.4248,0.3164,0.9085,0.0239,0.00546,0.1660,0.4392,0.3948,0.7255,0.0225,0.00456
340,1392640,2,-1.500,2000.0,0.00,1.50,-0.0036,0.0080,0.8932,0.00750,0.00405,0.0519,0.3473,0.00024,2,0.2761,0.3760,0.3479,0.9730,0.0089,0.00604,0.2144,0.2793,0.5063,0.8795,0.0084,0.00362,0.3037,0.4109,0.2854,0.9440,0.0077,0.00462,0.1516,0.4724,0.3760,0.7763,0.0070,0.00191
341,1396736,3,0.000,2000.0,0.33,0.33,-0.0033,0.0124,0.9139,0.00749,0.00410,0.0306,0.2242,0.00049,3,0.2959,0.3699,0.3342,0.9753,0.0128,0.00323,0.2310,0.2700,0.4990,0.8902,0.0133,0.00417,0.2925,0.4143,0.2932,0.9799,0.0125,0.00542,0.1521,0.4644,0.3835,0.8102,0.0110,0.00356
342,1400832,2,0.500,2000.0,1.00,0.50,-0.0031,0.0181,0.9059,0.00748,0.00367,0.0305,0.3012,0.00073,2,0.2771,0.3716,0.3513,0.9816,0.0175,0.00306,0.2285,0.2563,0.5151,0.8708,0.0183,0.00245,0.3215,0.3691,0.3093,0.9973,0.0181,0.00379,0.1509,0.4419,0.4072,0.7740,0.0185,0.00535
343,1404928,2,-0.500,2000.0,0.50,1.00,-0.0036,0.0147,0.9418,0.00748,0.00324,0.0284,0.4504,0.00073,2,0.2974,0.3838,0.3188,1.0066,0.0127,0.00541,0.2451,0.2876,0.4673,0.9331,0.0140,0.00259,0.3308,0.3845,0.2847,1.0028,0.0150,0.00313,0.1680,0.4753,0.3567,0.8246,0.0172,0.00183
344,1409024,2,0.500,2000.0,2.00,1.50,-0.0040,0.0335,0.9037,0.00747,0.00558,0.0587,0.4307,0.00171,2,0.2676,0.3855,0.3469,0.9689,0.0330,0.00518,0.2197,0.2827,0.4976,0.8728,0.0340,0.00736,0.3174,0.3889,0.2937,0.9995,0.0345,0.00378,0.1633,0.4683,0.3684,0.7737,0.0324,0.00601
345,1413120,2,-1.000,2000.0,1.00,2.00,-0.0053,0.0445,0.9350,0.00746,0.00702,0.0709,0.3947,0.00171,2,0.2651,0.3738,0.3611,0.9838,0.0443,0.00861,0.2134,0.3083,0.4783,0.9022,0.0428,0.00812,0.2998,0.3633,0.3369,1.0280,0.0453,0.00654,0.1687,0.4062,0.4250,0.8261,0.0458,0.00481
346,1417216,2,-1.000,2000.0,0.50,1.50,-0.0035,0.0137,0.9004,0.00745,0.00367,0.0278,0.6015,0.00073,2,0.2454,0.4482,0.3064,0.9385,0.0133,0.00469,0.2046,0.3079,0.4875,0.8787,0.0123,0.00426,0.3320,0.3721,0.2959,0.9928,0.0157,0.00262,0.1816,0.4604,0.3579,0.7917,0.0137,0.00311
347,1421312,2,0.000,2000.0,1.00,1.00,-0.0034,0.0254,0.8627,0.00745,0.00338,0.0201,0.4415,0.00098,2,0.2642,0.3997,0.3362,0.9451,0.0252,0.00323,0.2029,0.2542,0.5430,0.7652,0.0245,0.00284,0.3184,0.3672,0.3145,0.9600,0.0277,0.00406,0.1785,0.4097,0.4119,0.7804,0.0241,0.00340
348,1425408,2,-1.000,2000.0,0.00,1.00,-0.0044,0.0119,0.8876,0.00744,0.00469,0.0510,0.4414,0.00049,2,0.2654,0.4304,0.3042,0.9098,0.0108,0.00832,0.2058,0.2910,0.5032,0.8669,0.0119,0.00339,0.3245,0.3857,0.2898,0.9745,0.0124,0.00282,0.1707,0.4639,0.3655,0.7991,0.0126,0.00422
349,1429504,2,0.500,2000.0,0.50,0.00,-0.0041,0.0079,0.8522,0.00743,0.00454,0.0443,0.2349,0.00024,2,0.2134,0.4519,0.3347,0.9191,0.0071,0.00623,0.2139,0.2947,0.4915,0.8119,0.0074,0.00359,0.3113,0.3984,0.2903,0.9273,0.0087,0.00553,0.1594,0.4568,0.3838,0.7505,0.0085,0.00281
350,1433600,2,-0.500,2000.0,0.50,1.00,-0.0040,0.0245,0.8468,0.00743,0.00459,0.0367,0.4605,0.00122,2,0.2598,0.4036,0.3367,0.8895,0.0232,0.00725,0.2131,0.2561,0.5308,0.7994,0.0227,0.00222,0.2854,0.3926,0.3220,0.9382,0.0250,0.00734,0.1750,0.3923,0.4326,0.7600,0.0271,0.00153
351,1437696,2,-1.000,2000.0,1.00,2.00,-0.0028,0.0244,0.8505,0.00742,0.00317,0.0206,0.4623,0.00098,2,0.2793,0.4124,0.3083,0.8735,0.0233,0.00392,0.2229,0.2788,0.4983,0.8220,0.0231,0.00291,0.3318,0.3669,0.3013,0.9200,0.0257,0.00257,0.1851,0.3999,0.4150,0.7865,0.0257,0.00327
352,1441792,2,0.000,2000.0,1.00,1.00,-0.0025,0.0263,0.8474,0.00741,0.00292,0.0170,0.4562,0.00122,2,0.2407,0.4885,0.2708,0.8268,0.0252,0.00385,0.2175,0.3311,0.4514,0.8558,0.0253,0.00242,0.3218,0.3962,0.2820,0.9140,0.0273,0.00288,0.1785,0.4648,0.3567,0.7930,0.0273,0.00253
353,1445888,2,0.500,2000.0,1.50,1.00,-0.0040,0.0289,0.9089,0.00740,0.00479,0.0390,0.5211,0.00146,2,0.2656,0.4241,0.3103,0.9356,0.0282,0.00653,0.2507,0.2957,0.4536,0.8978,0.0283,0.00372,0.2986,0.3650,0.3364,0.9180,0.0303,0.00472,0.1924,0.3860,0.4216,0.8843,0.0287,0.00417
354,1449984,2,1.000,2000.0,2.00,1.00,-0.0039,0.0270,0.8886,0.00740,0.00471,0.0412,0.4913,0.00122,2,0.2529,0.4395,0.3076,0.8944,0.0258,0.00645,0.2646,0.2671,0.4683,0.8998,0.0274,0.00393,0.3254,0.3862,0.2883,0.9093,0.0282,0.00602,0.2217,0.4041,0.3743,0.8508,0.0265,0.00243
355,1454080,2,-0.500,2000.0,0.50,1.00,-0.0027,0.0265,0.8372,0.00739,0.00400,0.0323,0.3396,0.00098,2,0.2312,0.4248,0.3440,0.8952,0.0260,0.00607,0.2627,0.2581,0.4792,0.8188,0.0256,0.00428,0.2939,0.3567,0.3494,0.9295,0.0276,0.00241,0.1721,0.3882,0.4397,0.7053,0.0268,0.00326
356,1458176,2,2.500,2000.0,2.50,0.00,-0.0033,0.0250,0.8461,0.00738,0.00297,0.0237,0.3008,0.00098,2,0.2197,0.4736,0.3066,0.8474,0.0239,0.00407,0.2729,0.2993,0.4277,0.8529,0.0254,0.00172,0.3096,0.3918,0.2986,0.8834,0.0260,0.00300,0.1750,0.4600,0.3650,0.8005,0.0245,0.00308
357,1462272,2,0.500,2000.0,0.50,0.00,-0.0038,0.0105,0.8101,0.00737,0.00418,0.0385,0.1213,0.00024,2,0.2378,0.4253,0.3369,0.8454,0.0105,0.00498,0.2544,0.2810,0.4646,0.7546,0.0108,0.00266,0.3062,0.3630,0.3308,0.8896,0.0102,0.00443,0.1951,0.4053,0.3997,0.7506,0.0103,0.00465
358,1466368,2,0.000,2000.0,1.00,1.00,-0.0036,0.0202,0.8819,0.00737,0.00325,0.0214,0.4361,0.00098,2,0.2544,0.4236,0.3220,0.9121,0.0201,0.00243,0.2600,0.2803,0.4597,0.8595,0.0190,0.00232,0.3411,0.3433,0.3157,0.9616,0.0204,0.00467,0.1995,0.4150,0.3855,0.7945,0.0213,0.00357
359,1470464,2,0.000,2000.0,1.00,1.00,-0.0042,0.0264,0.8537,0.00736,0.00403,0.0369,0.3974,0.00122,2,0.2478,0.4207,0.3315,0.8625,0.0269,0.00245,0.2546,0.2900,0.4553,0.8385,0.0262,0.00353,0.3291,0.3550,0.3159,0.9176,0.0262,0.00540,0.2327,0.3953,0.3721,0.7961,0.0265,0.00474
360,1474560,2,-0.500,2000.0,1.00,1.50,-0.0028,0.0245,0.8644,0.00735,0.00316,0.0200,0.3750,0.00098,2,0.2568,0.3936,0.3496,0.9308,0.0240,0.00511,0.2517,0.2571,0.4912,0.8019,0.0232,0.00189,0.3230,0.3464,0.3306,0.9086,0.0252,0.00382,0.2229,0.3699,0.4072,0.8165,0.0255,0.00182
361,1478656,2,-0.500,2000.0,0.00,0.50,-0.0041,0.0158,0.7965,0.00734,0.00428,0.0409,0.3103,0.00049,2,0.2642,0.3940,0.3418,0.8300,0.0161,0.00411,0.2510,0.2517,0.4973,0.7446,0.0152,0.00534,0.2959,0.3506,0.3535,0.8755,0.0156,0.00452,0.1958,0.3860,0.4182,0.7359,0.0162,0.00313
362,1482752,3,1.333,2000.0,2.00,0.67,-0.0042,0.0304,0.8964,0.00734,0.00448,0.0384,0.3688,0.00146,3,0.2756,0.4031,0.3213,0.9251,0.0297,0.00491,0.2888,0.2471,0.4641,0.8810,0.0302,0.00649,0.3210,0.3408,0.3381,0.9443,0.0307,0.00474,0.2224,0.3948,0.3828,0.8350,0.0310,0.00178
363,1486848,2,1.000,2000.0,1.00,0.00,-0.0038,0.0111,0.8382,0.00733,0.00431,0.0359,0.4513,0.00049,2,0.2688,0.4229,0.3083,0.8584,0.0108,0.00448,0.3035,0.2725,0.4241,0.7895,0.0104,0.00438,0.2888,0.3774,0.3337,0.9319,0.0113,0.00313,0.2202,0.4165,0.3633,0.7731,0.0121,0.00527
364,1490944,2,-0.500,2000.0,0.50,1.00,-0.0037,0.0143,0.8809,0.00732,0.00344,0.0206,0.5025,0.00073,2,0.3115,0.3921,0.2964,0.8855,0.0129,0.00398,0.2969,0.2505,0.4526,0.8487,0.0136,0.00349,0.3130,0.3542,0.3328,0.9836,0.0151,0.00223,0.2202,0.4104,0.3694,0.8056,0.0157,0.00407
365,1495040,2,-0.500,2000.0,0.00,0.50,-0.0036,0.0090,0.9011,0.00731,0.00356,0.0239,0.4802,0.00049,2,0.3262,0.4214,0.2524,0.8969,0.0091,0.00221,0.3369,0.2676,0.3955,0.9021,0.0072,0.00276,0.3105,0.3684,0.3210,0.9668,0.0101,0.00600,0.2034,0.4326,0.3640,0.8386,0.0096,0.00328
366,1499136,2,0.500,2000.0,1.50,1.00,-0.0031,0.0247,0.8704,0.00731,0.00322,0.0247,0.3784,0.00098,2,0.3022,0.4082,0.2896,0.8508,0.0238,0.00375,0.2900,0.2957,0.4143,0.8680,0.0235,0.00227,0.2803,0.3911,0.3286,0.9716,0.0248,0.00484,0.2261,0.4094,0.3645,0.7913,0.0266,0.00200
367,1503232,2,0.500,2000.0,0.50,0.00,-0.0036,0.0147,0.8488,0.00730,0.00459,0.0458,0.2026,0.00049,2,0.3118,0.3970,0.2913,0.8388,0.0153,0.00447,0.2839,0.2805,0.4355,0.8168,0.0145,0.00744,0.2688,0.3757,0.3555,0.9377,0.0149,0.00247,0.2285,0.3828,0.3887,0.8019,0.0143,0.00398
368,1507328,2,-0.500,2000.0,0.50,1.00,-0.0045,0.0102,0.8469,0.00729,0.00486,0.0425,0.4099,0.00049,2,0.3147,0.4265,0.2588,0.8359,0.0105,0.00265,0.3416,0.3005,0.3579,0.8230,0.0092,0.00316,0.2996,0.3960,0.3044,0.9150,0.0105,0.00662,0.2468,0.4231,0.3301,0.8137,0.0106,0.00700
369,1511424,2,1.500,2000.0,2.00,0.50,-0.0035,0.0322,0.9063,0.00729,0.00429,0.0331,0.3088,0.00146,2,0.3645,0.3679,0.2676,0.9238,0.0325,0.00443,0.3801,0.2629,0.3569,0.9091,0.0318,0.00204,0.2976,0.3655,0.3369,0.9828,0.0321,0.00505,0.2583,0.3777,0.3640,0.8097,0.0322,0.00563
370,1515520,2,-1.000,2000.0,1.00,2.00,-0.0033,0.0280,0.8679,0.00728,0.00373,0.0295,0.4252,0.00122,2,0.3733,0.3699,0.2568,0.8974,0.0287,0.00229,0.3689,0.2837,0.3474,0.8722,0.0274,0.00581,0.2920,0.3853,0.3228,0.9312,0.0288,0.00392,0.2163,0.4158,0.3679,0.7708,0.0272,0.00289
371,1519616,2,-1.000,2000.0,0.50,1.50,-0.0037,0.0230,0.8806,0.00727,0.00408,0.0269,0.3364,0.00098,2,0.3499,0.3857,0.2644,0.8896,0.0235,0.00641,0.4209,0.2708,0.3083,0.8934,0.0222,0.00401,0.3113,0.3838,0.3049,0.9464,0.0236,0.00311,0.2324,0.4399,0.3276,0.7929,0.0225,0.00281
372,1523712,2,0.000,2000.0,0.50,0.50,-0.0056,0.0202,0.8472,0.00726,0.00549,0.0659,0.3634,0.00073,2,0.3440,0.3569,0.2991,0.8600,0.0203,0.00569,0.3936,0.2681,0.3384,0.8325,0.0200,0.00493,0.3149,0.3621,0.3230,0.9130,0.0199,0.00684,0.2449,0.3879,0.3672,0.7834,0.0205,0.00451
373,1527808,2,0.000,2000.0,0.50,0.50,-0.0036,0.0151,0.9004,0.00726,0.00437,0.0385,0.4743,0.00073,2,0.3384,0.4028,0.2588,0.9174,0.0155,0.00647,0.3999,0.2769,0.3232,0.9106,0.0152,0.00299,0.2729,0.3901,0.3369,1.0044,0.0154,0.00490,0.1672,0.4648,0.3679,0.7693,0.0142,0.00313
374,1531904,2,0.000,2000.0,1.00,1.00,-0.0031,0.0173,0.8343,0.00725,0.00367,0.0210,0.4724,0.00073,2,0.3440,0.3857,0.2703,0.8168,0.0164,0.00426,0.3215,0.3220,0.3564,0.8267,0.0174,0.00451,0.2820,0.3779,0.3401,0.9429,0.0178,0.00389,0.2092,0.4434,0.3474,0.7509,0.0176,0.00202
375,1536000,2,1.000,2000.0,1.00,0.00,-0.0041,0.0259,0.8371,0.00724,0.00449,0.0393,0.3064,0.00098,2,0.3843,0.3440,0.2717,0.8257,0.0269,0.00732,0.3108,0.3123,0.3770,0.8317,0.0241,0.00394,0.2800,0.3750,0.3450,0.8890,0.0268,0.00419,0.2085,0.4153,0.3762,0.8019,0.0256,0.00252
376,1540096,2,1.000,2000.0,2.00,1.00,-0.0030,0.0166,0.8364,0.00723,0.00403,0.0278,0.5427,0.00098,2,0.4219,0.3367,0.2415,0.8174,0.0161,0.00521,0.3118,0.2959,0.3923,0.8344,0.0180,0.00299,0.2837,0.3604,0.3560,0.9293,0.0155,0.00459,0.2046,0.4348,0.3606,0.7647,0.0169,0.00335
377,1544192,2,1.000,2000.0,1.00,0.00,-0.0027,0.0107,0.8635,0.00723,0.00421,0.0224,0.4880,0.00049,2,0.4236,0.3384,0.2380,0.8239,0.0111,0.00729,0.3357,0.2917,0.3726,0.8838,0.0109,0.00526,0.2900,0.3750,0.3350,0.9570,0.0100,0.00122,0.2026,0.4294,0.3679,0.7891,0.0108,0.00306
378,1548288,2,1.000,2000.0,1.00,0.00,-0.0040,0.0063,0.8105,0.00722,0.00427,0.0333,0.5213,0.00024,2,0.4434,0.3120,0.2446,0.7695,0.0063,0.00450,0.3379,0.2871,0.3750,0.8329,0.0062,0.00430,0.2883,0.3645,0.3472,0.9015,0.0062,0.00484,0.2097,0.4160,0.3743,0.7381,0.0064,0.00342
379,1552384,2,0.500,2000.0,0.50,0.00,-0.0029,0.0101,0.8296,0.00721,0.00343,0.0273,0.4313,0.00049,2,0.4431,0.3188,0.2380,0.8108,0.0106,0.00221,0.3721,0.2886,0.3394,0.8339,0.0103,0.00268,0.2820,0.3843,0.3337,0.9207,0.0102,0.00481,0.1917,0.4502,0.3582,0.7530,0.0095,0.00401
380,1556480,2,2.000,2000.0,2.00,0.00,-0.0032,0.0294,0.9173,0.00720,0.00357,0.0237,0.2633,0.00122,2,0.4956,0.2922,0.2122,0.9012,0.0300,0.00275,0.4197,0.2485,0.3318,0.9340,0.0270,0.00391,0.3115,0.3484,0.3401,0.9994,0.0316,0.00343,0.2026,0.4167,0.3806,0.8348,0.0291,0.00420
381,1560576,2,1.000,2000.0,1.50,0.50,-0.0037,0.0180,0.8654,0.00720,0.00402,0.0337,0.4133,0.00073,2,0.4553,0.3000,0.2446,0.8437,0.0167,0.00405,0.3992,0.2468,0.3540,0.8797,0.0177,0.00285,0.2922,0.3621,0.3457,0.9419,0.0191,0.00581,0.2119,0.3970,0.3911,0.7963,0.0185,0.00339
382,1564672,2,0.500,2000.0,0.50,0.00,-0.0024,0.0091,0.8170,0.00719,0.00320,0.0198,0.2332,0.00024,2,0.4229,0.3274,0.2498,0.7922,0.0088,0.00418,0.3755,0.2788,0.3457,0.8652,0.0082,0.00234,0.2964,0.3823,0.3213,0.8817,0.0091,0.00430,0.2170,0.4209,0.3621,0.7288,0.0103,0.00198
383,1568768,3,0.333,2000.0,1.00,0.67,-0.0029,0.0168,0.8755,0.00718,0.00444,0.0372,0.3904,0.00098,3,0.5154,0.2668,0.2178,0.8322,0.0172,0.00737,0.4253,0.2253,0.3494,0.8990,0.0162,0.00365,0.3010,0.3501,0.3489,0.9538,0.0162,0.00420,0.2087,0.3708,0.4204,0.8169,0.0174,0.00252
384,1572864,2,0.500,2000.0,0.50,0.00,-0.0043,0.0092,0.8215,0.00717,0.00488,0.0347,0.0441,0.00024,2,0.4949,0.2935,0.2117,0.8125,0.0086,0.00751,0.4128,0.2693,0.3179,0.8453,0.0083,0.00586,0.2827,0.3909,0.3264,0.8893,0.0101,0.00337,0.2031,0.4434,0.3535,0.7387,0.0099,0.00280
385,1576960,2,0.500,2000.0,1.50,1.00,-0.0045,0.0214,0.8743,0.00717,0.00617,0.0585,0.4175,0.00122,2,0.4995,0.2629,0.2375,0.8520,0.0215,0.00492,0.4343,0.2285,0.3372,0.8927,0.0209,0.00597,0.2717,0.3672,0.3611,0.9344,0.0220,0.00697,0.2214,0.3970,0.3816,0.8181,0.0213,0.00683
386,1581056,2,-0.500,2000.0,0.00,0.50,-0.0030,0.0083,0.8472,0.00716,0.00377,0.0318,0.2070,0.00024,2,0.4883,0.2712,0.2405,0.8259,0.0079,0.00237,0.3379,0.2834,0.3787,0.8856,0.0074,0.00351,0.2761,0.3892,0.3347,0.8722,0.0092,0.00640,0.2463,0.4211,0.3325,0.8052,0.0088,0.00278
387,1585152,2,-2.000,2000.0,0.00,2.00,-0.0041,0.0173,0.8906,0.00715,0.00363,0.0273,0.4643,0.00098,2,0.5212,0.2800,0.1987,0.8774,0.0179,0.00146,0.4011,0.2595,0.3394,0.9522,0.0160,0.00626,0.2871,0.4182,0.2947,0.9545,0.0173,0.00392,0.2063,0.4663,0.3274,0.7782,0.0181,0.00286
388,1589248,2,0.500,2000.0,1.00,0.50,-0.0048,0.0153,0.8880,0.00715,0.00441,0.0312,0.4436,0.00073,2,0.5049,0.2834,0.2117,0.8719,0.0158,0.00456,0.3965,0.2632,0.3403,0.9438,0.0143,0.00580,0.2888,0.4268,0.2844,0.9122,0.0154,0.00377,0.2456,0.4470,0.3074,0.8241,0.0156,0.00351
389,1593344,2,0.500,2000.0,1.50,1.00,-0.0028,0.0325,0.8539,0.00714,0.00334,0.0254,0.3553,0.00122,2,0.4939,0.2744,0.2317,0.8421,0.0302,0.00493,0.3589,0.2705,0.3706,0.9124,0.0324,0.00422,0.2974,0.4021,0.3005,0.9062,0.0352,0.00159,0.2051,0.4490,0.3459,0.7549,0.0322,0.00261
390,1597440,2,0.000,2000.0,1.00,1.00,-0.0039,0.0319,0.8637,0.00713,0.00483,0.0413,0.5189,0.00171,2,0.5435,0.2292,0.2273,0.8536,0.0336,0.00349,0.3308,0.2517,0.4175,0.8957,0.0318,0.00739,0.2817,0.3828,0.3354,0.9190,0.0312,0.00570,0.2163,0.3909,0.3928,0.7864,0.0311,0.00273
391,1601536,2,1.500,2000.0,2.00,0.50,-0.0039,0.0246,0.8594,0.00712,0.00527,0.0362,0.4105,0.00122,2,0.5081,0.2588,0.2332,0.8239,0.0263,0.00618,0.2876,0.2922,0.4202,0.9399,0.0243,0.00750,0.3242,0.3682,0.3076,0.9046,0.0244,0.00436,0.2209,0.4441,0.3350,0.7694,0.0234,0.00304
392,1605632,2,0.000,2000.0,1.50,1.50,-0.0041,0.0274,0.8963,0.00712,0.00370,0.0289,0.3270,0.00122,2,0.5916,0.2253,0.1831,0.8403,0.0264,0.00158,0.3313,0.2739,0.3948,0.9770,0.0257,0.00364,0.3030,0.3889,0.3081,0.9239,0.0296,0.00662,0.2351,0.4507,0.3142,0.8438,0.0278,0.00293
393,1609728,2,1.500,2000.0,2.00,0.50,-0.0043,0.0281,0.8541,0.00711,0.00481,0.0448,0.4400,0.00098,2,0.5024,0.2607,0.2368,0.8202,0.0296,0.00450,0.3552,0.2729,0.3718,0.9194,0.0285,0.00530,0.2927,0.3892,0.3181,0.9239,0.0289,0.00366,0.2131,0.4507,0.3362,0.7530,0.0253,0.00577
394,1613824,2,-1.000,2000.0,0.00,1.00,-0.0043,0.0138,0.8465,0.00710,0.00510,0.0527,0.4086,0.00049,2,0.4731,0.2715,0.2554,0.8350,0.0150,0.00628,0.3052,0.2966,0.3982,0.8955,0.0153,0.00427,0.3213,0.3696,0.3091,0.9011,0.0120,0.00602,0.1985,0.4387,0.3628,0.7544,0.0129,0.00382
395,1617920,2,1.000,2000.0,1.50,0.50,-0.0046,0.0284,0.8818,0.00709,0.00640,0.0605,0.3088,0.00122,2,0.4973,0.2983,0.2043,0.8562,0.0296,0.00784,0.3264,0.3127,0.3608,0.9547,0.0283,0.00354,0.3809,0.3535,0.2656,0.9015,0.0279,0.00805,0.2175,0.4636,0.3188,0.8149,0.0280,0.00618
396,1622016,2,-2.500,2000.0,0.50,3.00,-0.0041,0.0316,0.8970,0.00709,0.00527,0.0541,0.3713,0.00146,2,0.5334,0.2671,0.1995,0.8613,0.0317,0.00874,0.3362,0.3015,0.3623,0.9706,0.0303,0.00176,0.3804,0.3450,0.2747,0.9223,0.0325,0.00404,0.2395,0.4480,0.3125,0.8340,0.0319,0.00655
397,1626112,2,-0.500,2000.0,0.50,1.00,-0.0042,0.0202,0.8838,0.00708,0.00462,0.0333,0.3949,0.00098,2,0.4937,0.2722,0.2341,0.8794,0.0202,0.00628,0.3562,0.2761,0.3677,0.9082,0.0181,0.00329,0.3711,0.3264,0.3025,0.9214,0.0207,0.00328,0.2639,0.3733,0.3628,0.8263,0.0218,0.00563
398,1630208,2,0.000,2000.0,1.00,1.00,-0.0035,0.0300,0.8538,0.00707,0.00380,0.0241,0.3504,0.00122,2,0.4177,0.3362,0.2461,0.8594,0.0304,0.00432,0.3210,0.3027,0.3762,0.8884,0.0298,0.00301,0.3979,0.3223,0.2798,0.8691,0.0317,0.00481,0.2529,0.4133,0.3337,0.7982,0.0283,0.00304
399,1634304,2,-1.000,2000.0,1.00,2.00,-0.0031,0.0289,0.8559,0.00706,0.00285,0.0209,0.4109,0.00122,2,0.4331,0.2957,0.2712,0.8383,0.0282,0.00353,0.2932,0.2769,0.4299,0.8680,0.0282,0.00213,0.3708,0.3147,0.3145,0.9075,0.0295,0.00286,0.2664,0.3621,0.3716,0.8100,0.0298,0.00290
400,1638400,2,0.500,2000.0,1.00,0.50,-0.0043,0.0137,0.8745,0.00706,0.00454,0.0451,0.3354,0.00049,2,0.4387,0.3137,0.2476,0.8225,0.0145,0.00431,0.3093,0.2898,0.4009,0.9093,0.0140,0.00404,0.3823,0.3228,0.2949,0.9055,0.0135,0.00525,0.2874,0.3608,0.3518,0.8604,0.0125,0.00454
401,1642496,2,-0.500,2000.0,0.50,1.00,-0.0035,0.0093,0.9166,0.00705,0.00447,0.0386,0.4523,0.00049,2,0.4758,0.3018,0.2224,0.8831,0.0099,0.00498,0.3381,0.2695,0.3923,0.9743,0.0086,0.00542,0.4146,0.2993,0.2861,0.9418,0.0095,0.00333,0.3125,0.3630,0.3245,0.8671,0.0090,0.00414
402,1646592,2,0.000,2000.0,0.50,0.50,-0.0056,0.0237,0.8646,0.00704,0.00517,0.0521,0.3603,0.00098,2,0.4426,0.3337,0.2236,0.8002,0.0244,0.00316,0.3291,0.2905,0.3804,0.9427,0.0237,0.00666,0.3828,0.3291,0.2881,0.9169,0.0236,0.00573,0.2866,0.4009,0.3125,0.7987,0.0231,0.00512
403,1650688,2,-1.500,2000.0,0.50,2.00,-0.0030,0.0287,0.8760,0.00703,0.00436,0.0354,0.4645,0.00146,2,0.4861,0.2805,0.2334,0.8374,0.0277,0.00726,0.3264,0.2556,0.4180,0.9288,0.0281,0.00302,0.3901,0.3042,0.3057,0.9259,0.0300,0.00355,0.3474,0.3374,0.3152,0.8120,0.0290,0.00362
404,1654784,3,-0.333,2000.0,0.67,1.00,-0.0038,0.0084,0.8978,0.00703,0.00419,0.0364,0.6049,0.00049,3,0.4963,0.3130,0.1907,0.8622,0.0081,0.00521,0.3550,0.2556,0.3894,0.9524,0.0077,0.00299,0.3933,0.3118,0.2949,0.9429,0.0094,0.00582,0.3333,0.3718,0.2949,0.8335,0.0085,0.00275
405,1658880,2,1.500,2000.0,2.00,0.50,-0.0038,0.0344,0.8124,0.00702,0.00506,0.0445,0.2532,0.00122,2,0.3567,0.3652,0.2781,0.7422,0.0340,0.00513,0.3137,0.3088,0.3774,0.8635,0.0347,0.00520,0.3718,0.3242,0.3040,0.9114,0.0344,0.00529,0.2852,0.3938,0.3210,0.7324,0.0345,0.00462
406,1662976,2,0.500,2000.0,1.00,0.50,-0.0049,0.0267,0.8472,0.00701,0.00501,0.0504,0.2896,0.00098,2,0.4019,0.3264,0.2717,0.7826,0.0273,0.00372,0.3457,0.2827,0.3716,0.8975,0.0249,0.00927,0.3577,0.3174,0.3250,0.9014,0.0276,0.00326,0.3210,0.3660,0.3130,0.8072,0.0268,0.00380
407,1667072,2,0.000,2000.0,1.00,1.00,-0.0048,0.0213,0.9006,0.00700,0.00500,0.0489,0.2408,0.00073,2,0.4512,0.3254,0.2234,0.8812,0.0215,0.00291,0.3494,0.2893,0.3613,0.9532,0.0218,0.00693,0.3967,0.3042,0.2991,0.9390,0.0212,0.00481,0.3071,0.3767,0.3162,0.8290,0.0207,0.00535
408,1671168,2,0.000,2000.0,0.50,0.50,-0.0029,0.0114,0.8744,0.00700,0.00438,0.0287,0.4607,0.00049,2,0.3811,0.3582,0.2607,0.8331,0.0119,0.00477,0.3821,0.2795,0.3384,0.9117,0.0119,0.00516,0.4041,0.3052,0.2908,0.9211,0.0110,0.00339,0.2690,0.3921,0.3389,0.8317,0.0108,0.00422
409,1675264,2,-0.500,2000.0,0.50,1.00,-0.0049,0.0177,0.8716,0.00699,0.00662,0.0748,0.4089,0.00073,2,0.3862,0.3628,0.2510,0.8276,0.0169,0.01368,0.3828,0.2688,0.3484,0.8885,0.0172,0.00338,0.4133,0.2957,0.2910,0.9412,0.0185,0.00462,0.2710,0.3877,0.3413,0.8293,0.0180,0.00482
410,1679360,2,0.000,2000.0,0.50,0.50,-0.0037,0.0144,0.8445,0.00698,0.00456,0.0286,0.2989,0.00049,2,0.4001,0.3550,0.2449,0.7998,0.0145,0.00369,0.3306,0.3081,0.3613,0.8963,0.0147,0.00370,0.4133,0.3057,0.2810,0.9053,0.0142,0.00512,0.2954,0.3882,0.3164,0.7766,0.0144,0.00572
411,1683456,2,1.000,2000.0,1.00,0.00,-0.0034,0.0137,0.8506,0.00698,0.00403,0.0387,0.2403,0.00049,2,0.4192,0.3586,0.2222,0.7839,0.0143,0.00416,0.3318,0.3000,0.3682,0.8907,0.0137,0.00521,0.4380,0.3000,0.2620,0.9131,0.0133,0.00454,0.2837,0.3889,0.3274,0.8146,0.0134,0.00222
412,1687552,2,2.000,2000.0,2.00,0.00,-0.0045,0.0229,0.7969,0.00697,0.00444,0.0350,0.3938,0.00098,2,0.4067,0.3438,0.2495,0.7611,0.0231,0.00562,0.3745,0.2712,0.3542,0.8242,0.0221,0.00701,0.3940,0.3074,0.2986,0.8814,0.0230,0.00238,0.2708,0.3738,0.3555,0.7210,0.0233,0.00274
413,1691648,2,0.000,2000.0,0.50,0.50,-0.0036,0.0143,0.8261,0.00696,0.00322,0.0272,0.3494,0.00049,2,0.3953,0.3562,0.2485,0.7807,0.0139,0.00508,0.3196,0.3037,0.3767,0.8513,0.0146,0.00253,0.4116,0.3049,0.2834,0.8937,0.0141,0.00353,0.2988,0.3796,0.3215,0.7789,0.0145,0.00175
414,1695744,2,1.000,2000.0,1.50,0.50,-0.0045,0.0259,0.8746,0.00695,0.00465,0.0396,0.4004,0.00122,2,0.3938,0.3889,0.2173,0.8226,0.0253,0.00425,0.3215,0.3145,0.3640,0.9284,0.0241,0.00465,0.4412,0.3059,0.2529,0.9045,0.0273,0.00483,0.3110,0.3926,0.2964,0.8428,0.0270,0.00489
415,1699840,2,1.500,2000.0,2.00,0.50,-0.0033,0.0193,0.8731,0.00695,0.00351,0.0209,0.5098,0.00098,2,0.4111,0.3496,0.2393,0.8362,0.0197,0.00307,0.3218,0.2825,0.3958,0.9271,0.0190,0.00190,0.4236,0.3027,0.2737,0.9361,0.0193,0.00369,0.3198,0.3442,0.3359,0.7929,0.0193,0.00537
416,1703936,2,-0.500,2000.0,0.00,0.50,-0.0031,0.0089,0.8888,0.00694,0.00378,0.0246,0.5485,0.00049,2,0.4424,0.3286,0.2290,0.8532,0.0081,0.00304,0.3708,0.2375,0.3916,0.9554,0.0089,0.00255,0.4114,0.3037,0.2849,0.9262,0.0091,0.00398,0.3071,0.3491,0.3438,0.8205,0.0095,0.00556
417,1708032,2,-0.500,2000.0,0.50,1.00,-0.0029,0.0200,0.8176,0.00693,0.00273,0.0240,0.3549,0.00073,2,0.3652,0.3892,0.2456,0.7346,0.0190,0.00296,0.3276,0.2979,0.3745,0.8633,0.0188,0.00236,0.3948,0.3250,0.2803,0.8863,0.0211,0.00258,0.3042,0.3713,0.3245,0.7861,0.0211,0.00303
418,1712128,2,-0.500,2000.0,1.00,1.50,-0.0030,0.0237,0.8459,0.00692,0.00345,0.0184,0.3739,0.00098,2,0.4121,0.3518,0.2361,0.8103,0.0233,0.00327,0.3633,0.2808,0.3560,0.9052,0.0232,0.00512,0.3977,0.3167,0.2856,0.8758,0.0252,0.00292,0.3284,0.3391,0.3325,0.7924,0.0232,0.00250
419,1716224,2,0.500,2000.0,0.50,0.00,-0.0048,0.0120,0.8379,0.00692,0.00487,0.0378,0.4456,0.00049,2,0.4084,0.3511,0.2405,0.8423,0.0124,0.00675,0.4033,0.2578,0.3389,0.8662,0.0118,0.00554,0.4070,0.3250,0.2681,0.8762,0.0121,0.00369,0.3313,0.3301,0.3386,0.7668,0.0115,0.00348
420,1720320,2,0.000,2000.0,0.50,0.50,-0.0039,0.0112,0.7862,0.00691,0.00437,0.0341,0.3072,0.00049,2,0.3213,0.4221,0.2566,0.7469,0.0103,0.00370,0.4238,0.2715,0.3047,0.8428,0.0100,0.00351,0.4016,0.3389,0.2595,0.8588,0.0116,0.00664,0.2839,0.4021,0.3140,0.6962,0.0129,0.00365
421,1724416,2,-2.000,2000.0,0.00,2.00,-0.0040,0.0126,0.8216,0.00690,0.00512,0.0501,0.4950,0.00073,2,0.3289,0.4165,0.2546,0.7931,0.0131,0.00290,0.4207,0.2705,0.3088,0.9012,0.0121,0.00448,0.4563,0.3162,0.2275,0.8395,0.0127,0.00707,0.3145,0.4084,0.2771,0.7525,0.0126,0.00604
422,1728512,2,0.000,2000.0,0.50,0.50,-0.0041,0.0184,0.8385,0.00689,0.00543,0.0539,0.3414,0.00073,2,0.3445,0.3665,0.2891,0.8328,0.0186,0.00361,0.4272,0.2520,0.3208,0.8675,0.0187,0.00741,0.4551,0.2925,0.2524,0.8736,0.0179,0.00625,0.3311,0.3467,0.3223,0.7802,0.0185,0.00446
423,1732608,2,1.500,2000.0,1.50,0.00,-0.0036,0.0143,0.7847,0.00689,0.00413,0.0385,0.2569,0.00049,2,0.3364,0.3882,0.2754,0.7607,0.0145,0.00452,0.3486,0.2952,0.3562,0.8512,0.0130,0.00290,0.4785,0.2793,0.2422,0.8561,0.0144,0.00596,0.2639,0.4065,0.3296,0.6707,0.0151,0.00314
424,1736704,2,0.500,2000.0,0.50,0.00,-0.0041,0.0081,0.8066,0.00688,0.00440,0.0411,0.0806,0.00024,2,0.3198,0.3882,0.2920,0.7712,0.0077,0.00391,0.3413,0.3059,0.3528,0.8695,0.0079,0.00676,0.4690,0.2942,0.2368,0.8796,0.0083,0.00359,0.2712,0.4131,0.3157,0.7063,0.0086,0.00332
425,1740800,3,0.667,2000.0,0.67,0.00,-0.0041,0.0082,0.7947,0.00687,0.00437,0.0398,0.5127,0.00049,3,0.3359,0.4255,0.2385,0.7903,0.0084,0.00553,0.3901,0.2981,0.3118,0.8574,0.0082,0.00513,0.4595,0.3315,0.2090,0.8906,0.0079,0.00285,0.2412,0.4919,0.2668,0.6403,0.0084,0.00395
426,1744896,2,1.000,2000.0,1.00,0.00,-0.0031,0.0119,0.7516,0.00686,0.00428,0.0272,0.2842,0.00049,2,0.2986,0.3828,0.3186,0.6803,0.0117,0.00440,0.3616,0.2961,0.3423,0.7872,0.0113,0.00772,0.4346,0.3071,0.2583,0.8735,0.0118,0.00225,0.2524,0.4155,0.3320,0.6656,0.0129,0.00276
427,1748992,2,0.000,2000.0,0.50,0.50,-0.0052,0.0097,0.8617,0.00686,0.00636,0.0610,0.4745,0.00049,2,0.4175,0.3250,0.2576,0.8345,0.0102,0.00770,0.4036,0.2390,0.3574,0.8646,0.0094,0.00443,0.4648,0.3052,0.2300,0.9534,0.0090,0.00592,0.3154,0.3418,0.3428,0.7943,0.0103,0.00738
428,1753088,2,-1.000,2000.0,0.00,1.00,-0.0042,0.0109,0.7960,0.00685,0.00481,0.0479,0.4424,0.00049,2,0.4102,0.3337,0.2561,0.7573,0.0101,0.00336,0.3484,0.2520,0.3997,0.8074,0.0108,0.00443,0.4265,0.3125,0.2610,0.9131,0.0112,0.00742,0.2417,0.3965,0.3618,0.7063,0.0114,0.00404
429,1757184,2,0.000,2000.0,0.00,0.00,-0.0034,0.0015,0.7266,0.00684,0.00375,0.0372,0.2849,0.00000,2,0.3381,0.3921,0.2698,0.6705,0.0010,0.00258,0.2561,0.3279,0.4160,0.7078,0.0011,0.00408,0.3711,0.3528,0.2761,0.8576,0.0018,0.00256,0.2366,0.4038,0.3596,0.6704,0.0023,0.00577
430,1761280,2,0.000,2000.0,0.50,0.50,-0.0050,0.0131,0.8290,0.00684,0.00633,0.0781,0.2237,0.00049,2,0.3857,0.3567,0.2576,0.8075,0.0119,0.00823,0.3198,0.2676,0.4126,0.8154,0.0124,0.00495,0.3853,0.3457,0.2690,0.9270,0.0143,0.00834,0.3088,0.3872,0.3040,0.7660,0.0137,0.00379
431,1765376,2,0.000,2000.0,0.50,0.50,-0.0047,0.0115,0.8503,0.00683,0.00436,0.0498,0.3737,0.00049,2,0.3679,0.3726,0.2595,0.8054,0.0116,0.00258,0.2891,0.2686,0.4424,0.8770,0.0115,0.00287,0.4011,0.3354,0.2634,0.9452,0.0116,0.00992,0.3208,0.3936,0.2856,0.7735,0.0112,0.00205
432,1769472,2,0.500,2000.0,1.00,0.50,-0.0029,0.0176,0.7908,0.00682,0.00345,0.0278,0.3808,0.00073,2,0.3240,0.4382,0.2378,0.7614,0.0167,0.00447,0.3030,0.2988,0.3982,0.8114,0.0163,0.00287,0.3481,0.4092,0.2427,0.9201,0.0183,0.00296,0.2698,0.4524,0.2778,0.6702,0.0191,0.00348
433,1773568,2,1.000,2000.0,1.50,0.50,-0.0034,0.0212,0.7979,0.00681,0.00358,0.0269,0.4473,0.00098,2,0.3462,0.3811,0.2727,0.7649,0.0204,0.00289,0.2844,0.2903,0.4253,0.7757,0.0203,0.00242,0.3530,0.3850,0.2620,0.9337,0.0220,0.00356,0.2949,0.4080,0.2971,0.7174,0.0218,0.00545
434,1777664,2,0.000,2000.0,1.00,1.00,-0.0046,0.0254,0.8087,0.00681,0.00464,0.0407,0.4911,0.00122,2,0.3801,0.3679,0.2520,0.7907,0.0255,0.00782,0.2847,0.2927,0.4226,0.8242,0.0228,0.00305,0.3430,0.3813,0.2756,0.9428,0.0265,0.00349,0.3428,0.4099,0.2473,0.6771,0.0266,0.00419
435,1781760,2,2.000,2000.0,2.00,0.00,-0.0034,0.0147,0.7669,0.00680,0.00404,0.0306,0.5519,0.00073,2,0.4119,0.3440,0.2441,0.7559,0.0151,0.00451,0.2854,0.2756,0.4390,0.7319,0.0137,0.00343,0.3306,0.3914,0.2781,0.8695,0.0153,0.00472,0.3362,0.3794,0.2844,0.7103,0.0146,0.00352
436,1785856,2,-0.500,2000.0,0.00,0.50,-0.0038,0.0086,0.7771,0.00679,0.00428,0.0375,0.2856,0.00024,2,0.4395,0.3174,0.2432,0.7730,0.0083,0.00323,0.2991,0.2812,0.4197,0.7268,0.0083,0.00394,0.2854,0.4180,0.2966,0.9101,0.0091,0.00493,0.3679,0.3638,0.2683,0.6986,0.0088,0.00501
437,1789952,2,0.500,2000.0,1.00,0.50,-0.0037,0.0275,0.8065,0.00678,0.00329,0.0245,0.3814,0.00122,2,0.4685,0.2979,0.2336,0.7904,0.0268,0.00156,0.3279,0.2380,0.4341,0.7923,0.0260,0.00399,0.3308,0.3848,0.2844,0.9369,0.0296,0.00290,0.3628,0.3823,0.2549,0.7063,0.0278,0.00469
438,1794048,2,0.500,2000.0,1.50,1.00,-0.0047,0.0194,0.7660,0.00678,0.00453,0.0375,0.5113,0.00098,2,0.4875,0.2920,0.2205,0.7856,0.0206,0.00478,0.3035,0.2327,0.4639,0.7471,0.0183,0.00421,0.3313,0.3931,0.2756,0.8941,0.0190,0.00635,0.3196,0.3960,0.2844,0.6371,0.0198,0.00280
439,1798144,2,0.500,2000.0,1.00,0.50,-0.0039,0.0159,0.7426,0.00677,0.00399,0.0360,0.5562,0.00073,2,0.4001,0.3347,0.2651,0.7539,0.0160,0.00488,0.2478,0.2776,0.4746,0.6558,0.0133,0.00352,0.2881,0.4331,0.2788,0.8713,0.0165,0.00425,0.3521,0.3884,0.2595,0.6897,0.0179,0.00331
440,1802240,2,0.000,2000.0,0.50,0.50,-0.0028,0.0081,0.6934,0.00676,0.00339,0.0263,0.3851,0.00024,2,0.3770,0.3352,0.2878,0.7032,0.0074,0.00334,0.2446,0.2725,0.4829,0.5835,0.0072,0.00318,0.3042,0.4175,0.2783,0.8418,0.0090,0.00484,0.3157,0.3828,0.3015,0.6452,0.0088,0.00221
441,1806336,2,0.000,2000.0,0.00,0.00,-0.0034,0.0009,0.7605,0.00675,0.00425,0.0429,0.4077,0.00000,2,0.4556,0.3083,0.2361,0.7453,0.0009,0.00305,0.2659,0.2437,0.4905,0.7252,0.0010,0.00239,0.3313,0.3896,0.2791,0.9040,0.0008,0.00620,0.3369,0.3801,0.2830,0.6676,0.0011,0.00537
442,1810432,2,0.000,2000.0,0.00,0.00,-0.0029,0.0065,0.7236,0.00675,0.00375,0.0332,0.2416,0.00024,2,0.3787,0.3391,0.2822,0.7196,0.0069,0.00435,0.2415,0.2791,0.4795,0.6499,0.0066,0.00183,0.3137,0.3782,0.3081,0.8953,0.0064,0.00609,0.3403,0.3860,0.2737,0.6295,0.0064,0.00272
443,1814528,2,0.500,2000.0,0.50,0.00,-0.0032,0.0006,0.7889,0.00674,0.00416,0.0361,0.2018,0.00000,2,0.3882,0.3335,0.2783,0.8136,0.0005,0.00496,0.2786,0.2803,0.4412,0.7447,0.0008,0.00336,0.3420,0.3770,0.2810,0.9260,0.0007,0.00504,0.3735,0.3984,0.2280,0.6713,0.0006,0.00329
444,1818624,2,0.500,2000.0,0.50,0.00,-0.0028,0.0087,0.7502,0.00673,0.00392,0.0387,0.4854,0.00049,2,0.3960,0.3237,0.2803,0.7974,0.0091,0.00282,0.2666,0.2715,0.4619,0.6675,0.0094,0.00292,0.3442,0.3804,0.2754,0.8606,0.0078,0.00596,0.3879,0.3777,0.2344,0.6752,0.0088,0.00399
445,1822720,3,0.333,2000.0,0.33,0.00,-0.0036,0.0007,0.7427,0.00672,0.00405,0.0369,0.5602,0.00000,3,0.3911,0.3206,0.2883,0.7643,0.0006,0.00452,0.2471,0.2607,0.4922,0.6958,0.0009,0.00518,0.3206,0.3792,0.3003,0.8733,0.0005,0.00356,0.3416,0.3728,0.2856,0.6373,0.0007,0.00292
446,1826816,2,0.000,2000.0,1.00,1.00,-0.0042,0.0231,0.7670,0.00672,0.00431,0.0341,0.3303,0.00098,2,0.4048,0.3210,0.2742,0.7680,0.0230,0.00500,0.2554,0.2634,0.4812,0.7216,0.0220,0.00224,0.2988,0.3870,0.3142,0.9016,0.0231,0.00424,0.3469,0.3687,0.2844,0.6770,0.0242,0.00578
447,1830912,2,0.500,2000.0,0.50,0.00,-0.0024,0.0063,0.7893,0.00671,0.00207,0.0125,0.3745,0.00024,2,0.3701,0.3450,0.2849,0.7925,0.0065,0.00400,0.2842,0.2573,0.4585,0.7573,0.0066,0.00084,0.3271,0.3801,0.2927,0.9309,0.0060,0.00070,0.3457,0.3813,0.2729,0.6763,0.0062,0.00274
448,1835008,2,-0.500,2000.0,0.50,1.00,-0.0031,0.0177,0.8342,0.00670,0.00273,0.0208,0.3317,0.00073,2,0.3806,0.3313,0.2881,0.8663,0.0178,0.00262,0.3171,0.2336,0.4492,0.7833,0.0176,0.00375,0.3291,0.3613,0.3096,0.9599,0.0180,0.00209,0.3777,0.3542,0.2681,0.7272,0.0172,0.00245
449,1839104,2,2.000,2000.0,2.50,0.50,-0.0045,0.0245,0.8191,0.00670,0.00574,0.0583,0.5294,0.00146,2,0.3816,0.3337,0.2847,0.8605,0.0252,0.00520,0.2954,0.2322,0.4724,0.7545,0.0243,0.00798,0.3459,0.3628,0.2913,0.9425,0.0247,0.00387,0.3728,0.3459,0.2812,0.7189,0.0238,0.00592
450,1843200,2,1.500,2000.0,1.50,0.00,-0.0042,0.0147,0.7982,0.00669,0.00385,0.0253,0.5194,0.00073,2,0.3262,0.3499,0.3240,0.8327,0.0153,0.00497,0.2546,0.2480,0.4973,0.7054,0.0140,0.00188,0.3210,0.3625,0.3164,0.9275,0.0141,0.00532,0.3613,0.3645,0.2742,0.7271,0.0155,0.00322
451,1847296,2,1.000,2000.0,1.50,0.50,-0.0035,0.0157,0.8319,0.00668,0.00406,0.0442,0.5688,0.00098,2,0.3274,0.3569,0.3157,0.8630,0.0164,0.00408,0.2712,0.2527,0.4761,0.8088,0.0147,0.00398,0.3411,0.3733,0.2856,0.9655,0.0154,0.00364,0.3281,0.4033,0.2686,0.6902,0.0164,0.00453
452,1851392,2,1.500,2000.0,1.50,0.00,-0.0039,0.0105,0.7936,0.00667,0.00450,0.0335,0.7171,0.00073,2,0.3015,0.3928,0.3057,0.8607,0.0105,0.00464,0.2712,0.2881,0.4407,0.7734,0.0090,0.00467,0.3367,0.4111,0.2522,0.8816,0.0106,0.00522,0.3232,0.4592,0.2175,0.6587,0.0118,0.00348
453,1855488,2,0.500,2000.0,0.50,0.00,-0.0028,0.0099,0.7774,0.00667,0.00337,0.0296,0.6101,0.00049,2,0.3218,0.3467,0.3315,0.8159,0.0092,0.00609,0.2478,0.2527,0.4995,0.7500,0.0086,0.00084,0.3340,0.3845,0.2815,0.9294,0.0105,0.00427,0.3037,0.4263,0.2700,0.6144,0.0113,0.00229
454,1859584,2,1.000,2000.0,1.00,0.00,-0.0027,0.0047,0.7738,0.00666,0.00262,0.0200,0.7295,0.00024,2,0.3176,0.3440,0.3384,0.7990,0.0048,0.00179,0.2427,0.2312,0.5261,0.6890,0.0041,0.00195,0.3120,0.3862,0.3018,0.9549,0.0047,0.00295,0.3298,0.3853,0.2849,0.6524,0.0052,0.00379
455,1863680,2,1.000,2000.0,1.50,0.50,-0.0045,0.0209,0.7968,0.00665,0.00465,0.0498,0.4465,0.00098,2,0.2866,0.3579,0.3555,0.8402,0.0193,0.00527,0.2363,0.2856,0.4780,0.7338,0.0205,0.00330,0.3428,0.3843,0.2729,0.9498,0.0221,0.00738,0.3525,0.3894,0.2581,0.6637,0.0216,0.00265
456,1867776,2,0.000,2000.0,0.50,0.50,-0.0032,0.0182,0.7648,0.00664,0.00357,0.0281,0.3644,0.00073,2,0.2764,0.3745,0.3491,0.8730,0.0184,0.00643,0.2273,0.2546,0.5181,0.6969,0.0188,0.00123,0.3589,0.3816,0.2595,0.9203,0.0184,0.00482,0.2834,0.4609,0.2556,0.5691,0.0174,0.00179
457,1871872,2,-0.500,2000.0,0.00,0.50,-0.0038,0.0006,0.8220,0.00664,0.00439,0.0448,0.0822,0.00000,2,0.3367,0.3745,0.2888,0.9321,0.0007,0.00768,0.2581,0.2432,0.4988,0.8321,0.0006,0.00350,0.4041,0.3850,0.2109,0.9267,0.0005,0.00293,0.2656,0.5210,0.2134,0.5972,0.0006,0.00346
458,1875968,2,0.000,2000.0,0.00,0.00,-0.0029,0.0016,0.7587,0.00663,0.00369,0.0395,0.1678,0.00000,2,0.2766,0.3669,0.3564,0.8338,0.0014,0.00367,0.2229,0.2598,0.5173,0.7171,0.0015,0.00120,0.3674,0.3613,0.2712,0.8959,0.0015,0.00454,0.3335,0.4248,0.2417,0.5878,0.0021,0.00536
459,1880064,2,0.500,2000.0,1.00,0.50,-0.0040,0.0153,0.7406,0.00662,0.00351,0.0255,0.5997,0.00098,2,0.3032,0.3364,0.3604,0.8208,0.0166,0.00285,0.2197,0.2515,0.5288,0.6511,0.0156,0.00366,0.3652,0.3447,0.2900,0.8722,0.0153,0.00358,0.4348,0.3442,0.2209,0.6182,0.0139,0.00395
460,1884160,2,2.000,2000.0,2.00,0.00,-0.0042,0.0177,0.8320,0.00661,0.00460,0.0547,0.5320,0.00098,2,0.3191,0.3354,0.3455,0.9341,0.0177,0.00380,0.2468,0.2544,0.4988,0.7530,0.0169,0.00237,0.3674,0.3608,0.2717,0.9402,0.0178,0.00338,0.4453,0.3635,0.1912,0.7008,0.0183,0.00887
461,1888256,2,-0.500,2000.0,0.50,1.00,-0.0030,0.0125,0.8120,0.00661,0.00328,0.0204,0.4271,0.00049,2,0.3533,0.3237,0.3230,0.8919,0.0126,0.00439,0.2483,0.2336,0.5181,0.7742,0.0115,0.00235,0.3679,0.3777,0.2544,0.9492,0.0130,0.00350,0.3767,0.4111,0.2122,0.6329,0.0130,0.00288
462,1892352,2,1.000,2000.0,1.00,0.00,-0.0044,0.0135,0.7934,0.00660,0.00397,0.0330,0.2603,0.00049,2,0.2998,0.3818,0.3184,0.8798,0.0130,0.00564,0.2551,0.3083,0.4365,0.8245,0.0129,0.00487,0.3796,0.3718,0.2485,0.9164,0.0148,0.00295,0.2825,0.5244,0.1931,0.5527,0.0132,0.00241
463,1896448,2,-1.000,2000.0,0.00,1.00,-0.0036,0.0102,0.8112,0.00659,0.00368,0.0295,0.4088,0.00049,2,0.2761,0.3728,0.3511,0.9100,0.0106,0.00385,0.2986,0.2620,0.4395,0.8105,0.0100,0.00293,0.3501,0.3760,0.2739,0.9048,0.0101,0.00372,0.2993,0.4978,0.2029,0.6192,0.0101,0.00421
464,1900544,2,0.500,2000.0,0.50,0.00,-0.0029,0.0233,0.7751,0.00658,0.00326,0.0298,0.3477,0.00098,2,0.2861,0.3474,0.3665,0.8631,0.0240,0.00338,0.2559,0.2607,0.4834,0.7522,0.0224,0.00247,0.3721,0.3428,0.2852,0.8805,0.0231,0.00596,0.3359,0.4294,0.2346,0.6044,0.0237,0.00124
465,1904640,2,0.500,2000.0,2.00,1.50,-0.0036,0.0196,0.8106,0.00658,0.00418,0.0355,0.4461,0.00122,2,0.2898,0.3445,0.3657,0.9083,0.0200,0.00563,0.2688,0.2615,0.4697,0.8001,0.0189,0.00178,0.3877,0.3369,0.2754,0.8966,0.0203,0.00536,0.3647,0.4053,0.2300,0.6375,0.0190,0.00396
466,1908736,3,1.333,2000.0,1.33,0.00,-0.0045,0.0143,0.7711,0.00657,0.00355,0.0363,0.4711,0.00073,3,0.2844,0.3394,0.3762,0.8636,0.0155,0.00560,0.2615,0.2639,0.4746,0.7371,0.0138,0.00266,0.3511,0.3787,0.2703,0.9042,0.0145,0.00315,0.3369,0.4468,0.2163,0.5794,0.0134,0.00278
467,1912832,2,2.000,2000.0,2.00,0.00,-0.0037,0.0132,0.8300,0.00656,0.00280,0.0210,0.6194,0.00098,2,0.2642,0.3450,0.3909,0.9186,0.0139,0.00387,0.2798,0.2405,0.4797,0.8077,0.0134,0.00181,0.3701,0.3716,0.2583,0.9236,0.0132,0.00421,0.4053,0.3838,0.2109,0.6700,0.0121,0.00132
468,1916928,2,0.500,2000.0,1.00,0.50,-0.0031,0.0206,0.8330,0.00655,0.00374,0.0332,0.3798,0.00073,2,0.2817,0.3237,0.3945,0.9244,0.0206,0.00266,0.2791,0.2334,0.4875,0.8262,0.0193,0.00125,0.3767,0.3416,0.2817,0.9072,0.0216,0.00764,0.3992,0.3630,0.2378,0.6742,0.0210,0.00339
469,1921024,2,1.000,2000.0,1.00,0.00,-0.0029,0.0107,0.7839,0.00655,0.00432,0.0472,0.5332,0.00049,2,0.2620,0.3445,0.3936,0.8815,0.0103,0.00307,0.2690,0.2632,0.4678,0.7639,0.0102,0.00346,0.3628,0.3440,0.2932,0.8612,0.0114,0.00506,0.3801,0.3958,0.2241,0.6291,0.0109,0.00568
470,1925120,2,-0.500,2000.0,0.00,0.50,-0.0033,0.0087,0.7958,0.00654,0.00389,0.0384,0.2193,0.00024,2,0.2820,0.3342,0.3838,0.8733,0.0087,0.00587,0.3018,0.2749,0.4233,0.8052,0.0087,0.00260,0.3857,0.3572,0.2571,0.8628,0.0089,0.00274,0.3220,0.4165,0.2615,0.6420,0.0085,0.00437
471,1929216,2,1.000,2000.0,1.00,0.00,-0.0024,0.0096,0.8430,0.00653,0.00271,0.0067,0.3872,0.00049,2,0.3206,0.3291,0.3503,0.9385,0.0097,0.00140,0.3289,0.2551,0.4160,0.8794,0.0090,0.00237,0.4160,0.3381,0.2458,0.9106,0.0101,0.00432,0.3347,0.4160,0.2493,0.6437,0.0095,0.00274
472,1933312,2,0.500,2000.0,0.50,0.00,-0.0038,0.0049,0.7735,0.00653,0.00488,0.0509,0.4887,0.00024,2,0.3052,0.3132,0.3816,0.8731,0.0054,0.00399,0.3040,0.2485,0.4475,0.7630,0.0049,0.00446,0.3840,0.3435,0.2725,0.8593,0.0047,0.00902,0.3188,0.4087,0.2725,0.5986,0.0044,0.00205
473,1937408,2,-0.500,2000.0,0.50,1.00,-0.0034,0.0156,0.7772,0.00652,0.00388,0.0325,0.4628,0.00073,2,0.2910,0.3318,0.3772,0.8628,0.0160,0.00431,0.3357,0.2810,0.3833,0.8248,0.0155,0.00295,0.4272,0.3528,0.2200,0.8587,0.0157,0.00459,0.2893,0.4885,0.2222,0.5627,0.0151,0.00368
474,1941504,2,1.000,2000.0,1.00,0.00,-0.0044,0.0155,0.8314,0.00651,0.00612,0.0453,0.4893,0.00073,2,0.3120,0.2932,0.3948,0.9171,0.0155,0.00801,0.3513,0.2253,0.4233,0.7961,0.0144,0.00480,0.4036,0.3213,0.2751,0.9311,0.0161,0.00905,0.3799,0.3733,0.2468,0.6814,0.0158,0.00260
475,1945600,2,-1.000,2000.0,0.00,1.00,-0.0049,0.0130,0.7628,0.00650,0.00528,0.0582,0.3108,0.00049,2,0.3066,0.3052,0.3882,0.8365,0.0141,0.00536,0.2898,0.2676,0.4426,0.7623,0.0125,0.00684,0.3503,0.3855,0.2642,0.8763,0.0138,0.00653,0.3035,0.4539,0.2427,0.5761,0.0116,0.00237
476,1949696,2,1.000,2000.0,1.00,0.00,-0.0034,0.0096,0.7197,0.00650,0.00343,0.0298,0.4411,0.00049,2,0.2871,0.3083,0.4045,0.8124,0.0102,0.00632,0.2754,0.2859,0.4387,0.7071,0.0095,0.00073,0.3542,0.3579,0.2878,0.8208,0.0093,0.00439,0.2607,0.4766,0.2627,0.5385,0.0095,0.00225
477,1953792,2,1.000,2000.0,1.00,0.00,-0.0034,0.0065,0.8568,0.00649,0.00563,0.0508,0.3501,0.00024,2,0.3403,0.3093,0.3503,0.9249,0.0066,0.00871,0.3384,0.2578,0.4038,0.8608,0.0066,0.00396,0.3687,0.3481,0.2832,0.9218,0.0065,0.00649,0.3328,0.4180,0.2493,0.7197,0.0065,0.00336
478,1957888,2,0.500,2000.0,0.50,0.00,-0.0029,0.0083,0.7895,0.00648,0.00245,0.0153,0.5414,0.00049,2,0.2864,0.3560,0.3577,0.9113,0.0085,0.00149,0.3201,0.2847,0.3953,0.7983,0.0084,0.00255,0.3455,0.4004,0.2542,0.8273,0.0080,0.00285,0.3240,0.4702,0.2058,0.6212,0.0082,0.00289
479,1961984,2,1.500,2000.0,1.50,0.00,-0.0030,0.0107,0.7112,0.00647,0.00424,0.0356,0.3547,0.00049,2,0.2346,0.3582,0.4072,0.7785,0.0098,0.00537,0.2744,0.2983,0.4272,0.7328,0.0103,0.00383,0.3232,0.3906,0.2861,0.7936,0.0117,0.00489,0.2815,0.4961,0.2224,0.5401,0.0110,0.00287
480,1966080,2,0.500,2000.0,0.50,0.00,-0.0026,0.0130,0.7576,0.00647,0.00220,0.0129,0.5322,0.00073,2,0.2256,0.3496,0.4248,0.8188,0.0132,0.00252,0.2849,0.2629,0.4521,0.7559,0.0130,0.00314,0.3013,0.3870,0.3118,0.8311,0.0129,0.00207,0.3306,0.4019,0.2676,0.6247,0.0128,0.00106
481,1970176,2,-0.500,2000.0,0.50,1.00,-0.0035,0.0125,0.7817,0.00646,0.00457,0.0446,0.3673,0.00049,2,0.2275,0.3740,0.3984,0.8549,0.0129,0.00402,0.3447,0.2695,0.3857,0.8058,0.0116,0.00661,0.3228,0.4114,0.2659,0.8252,0.0129,0.00581,0.3086,0.4524,0.2390,0.6408,0.0126,0.00186
482,1974272,2,1.000,2000.0,1.00,0.00,-0.0042,0.0115,0.7307,0.00645,0.00385,0.0361,0.3269,0.00049,2,0.2339,0.3552,0.4109,0.8036,0.0128,0.00383,0.3174,0.2703,0.4124,0.7395,0.0111,0.00341,0.2632,0.4248,0.3120,0.7690,0.0121,0.00520,0.3162,0.4209,0.2629,0.6107,0.0100,0.00295
483,1978368,2,0.500,2000.0,0.50,0.00,-0.0027,0.0057,0.8310,0.00644,0.00350,0.0248,0.3758,0.00024,2,0.2380,0.3669,0.3950,0.9058,0.0057,0.00462,0.3762,0.2646,0.3591,0.8637,0.0053,0.00306,0.3455,0.3809,0.2737,0.8939,0.0061,0.00448,0.2900,0.4624,0.2476,0.6604,0.0057,0.00182
484,1982464,2,0.500,2000.0,1.00,0.50,-0.0041,0.0142,0.7984,0.00644,0.00503,0.0510,0.4505,0.00073,2,0.2607,0.3499,0.3894,0.8917,0.0138,0.00314,0.3784,0.2410,0.3806,0.8226,0.0139,0.00714,0.3691,0.3813,0.2495,0.8460,0.0151,0.00657,0.2974,0.4673,0.2354,0.6332,0.0140,0.00325
485,1986560,2,1.000,2000.0,1.00,0.00,-0.0031,0.0067,0.7295,0.00643,0.00355,0.0380,0.3968,0.00024,2,0.2344,0.3660,0.3997,0.7838,0.0060,0.00387,0.3237,0.2637,0.4126,0.7513,0.0055,0.00503,0.3276,0.4043,0.2681,0.7935,0.0071,0.00157,0.2793,0.4705,0.2502,0.5896,0.0082,0.00373
486,1990656,2,0.500,2000.0,0.50,0.00,-0.0045,0.0066,0.7237,0.00642,0.00406,0.0389,0.2903,0.00024,2,0.2263,0.3613,0.4124,0.7833,0.0061,0.00521,0.3252,0.2830,0.3918,0.7001,0.0063,0.00447,0.3206,0.3853,0.2942,0.7557,0.0070,0.00267,0.3259,0.4082,0.2659,0.6556,0.0069,0.00389
487,1994752,3,0.000,2000.0,0.00,0.00,-0.0036,0.0005,0.7586,0.00641,0.00488,0.0426,0.4388,0.00000,3,0.3042,0.3086,0.3872,0.8232,0.0005,0.00677,0.3501,0.2361,0.4138,0.7296,0.0005,0.00563,0.3281,0.3811,0.2908,0.8126,0.0004,0.00298,0.3013,0.3916,0.3071,0.6691,0.0005,0.00417
488,1998848,2,-0.500,2000.0,0.50,1.00,-0.0028,0.0158,0.7609,0.00641,0.00365,0.0240,0.3775,0.00073,2,0.3049,0.3301,0.3650,0.8125,0.0161,0.00288,0.3713,0.2454,0.3833,0.7735,0.0154,0.00319,0.3479,0.3916,0.2605,0.8370,0.0158,0.00434,0.2627,0.4661,0.2712,0.6207,0.0160,0.00421
489,2002944,2,0.500,2000.0,0.50,0.00,-0.0033,0.0068,0.6662,0.00640,0.00334,0.0258,0.3707,0.00024,2,0.2627,0.3481,0.3892,0.6921,0.0073,0.00480,0.3052,0.2908,0.4041,0.6352,0.0070,0.00104,0.2854,0.3999,0.3147,0.7459,0.0064,0.00363,0.2859,0.4373,0.2769,0.5915,0.0066,0.00390
490,2007040,2,-1.000,2000.0,0.00,1.00,-0.0031,0.0091,0.8200,0.00639,0.00408,0.0490,0.4373,0.00049,2,0.3284,0.3049,0.3667,0.9254,0.0096,0.00374,0.4351,0.2102,0.3547,0.8537,0.0084,0.00421,0.3752,0.3774,0.2473,0.8346,0.0083,0.00707,0.2930,0.4546,0.2524,0.6665,0.0101,0.00131
491,2011136,2,0.000,2000.0,0.00,0.00,-0.0046,0.0016,0.6835,0.00639,0.00475,0.0441,0.5116,0.00000,2,0.2690,0.3496,0.3813,0.7192,0.0010,0.00526,0.3132,0.2839,0.4028,0.6958,0.0011,0.00408,0.3218,0.3765,0.3018,0.7097,0.0018,0.00545,0.2942,0.4175,0.2883,0.6094,0.0024,0.00420
492,2015232,2,-1.000,2000.0,0.00,1.00,-0.0037,0.0112,0.7279,0.00638,0.00414,0.0368,0.2933,0.00049,2,0.2576,0.3623,0.3801,0.8006,0.0108,0.00403,0.3408,0.2869,0.3723,0.7299,0.0096,0.00574,0.3132,0.4055,0.2812,0.7216,0.0120,0.00430,0.2820,0.4614,0.2566,0.6595,0.0123,0.00246
493,2019328,2,0.000,2000.0,0.50,0.50,-0.0039,0.0163,0.7804,0.00637,0.00454,0.0481,0.3615,0.00073,2,0.2957,0.3438,0.3606,0.8661,0.0160,0.00196,0.4182,0.2546,0.3271,0.7980,0.0155,0.00919,0.3313,0.4075,0.2612,0.7706,0.0171,0.00210,0.2673,0.4624,0.2703,0.6869,0.0166,0.00489
494,2023424,2,1.000,2000.0,1.00,0.00,-0.0042,0.0052,0.7802,0.00636,0.00639,0.0659,0.4293,0.00024,2,0.3118,0.3237,0.3645,0.8228,0.0056,0.00696,0.3899,0.2534,0.3567,0.8008,0.0050,0.01089,0.3188,0.3948,0.2864,0.8391,0.0056,0.00485,0.3064,0.4082,0.2854,0.6581,0.0048,0.00285
495,2027520,2,0.000,2000.0,0.50,0.50,-0.0038,0.0125,0.7090,0.00636,0.00446,0.0524,0.2871,0.00049,2,0.2231,0.3796,0.3972,0.8036,0.0123,0.00617,0.2825,0.3132,0.4043,0.6915,0.0114,0.00325,0.2861,0.4285,0.2854,0.7369,0.0130,0.00528,0.2617,0.4648,0.2734,0.6041,0.0133,0.00314
496,2031616,2,1.000,2000.0,1.00,0.00,-0.0038,0.0109,0.8161,0.00635,0.00337,0.0375,0.4286,0.00049,2,0.3003,0.3481,0.3516,0.8908,0.0116,0.00164,0.3445,0.2786,0.3770,0.7964,0.0110,0.00180,0.2871,0.4058,0.3071,0.8557,0.0108,0.00398,0.3315,0.3940,0.2744,0.7215,0.0100,0.00607
497,2035712,2,1.000,2000.0,1.50,0.50,-0.0033,0.0219,0.8057,0.00634,0.00351,0.0251,0.4453,0.00122,2,0.3076,0.3472,0.3452,0.8865,0.0224,0.00393,0.3486,0.2842,0.3672,0.8370,0.0212,0.00282,0.3054,0.4380,0.2566,0.8727,0.0231,0.00306,0.2363,0.4932,0.2705,0.6264,0.0207,0.00422
498,2039808,2,0.500,2000.0,0.50,0.00,-0.0037,0.0026,0.6933,0.00633,0.00425,0.0500,0.4206,0.00000,2,0.2258,0.3965,0.3777,0.7938,0.0022,0.00715,0.2446,0.3394,0.4160,0.6413,0.0019,0.00269,0.2563,0.4595,0.2842,0.7556,0.0030,0.00369,0.2456,0.4731,0.2812,0.5826,0.0033,0.00348
499,2043904,2,0.500,2000.0,0.50,0.00,-0.0048,0.0163,0.7788,0.00633,0.00470,0.0499,0.3439,0.00073,2,0.2676,0.3757,0.3567,0.8708,0.0156,0.00455,0.2837,0.3213,0.3950,0.7961,0.0155,0.00420,0.3035,0.4226,0.2739,0.8268,0.0175,0.00375,0.2493,0.4880,0.2627,0.6216,0.0166,0.00629
500,2048000,2,1.000,2000.0,1.00,0.00,-0.0038,0.0050,0.8263,0.00632,0.00464,0.0335,0.5014,0.00024,2,0.2849,0.3337,0.3813,0.9091,0.0052,0.00513,0.3420,0.2668,0.3911,0.8209,0.0048,0.00656,0.3167,0.3899,0.2935,0.8670,0.0048,0.00526,0.2495,0.4336,0.3169,0.7083,0.0050,0.00163
501,2052096,2,0.500,2000.0,1.00,0.50,-0.0024,0.0184,0.7602,0.00631,0.00262,0.0164,0.3502,0.00073,2,0.2983,0.3389,0.3628,0.8668,0.0185,0.00291,0.3308,0.2810,0.3882,0.7274,0.0179,0.00314,0.2722,0.4302,0.2976,0.8194,0.0187,0.00328,0.2456,0.4622,0.2922,0.6270,0.0183,0.00114
502,2056192,2,0.000,2000.0,0.50,0.50,-0.0050,0.0066,0.8071,0.00630,0.00457,0.0532,0.3406,0.00024,2,0.3408,0.2961,0.3630,0.8936,0.0057,0.00367,0.3564,0.2300,0.4136,0.8027,0.0064,0.00290,0.2751,0.4072,0.3176,0.8730,0.0072,0.00586,0.2588,0.3928,0.3484,0.6590,0.0071,0.00585
503,2060288,2,1.000,2000.0,1.00,0.00,-0.0045,0.0153,0.8156,0.00630,0.00453,0.0504,0.4305,0.00073,2,0.3252,0.3250,0.3499,0.8922,0.0158,0.00744,0.3638,0.2754,0.3608,0.8055,0.0147,0.00379,0.2715,0.4412,0.2874,0.8824,0.0158,0.00627,0.2839,0.4402,0.2759,0.6823,0.0149,0.00063
504,2064384,2,0.000,2000.0,0.50,0.50,-0.0042,0.0083,0.8596,0.00629,0.00362,0.0252,0.5711,0.00049,2,0.3086,0.3269,0.3645,0.9222,0.0082,0.00317,0.3682,0.2502,0.3816,0.8201,0.0076,0.00336,0.3000,0.4077,0.2922,0.9303,0.0091,0.00342,0.3162,0.3940,0.2898,0.7658,0.0082,0.00453
505,2068480,2,0.000,2000.0,0.50,0.50,-0.0033,0.0157,0.8506,0.00628,0.00463,0.0485,0.4323,0.00073,2,0.2986,0.3311,0.3704,0.9345,0.0158,0.00531,0.3728,0.2402,0.3870,0.8404,0.0143,0.00605,0.3186,0.3928,0.2886,0.9149,0.0159,0.00344,0.3105,0.3848,0.3047,0.7127,0.0167,0.00370
506,2072576,2,1.000,2000.0,1.50,0.50,-0.0042,0.0112,0.8060,0.00627,0.00350,0.0280,0.5945,0.00073,2,0.2739,0.3660,0.3601,0.9160,0.0116,0.00296,0.3508,0.2839,0.3652,0.8070,0.0112,0.00669,0.2947,0.4736,0.2317,0.8444,0.0109,0.00206,0.2563,0.4905,0.2532,0.6565,0.0111,0.00230
507,2076672,2,1.000,2000.0,1.00,0.00,-0.0044,0.0106,0.7686,0.00627,0.00526,0.0683,0.5687,0.00049,2,0.2673,0.3577,0.3750,0.8778,0.0097,0.00684,0.3052,0.2803,0.4146,0.7030,0.0090,0.00095,0.2676,0.4541,0.2783,0.8242,0.0115,0.00692,0.2498,0.4648,0.2854,0.6693,0.0124,0.00632
508,2080768,3,0.667,2000.0,0.67,0.00,-0.0039,0.0027,0.8086,0.00626,0.00443,0.0465,0.7792,0.00024,3,0.2507,0.3726,0.3767,0.9139,0.0028,0.00543,0.3474,0.2749,0.3777,0.7959,0.0026,0.00472,0.2952,0.4487,0.2561,0.8826,0.0024,0.00418,0.2554,0.4548,0.2898,0.6419,0.0028,0.00340
509,2084864,2,0.000,2000.0,0.00,0.00,-0.0039,0.0013,0.8501,0.00625,0.00363,0.0222,0.7419,0.00000,2,0.3101,0.3093,0.3806,0.9082,0.0011,0.00506,0.3552,0.2363,0.4084,0.7686,0.0013,0.00406,0.3108,0.3804,0.3088,0.9490,0.0014,0.00262,0.3074,0.3604,0.3323,0.7746,0.0015,0.00278
510,2088960,2,-1.000,2000.0,0.00,1.00,-0.0042,0.0131,0.7253,0.00625,0.00458,0.0520,0.3682,0.00049,2,0.2766,0.3660,0.3574,0.8073,0.0121,0.00943,0.2673,0.3335,0.3992,0.6475,0.0120,0.00272,0.2988,0.4360,0.2651,0.8251,0.0139,0.00298,0.2434,0.4883,0.2683,0.6212,0.0142,0.00318
511,2093056,2,1.000,2000.0,1.00,0.00,-0.0032,0.0110,0.7696,0.00624,0.00342,0.0252,0.3328,0.00049,2,0.2595,0.3738,0.3667,0.8681,0.0104,0.00231,0.2913,0.3018,0.4070,0.7075,0.0100,0.00174,0.3203,0.4155,0.2642,0.8524,0.0118,0.00663,0.2500,0.4670,0.2830,0.6504,0.0119,0.00299
512,2097152,2,1.500,2000.0,1.50,0.00,-0.0046,0.0117,0.8126,0.00623,0.00507,0.0511,0.5425,0.00073,2,0.2734,0.3608,0.3657,0.8712,0.0117,0.00538,0.3123,0.2827,0.4050,0.7148,0.0122,0.00379,0.3325,0.3904,0.2771,0.9208,0.0117,0.00419,0.2710,0.4199,0.3091,0.7436,0.0113,0.00692
513,2101248,2,1.000,2000.0,1.00,0.00,-0.0033,0.0079,0.7681,0.00622,0.00383,0.0303,0.6207,0.00049,2,0.2693,0.3562,0.3745,0.8037,0.0079,0.00610,0.2693,0.2854,0.4453,0.7001,0.0077,0.00240,0.3333,0.3806,0.2861,0.8905,0.0079,0.00453,0.2280,0.4382,0.3337,0.6779,0.0081,0.00231
514,2105344,2,1.500,2000.0,1.50,0.00,-0.0030,0.0109,0.8395,0.00622,0.00386,0.0375,0.5914,0.00073,2,0.2559,0.3755,0.3687,0.8963,0.0117,0.00501,0.3247,0.2905,0.3848,0.8111,0.0111,0.00581,0.3740,0.3628,0.2632,0.9184,0.0107,0.00300,0.2473,0.4268,0.3259,0.7320,0.0101,0.00163
515,2109440,2,1.000,2000.0,1.00,0.00,-0.0041,0.0185,0.7370,0.00621,0.00448,0.0455,0.5160,0.00098,2,0.2151,0.4299,0.3550,0.8074,0.0183,0.00658,0.2708,0.3535,0.3757,0.6898,0.0165,0.00311,0.3708,0.3960,0.2332,0.8809,0.0197,0.00409,0.1763,0.5447,0.2791,0.5698,0.0195,0.00413
516,2113536,2,1.500,2000.0,2.00,0.50,-0.0033,0.0121,0.7689,0.00620,0.00301,0.0282,0.6746,0.00098,2,0.2439,0.3882,0.3679,0.8328,0.0125,0.00310,0.2742,0.3247,0.4011,0.6849,0.0113,0.00227,0.3682,0.3711,0.2607,0.8815,0.0125,0.00367,0.2317,0.4663,0.3020,0.6764,0.0123,0.00301
517,2117632,2,1.000,2000.0,1.00,0.00,-0.0038,0.0050,0.8249,0.00619,0.00540,0.0431,0.5204,0.00024,2,0.2634,0.3892,0.3474,0.8929,0.0051,0.00381,0.3455,0.2959,0.3586,0.8119,0.0046,0.00872,0.3911,0.3699,0.2390,0.8934,0.0052,0.00569,0.2397,0.4543,0.3059,0.7016,0.0052,0.00337
518,2121728,2,0.500,2000.0,1.00,0.50,-0.0031,0.0228,0.8122,0.00619,0.00312,0.0233,0.4354,0.00098,2,0.2561,0.3748,0.3691,0.8755,0.0229,0.00305,0.3918,0.2578,0.3503,0.7822,0.0213,0.00263,0.4133,0.3459,0.2407,0.9002,0.0234,0.00364,0.2122,0.4551,0.3328,0.6910,0.0238,0.00315
519,2125824,2,-0.500,2000.0,0.50,1.00,-0.0039,0.0115,0.7083,0.00618,0.00460,0.0568,0.6143,0.00049,2,0.2139,0.4270,0.3591,0.7729,0.0120,0.00466,0.3013,0.3579,0.3408,0.6518,0.0107,0.00377,0.3823,0.3782,0.2395,0.8133,0.0125,0.00577,0.1912,0.5278,0.2810,0.5953,0.0109,0.00419
520,2129920,2,1.000,2000.0,1.00,0.00,-0.0029,0.0139,0.7203,0.00617,0.00371,0.0335,0.4665,0.00073,2,0.2498,0.3777,0.3726,0.7767,0.0152,0.00525,0.2998,0.3042,0.3960,0.6627,0.0128,0.00312,0.3438,0.3823,0.2739,0.8200,0.0142,0.00409,0.1777,0.4639,0.3584,0.6216,0.0134,0.00238
521,2134016,2,0.500,2000.0,0.50,0.00,-0.0038,0.0009,0.7567,0.00616,0.00428,0.0405,0.4600,0.00000,2,0.2349,0.3647,0.4004,0.8133,0.0007,0.00681,0.3479,0.2893,0.3628,0.7017,0.0011,0.00391,0.3794,0.3618,0.2588,0.8351,0.0008,0.00348,0.1787,0.4583,0.3630,0.6766,0.0010,0.00294
522,2138112,2,-0.500,2000.0,0.00,0.50,-0.0043,0.0133,0.7018,0.00616,0.00415,0.0412,0.2772,0.00049,2,0.1875,0.4197,0.3928,0.7589,0.0138,0.00299,0.2817,0.3401,0.3782,0.6471,0.0129,0.00489,0.4001,0.3545,0.2454,0.7712,0.0132,0.00549,0.1716,0.5049,0.3235,0.6302,0.0135,0.00324
523,2142208,2,1.000,2000.0,1.00,0.00,-0.0044,0.0094,0.7197,0.00615,0.00413,0.0430,0.4733,0.00049,2,0.2087,0.4224,0.3689,0.7953,0.0098,0.00510,0.3027,0.3547,0.3425,0.6856,0.0094,0.00347,0.4163,0.3516,0.2322,0.7834,0.0093,0.00565,0.1829,0.5103,0.3069,0.6144,0.0092,0.00231
524,2146304,2,2.000,2000.0,2.00,0.00,-0.0030,0.0114,0.7614,0.00614,0.00425,0.0446,0.5769,0.00073,2,0.2642,0.3611,0.3748,0.8298,0.0118,0.00351,0.3621,0.3030,0.3350,0.7211,0.0111,0.00362,0.3997,0.3486,0.2517,0.8356,0.0115,0.00593,0.1946,0.4580,0.3474,0.6590,0.0112,0.00392
525,2150400,2,0.000,2000.0,0.50,0.50,-0.0027,0.0124,0.6781,0.00613,0.00271,0.0302,0.4350,0.00049,2,0.2166,0.3933,0.3901,0.7308,0.0130,0.00206,0.2573,0.3440,0.3987,0.6029,0.0113,0.00215,0.3760,0.3533,0.2708,0.7913,0.0124,0.00358,0.1907,0.4729,0.3364,0.5875,0.0129,0.00304
526,2154496,2,0.000,2000.0,0.50,0.50,-0.0038,0.0151,0.7720,0.00613,0.00416,0.0373,0.4965,0.00073,2,0.2991,0.3359,0.3650,0.8570,0.0149,0.00366,0.3499,0.2876,0.3625,0.7139,0.0147,0.00400,0.4209,0.3320,0.2471,0.8078,0.0151,0.00707,0.2141,0.4343,0.3516,0.7094,0.0158,0.00188
527,2158592,2,0.500,2000.0,0.50,0.00,-0.0030,0.0011,0.6559,0.00612,0.00354,0.0292,0.5556,0.00000,2,0.2527,0.3804,0.3669,0.7515,0.0009,0.00474,0.2539,0.3530,0.3931,0.5689,0.0011,0.00233,0.3992,0.3601,0.2407,0.7330,0.0012,0.00459,0.1802,0.4875,0.3323,0.5700,0.0012,0.00249
528,2162688,2,0.500,2000.0,0.50,0.00,-0.0031,0.0055,0.6703,0.00611,0.00323,0.0302,0.3967,0.00024,2,0.2754,0.3650,0.3596,0.7640,0.0055,0.00493,0.2554,0.3364,0.4082,0.6468,0.0056,0.00240,0.4243,0.3433,0.2324,0.7017,0.0056,0.00294,0.1748,0.5151,0.3101,0.5688,0.0052,0.00263
529,2166784,3,0.000,2000.0,0.00,0.00,-0.0038,0.0007,0.7053,0.00610,0.00447,0.0493,0.4224,0.00000,3,0.2556,0.3782,0.3662,0.7808,0.0006,0.00345,0.3018,0.3347,0.3635,0.7116,0.0006,0.00698,0.4639,0.3240,0.2122,0.7516,0.0007,0.00439,0.1780,0.5059,0.3162,0.5771,0.0007,0.00306
530,2170880,2,1.000,2000.0,1.00,0.00,-0.0028,0.0107,0.7172,0.00610,0.00331,0.0381,0.3095,0.00049,2,0.2693,0.3765,0.3542,0.8024,0.0110,0.00152,0.3203,0.3213,0.3584,0.6890,0.0109,0.00378,0.4397,0.3289,0.2314,0.7671,0.0108,0.00405,0.1897,0.4890,0.3213,0.6104,0.0102,0.00388
531,2174976,2,0.500,2000.0,0.50,0.00,-0.0031,0.0052,0.7569,0.00609,0.00370,0.0419,0.4526,0.00024,2,0.2788,0.3376,0.3835,0.8679,0.0054,0.00209,0.3833,0.2561,0.3606,0.7063,0.0050,0.00241,0.4336,0.3169,0.2495,0.7395,0.0051,0.00399,0.2109,0.4163,0.3728,0.7138,0.0051,0.00630
532,2179072,2,1.000,2000.0,1.00,0.00,-0.0028,0.0081,0.7467,0.00608,0.00353,0.0311,0.5266,0.00049,2,0.2852,0.3406,0.3743,0.8324,0.0081,0.00450,0.3611,0.3132,0.3257,0.7242,0.0082,0.00350,0.4512,0.3320,0.2168,0.7693,0.0078,0.00216,0.2419,0.4524,0.3057,0.6607,0.0083,0.00395
533,2183168,2,1.500,2000.0,1.50,0.00,-0.0032,0.0113,0.7365,0.00608,0.00317,0.0170,0.5668,0.00073,2,0.2869,0.3416,0.3716,0.8427,0.0123,0.00304,0.3464,0.2886,0.3650,0.7098,0.0107,0.00267,0.4431,0.3120,0.2449,0.7581,0.0115,0.00339,0.2405,0.4172,0.3423,0.6355,0.0107,0.00358
534,2187264,2,0.500,2000.0,0.50,0.00,-0.0046,0.0046,0.7453,0.00607,0.00405,0.0361,0.6607,0.00024,2,0.3218,0.3269,0.3513,0.8260,0.0046,0.00519,0.3472,0.2900,0.3628,0.7099,0.0042,0.00397,0.4697,0.3096,0.2207,0.7827,0.0046,0.00330,0.2197,0.4473,0.3330,0.6625,0.0049,0.00375
535,2191360,2,1.000,2000.0,1.00,0.00,-0.0020,0.0050,0.7617,0.00606,0.00342,0.0289,0.7529,0.00049,2,0.2817,0.3857,0.3325,0.8718,0.0049,0.00303,0.3052,0.3250,0.3699,0.7004,0.0047,0.00388,0.4670,0.3232,0.2097,0.7931,0.0048,0.00263,0.2190,0.4883,0.2927,0.6815,0.0056,0.00415
536,2195456,2,0.500,2000.0,0.50,0.00,-0.0034,0.0024,0.7944,0.00605,0.00386,0.0273,0.8204,0.00024,2,0.3198,0.3228,0.3574,0.8789,0.0027,0.00496,0.3430,0.2502,0.4067,0.7798,0.0023,0.00414,0.4509,0.3149,0.2341,0.8063,0.0020,0.00392,0.2549,0.4109,0.3342,0.7126,0.0026,0.00241
537,2199552,2,1.000,2000.0,1.00,0.00,-0.0025,0.0069,0.7473,0.00605,0.00316,0.0292,0.7638,0.00073,2,0.3171,0.3179,0.3650,0.8318,0.0073,0.00315,0.3098,0.2874,0.4028,0.7133,0.0068,0.00396,0.4304,0.3228,0.2468,0.7699,0.0066,0.00346,0.2263,0.4197,0.3540,0.6741,0.0070,0.00206
538,2203648,2,1.000,2000.0,1.50,0.50,-0.0034,0.0137,0.7650,0.00604,0.00411,0.0424,0.6013,0.00073,2,0.3533,0.2734,0.3733,0.8378,0.0151,0.00699,0.3413,0.2524,0.4062,0.7343,0.0136,0.00142,0.4033,0.3215,0.2751,0.7764,0.0137,0.00419,0.2527,0.3599,0.3875,0.7116,0.0125,0.00383
539,2207744,2,0.000,2000.0,0.50,0.50,-0.0029,0.0181,0.7461,0.00603,0.00382,0.0259,0.5635,0.00073,2,0.3745,0.2822,0.3433,0.8152,0.0195,0.00319,0.3328,0.2646,0.4026,0.7246,0.0172,0.00452,0.4258,0.3188,0.2554,0.7526,0.0186,0.00437,0.2080,0.3901,0.4019,0.6919,0.0169,0.00318
540,2211840,2,0.000,2000.0,0.50,0.50,-0.0038,0.0060,0.7237,0.00602,0.00400,0.0361,0.5966,0.00024,2,0.3616,0.2891,0.3494,0.8022,0.0062,0.00363,0.3042,0.2908,0.4050,0.7178,0.0054,0.00417,0.4438,0.2961,0.2600,0.7352,0.0063,0.00568,0.2224,0.4092,0.3684,0.6395,0.0061,0.00250
541,2215936,2,0.000,2000.0,0.50,0.50,-0.0043,0.0110,0.7485,0.00602,0.00471,0.0574,0.4567,0.00049,2,0.3604,0.3042,0.3354,0.8624,0.0114,0.00324,0.3335,0.2910,0.3755,0.7545,0.0109,0.00305,0.4495,0.3127,0.2378,0.7154,0.0112,0.00740,0.2117,0.4409,0.3474,0.6617,0.0104,0.00515
542,2220032,2,0.500,2000.0,0.50,0.00,-0.0042,0.0141,0.7903,0.00601,0.00447,0.0407,0.3398,0.00049,2,0.3525,0.3167,0.3308,0.8893,0.0139,0.00552,0.3738,0.2886,0.3376,0.8034,0.0134,0.00439,0.4580,0.3091,0.2329,0.7584,0.0132,0.00303,0.2051,0.4395,0.3555,0.7100,0.0159,0.00495
543,2224128,2,0.000,2000.0,0.50,0.50,-0.0033,0.0049,0.7282,0.00600,0.00330,0.0281,0.6458,0.00024,2,0.3044,0.3347,0.3608,0.8307,0.0054,0.00475,0.3196,0.3108,0.3696,0.7005,0.0049,0.00279,0.4277,0.3093,0.2629,0.7329,0.0050,0.00288,0.1682,0.4426,0.3892,0.6487,0.0042,0.00279
544,2228224,2,1.000,2000.0,1.00,0.00,-0.0038,0.0106,0.7162,0.00599,0.00466,0.0452,0.5749,0.00073,2,0.3320,0.3135,0.3545,0.8000,0.0105,0.00499,0.2969,0.3171,0.3860,0.6795,0.0101,0.00765,0.4373,0.3115,0.2512,0.7360,0.0119,0.00461,0.1746,0.4578,0.3677,0.6493,0.0101,0.00137
545,2232320,2,1.500,2000.0,1.50,0.00,-0.0031,0.0086,0.6705,0.00599,0.00346,0.0331,0.4965,0.00049,2,0.2715,0.3591,0.3694,0.7749,0.0091,0.00628,0.2197,0.3584,0.4219,0.5713,0.0087,0.00193,0.4348,0.3164,0.2488,0.7532,0.0083,0.00312,0.1670,0.4556,0.3774,0.5825,0.0084,0.00251
546,2236416,2,0.500,2000.0,0.50,0.00,-0.0024,0.0072,0.7189,0.00598,0.00262,0.0192,0.6368,0.00049,2,0.2920,0.3633,0.3447,0.8358,0.0076,0.00311,0.2615,0.3630,0.3755,0.6688,0.0073,0.00272,0.4458,0.3220,0.2322,0.7633,0.0068,0.00203,0.1792,0.4919,0.3289,0.6076,0.0070,0.00264
547,2240512,2,1.000,2000.0,1.00,0.00,-0.0032,0.0086,0.7794,0.00597,0.00400,0.0334,0.5219,0.00049,2,0.3503,0.3113,0.3384,0.8798,0.0086,0.00298,0.2764,0.3369,0.3867,0.7010,0.0081,0.00458,0.4346,0.3247,0.2407,0.8086,0.0090,0.00564,0.1992,0.4326,0.3682,0.7281,0.0088,0.00280
548,2244608,2,1.500,2000.0,1.50,0.00,-0.0041,0.0098,0.7170,0.00596,0.00455,0.0523,0.7437,0.00098,2,0.3025,0.3259,0.3716,0.8479,0.0096,0.00602,0.2461,0.3254,0.4285,0.6144,0.0092,0.00431,0.4167,0.3003,0.2830,0.7546,0.0098,0.00422,0.1982,0.4070,0.3948,0.6512,0.0104,0.00362
549,2248704,2,1.500,2000.0,1.50,0.00,-0.0036,0.0080,0.7674,0.00596,0.00417,0.0460,0.6887,0.00049,2,0.3657,0.3337,0.3005,0.9016,0.0081,0.00387,0.2278,0.3384,0.4338,0.6558,0.0077,0.00274,0.4363,0.3203,0.2434,0.7533,0.0079,0.00358,0.2383,0.4236,0.3381,0.7590,0.0083,0.00650
550,2252800,3,0.000,2000.0,1.00,1.00,-0.0027,0.0279,0.8171,0.00595,0.00244,0.0139,0.3918,0.00122,3,0.3557,0.3237,0.3206,0.9177,0.0284,0.00404,0.2632,0.3132,0.4236,0.7486,0.0272,0.00184,0.4429,0.3125,0.2446,0.8194,0.0277,0.00206,0.2659,0.3826,0.3516,0.7829,0.0284,0.00181
551,2256896,2,1.000,2000.0,1.00,0.00,-0.0031,0.0081,0.8072,0.00594,0.00328,0.0197,0.6241,0.00049,2,0.3669,0.3191,0.3140,0.8988,0.0076,0.00515,0.2480,0.3159,0.4360,0.7916,0.0074,0.00312,0.4626,0.2930,0.2444,0.7977,0.0096,0.00287,0.2585,0.4048,0.3367,0.7406,0.0078,0.00198
552,2260992,2,1.000,2000.0,1.00,0.00,-0.0029,0.0045,0.7673,0.00594,0.00361,0.0425,0.8221,0.00049,2,0.3042,0.3594,0.3364,0.8593,0.0048,0.00214,0.2275,0.3423,0.4302,0.6867,0.0042,0.00431,0.4514,0.3154,0.2332,0.8260,0.0048,0.00577,0.2378,0.4299,0.3323,0.6972,0.0041,0.00222
553,2265088,2,0.000,2000.0,0.50,0.50,-0.0040,0.0105,0.7977,0.00593,0.00446,0.0469,0.5642,0.00049,2,0.3079,0.3682,0.3240,0.9076,0.0099,0.00660,0.2747,0.3594,0.3660,0.7645,0.0105,0.00445,0.4482,0.3245,0.2273,0.8129,0.0109,0.00095,0.2585,0.4292,0.3123,0.7057,0.0106,0.00585
554,2269184,2,-0.500,2000.0,0.00,0.50,-0.0029,0.0085,0.7169,0.00592,0.00358,0.0255,0.5057,0.00024,2,0.3145,0.3628,0.3228,0.8240,0.0077,0.00351,0.2349,0.3562,0.4089,0.5982,0.0078,0.00311,0.4202,0.3323,0.2476,0.7762,0.0091,0.00499,0.2048,0.4651,0.3301,0.6693,0.0094,0.00272
555,2273280,2,0.500,2000.0,0.50,0.00,-0.0039,0.0131,0.7576,0.00591,0.00364,0.0310,0.1823,0.00049,2,0.3281,0.3401,0.3318,0.8707,0.0132,0.00503,0.2800,0.3179,0.4021,0.6354,0.0131,0.00461,0.4221,0.3142,0.2637,0.8083,0.0133,0.00327,0.2402,0.4016,0.3582,0.7161,0.0127,0.00167
556,2277376,2,0.000,2000.0,1.00,1.00,-0.0052,0.0150,0.7736,0.00591,0.00550,0.0662,0.4675,0.00073,2,0.3479,0.3276,0.3245,0.8857,0.0148,0.00697,0.2913,0.2688,0.4399,0.7320,0.0151,0.00472,0.4543,0.2832,0.2625,0.7951,0.0156,0.00703,0.2144,0.4016,0.3840,0.6817,0.0143,0.00329
557,2281472,2,2.000,2000.0,2.00,0.00,-0.0042,0.0129,0.7661,0.00590,0.00362,0.0258,0.5989,0.00098,2,0.3418,0.3618,0.2964,0.8723,0.0133,0.00576,0.2854,0.3462,0.3684,0.7011,0.0126,0.00297,0.4868,0.2837,0.2295,0.7834,0.0125,0.00344,0.2527,0.4417,0.3057,0.7075,0.0132,0.00233
558,2285568,2,-0.500,2000.0,0.50,1.00,-0.0036,0.0160,0.7675,0.00589,0.00530,0.0464,0.4479,0.00073,2,0.3308,0.3833,0.2859,0.8840,0.0168,0.00840,0.2751,0.3594,0.3655,0.7348,0.0162,0.00433,0.5120,0.2832,0.2048,0.7762,0.0148,0.00385,0.2358,0.4507,0.3135,0.6752,0.0164,0.00460
559,2289664,2,0.500,2000.0,1.00,0.50,-0.0032,0.0231,0.7880,0.00588,0.00413,0.0366,0.4966,0.00122,2,0.3313,0.3765,0.2922,0.9035,0.0227,0.00379,0.2812,0.3257,0.3931,0.7454,0.0221,0.00558,0.5134,0.2805,0.2061,0.7850,0.0248,0.00433,0.2158,0.4375,0.3467,0.7182,0.0231,0.00284
560,2293760,2,2.000,2000.0,3.00,1.00,-0.0047,0.0351,0.7362,0.00588,0.00558,0.0701,0.5296,0.00171,2,0.3120,0.3879,0.3000,0.8174,0.0346,0.00487,0.2581,0.3445,0.3975,0.6712,0.0338,0.01168,0.5022,0.2866,0.2112,0.7903,0.0390,0.00380,0.1738,0.4800,0.3462,0.6659,0.0330,0.00194
561,2297856,2,2.000,2000.0,2.00,0.00,-0.0037,0.0164,0.7949,0.00587,0.00399,0.0272,0.5889,0.00098,2,0.3176,0.3579,0.3245,0.8663,0.0156,0.00571,0.2893,0.2896,0.4211,0.7310,0.0154,0.00329,0.4966,0.2822,0.2212,0.8325,0.0180,0.00309,0.2144,0.4094,0.3762,0.7499,0.0167,0.00386
562,2301952,2,2.000,2000.0,2.50,0.50,-0.0051,0.0266,0.7406,0.00586,0.00453,0.0547,0.4341,0.00122,2,0.3169,0.3835,0.2996,0.8189,0.0269,0.00421,0.2422,0.3103,0.4475,0.6764,0.0256,0.00298,0.4893,0.2842,0.2266,0.8176,0.0281,0.00941,0.1926,0.4421,0.3652,0.6495,0.0257,0.00154
563,2306048,2,1.000,2000.0,1.00,0.00,-0.0039,0.0086,0.7201,0.00585,0.00441,0.0453,0.7487,0.00073,2,0.2688,0.4250,0.3062,0.7754,0.0087,0.00388,0.2136,0.3596,0.4268,0.6563,0.0085,0.00506,0.4565,0.3210,0.2224,0.8212,0.0088,0.00665,0.1731,0.4819,0.3450,0.6276,0.0085,0.00204
564,2310144,2,1.500,2000.0,2.00,0.50,-0.0032,0.0199,0.7622,0.00585,0.00331,0.0308,0.7015,0.00171,2,0.3162,0.3936,0.2903,0.8255,0.0187,0.00355,0.2766,0.3174,0.4060,0.7440,0.0181,0.00404,0.4419,0.3291,0.2290,0.8194,0.0227,0.00347,0.1697,0.4712,0.3591,0.6598,0.0201,0.00220
565,2314240,2,1.500,2000.0,2.00,0.50,-0.0040,0.0091,0.7545,0.00584,0.00418,0.0398,0.6813,0.00049,2,0.3186,0.3621,0.3193,0.7991,0.0086,0.00492,0.2969,0.2961,0.4070,0.7106,0.0092,0.00344,0.4189,0.3237,0.2573,0.8326,0.0096,0.00495,0.1704,0.4377,0.3918,0.6759,0.0088,0.00342
566,2318336,2,0.500,2000.0,0.50,0.00,-0.0032,0.0075,0.6910,0.00583,0.00312,0.0279,0.4565,0.00024,2,0.3228,0.3606,0.3167,0.7297,0.0074,0.00427,0.2722,0.3147,0.4131,0.6086,0.0078,0.00240,0.4116,0.3330,0.2554,0.8141,0.0075,0.00352,0.1692,0.4351,0.3958,0.6113,0.0074,0.00230
567,2322432,2,0.000,2000.0,0.00,0.00,-0.0019,0.0091,0.7173,0.00582,0.00288,0.0211,0.5257,0.00049,2,0.3091,0.3679,0.3230,0.7587,0.0088,0.00233,0.3281,0.2883,0.3835,0.6667,0.0090,0.00272,0.4358,0.3323,0.2319,0.7973,0.0097,0.00500,0.1729,0.4421,0.3850,0.6466,0.0087,0.00148
568,2326528,2,1.000,2000.0,1.00,0.00,-0.0046,0.0012,0.7423,0.00582,0.00477,0.0542,0.3698,0.00000,2,0.3127,0.3640,0.3232,0.7648,0.0010,0.00435,0.3462,0.2832,0.3706,0.7110,0.0011,0.00548,0.4805,0.2944,0.2251,0.8100,0.0012,0.00460,0.2114,0.4253,0.3633,0.6834,0.0014,0.00466
569,2330624,2,0.500,2000.0,0.50,0.00,-0.0029,0.0089,0.7413,0.00581,0.00435,0.0365,0.5458,0.00049,2,0.2949,0.4016,0.3035,0.7723,0.0093,0.00498,0.3359,0.3066,0.3574,0.7544,0.0084,0.00736,0.4656,0.3318,0.2026,0.7618,0.0092,0.00283,0.1819,0.4873,0.3308,0.6769,0.0087,0.00222
570,2334720,3,0.000,2000.0,0.33,0.33,-0.0023,0.0061,0.7178,0.00580,0.00241,0.0143,0.3412,0.00024,3,0.2737,0.3997,0.3267,0.7600,0.0067,0.00242,0.3613,0.3184,0.3203,0.7312,0.0061,0.00108,0.4368,0.3340,0.2292,0.7785,0.0057,0.00409,0.1741,0.4680,0.3579,0.6015,0.0059,0.00204
571,2338816,2,-1.500,2000.0,0.00,1.50,-0.0036,0.0130,0.7940,0.00580,0.00378,0.0325,0.4553,0.00073,2,0.3420,0.3594,0.2986,0.8598,0.0128,0.00411,0.4143,0.2805,0.3052,0.8137,0.0117,0.00342,0.4670,0.3147,0.2183,0.8189,0.0130,0.00486,0.2007,0.4563,0.3430,0.6835,0.0145,0.00273
572,2342912,2,0.500,2000.0,0.50,0.00,-0.0029,0.0076,0.7027,0.00579,0.00359,0.0327,0.3286,0.00024,2,0.2615,0.3855,0.3530,0.7479,0.0074,0.00423,0.3247,0.3252,0.3501,0.6643,0.0074,0.00329,0.4207,0.3289,0.2505,0.7788,0.0079,0.00434,0.1609,0.4741,0.3650,0.6196,0.0079,0.00252
573,2347008,2,-1.000,2000.0,0.00,1.00,-0.0033,0.0101,0.7596,0.00578,0.00327,0.0251,0.4239,0.00049,2,0.3276,0.3618,0.3105,0.8027,0.0108,0.00378,0.3652,0.3057,0.3291,0.7512,0.0092,0.00229,0.4233,0.3345,0.2422,0.8098,0.0097,0.00422,0.1978,0.4438,0.3584,0.6749,0.0107,0.00279
574,2351104,2,0.500,2000.0,0.50,0.00,-0.0031,0.0072,0.7527,0.00577,0.00397,0.0349,0.3116,0.00024,2,0.3330,0.3508,0.3162,0.8035,0.0069,0.00233,0.3359,0.3125,0.3516,0.7322,0.0070,0.00289,0.4231,0.3230,0.2539,0.8162,0.0076,0.00609,0.1775,0.4441,0.3784,0.6588,0.0071,0.00457
575,2355200,2,2.000,2000.0,2.00,0.00,-0.0026,0.0190,0.7795,0.00577,0.00350,0.0239,0.4487,0.00122,2,0.3826,0.3462,0.2712,0.8203,0.0181,0.00523,0.4272,0.2710,0.3018,0.8167,0.0195,0.00335,0.4153,0.3540,0.2307,0.8245,0.0194,0.00277,0.1875,0.4597,0.3528,0.6566,0.0192,0.00264
576,2359296,2,1.000,2000.0,1.00,0.00,-0.0041,0.0060,0.8508,0.00576,0.00520,0.0612,0.3356,0.00024,2,0.4036,0.3218,0.2747,0.8855,0.0059,0.00511,0.4727,0.2329,0.2944,0.8674,0.0059,0.00463,0.3982,0.3430,0.2588,0.8688,0.0064,0.00563,0.2363,0.4102,0.3535,0.7815,0.0059,0.00541
577,2363392,2,0.500,2000.0,0.50,0.00,-0.0039,0.0066,0.7407,0.00575,0.00397,0.0315,0.3741,0.00024,2,0.3147,0.3779,0.3074,0.7642,0.0063,0.00406,0.3372,0.3132,0.3496,0.7020,0.0065,0.00394,0.4387,0.3328,0.2285,0.8219,0.0068,0.00479,0.1953,0.4697,0.3350,0.6748,0.0066,0.00310
578,2367488,2,0.500,2000.0,0.50,0.00,-0.0030,0.0063,0.7302,0.00574,0.00264,0.0235,0.3377,0.00024,2,0.3325,0.3728,0.2947,0.7510,0.0066,0.00288,0.3330,0.2937,0.3733,0.6924,0.0062,0.00352,0.3909,0.3403,0.2688,0.8158,0.0062,0.00164,0.1956,0.4619,0.3425,0.6616,0.0062,0.00251
579,2371584,2,0.000,2000.0,0.00,0.00,-0.0040,0.0010,0.6827,0.00574,0.00580,0.0818,0.1001,0.00000,2,0.2896,0.3867,0.3237,0.6932,0.0007,0.00316,0.2537,0.3237,0.4226,0.5880,0.0008,0.00516,0.3857,0.3369,0.2773,0.8298,0.0010,0.00618,0.1606,0.4592,0.3801,0.6197,0.0013,0.00871
580,2375680,2,0.000,2000.0,0.00,0.00,-0.0039,0.0004,0.6918,0.00573,0.00351,0.0326,0.4426,0.00000,2,0.2866,0.3877,0.3257,0.6952,0.0003,0.00306,0.2563,0.3066,0.4370,0.5947,0.0004,0.00274,0.3840,0.3359,0.2800,0.8402,0.0005,0.00404,0.1882,0.4595,0.3523,0.6371,0.0006,0.00419
581,2379776,2,1.000,2000.0,1.00,0.00,-0.0044,0.0103,0.8096,0.00572,0.00406,0.0418,0.2958,0.00049,2,0.3496,0.3792,0.2712,0.8468,0.0108,0.00621,0.3760,0.2742,0.3499,0.7754,0.0105,0.00311,0.4072,0.3455,0.2473,0.9058,0.0106,0.00390,0.1917,0.4766,0.3318,0.7103,0.0093,0.00300
582,2383872,2,-0.500,2000.0,0.50,1.00,-0.0026,0.0176,0.7622,0.00571,0.00339,0.0277,0.3078,0.00073,2,0.3386,0.3696,0.2917,0.7376,0.0185,0.00503,0.3337,0.2822,0.3840,0.7240,0.0169,0.00216,0.4106,0.3262,0.2632,0.9151,0.0175,0.00397,0.1777,0.4893,0.3330,0.6720,0.0173,0.00239
583,2387968,2,1.000,2000.0,1.00,0.00,-0.0029,0.0143,0.8556,0.00571,0.00436,0.0355,0.1659,0.00049,2,0.4009,0.3237,0.2754,0.8653,0.0147,0.00290,0.4448,0.2146,0.3406,0.8469,0.0145,0.00593,0.3677,0.3372,0.2952,0.9414,0.0145,0.00405,0.1870,0.4346,0.3784,0.7688,0.0135,0.00456
584,2392064,2,0.000,2000.0,0.50,0.50,-0.0050,0.0172,0.8454,0.00570,0.00583,0.0692,0.3774,0.00073,2,0.3906,0.3584,0.2510,0.8370,0.0179,0.00547,0.3674,0.2781,0.3545,0.8668,0.0162,0.00629,0.3999,0.3367,0.2634,0.9360,0.0180,0.00882,0.2056,0.4651,0.3293,0.7421,0.0167,0.00273
585,2396160,2,1.000,2000.0,1.50,0.50,-0.0043,0.0179,0.8097,0.00569,0.00395,0.0294,0.7003,0.00146,2,0.3708,0.3894,0.2397,0.8052,0.0180,0.00435,0.3428,0.2815,0.3757,0.8310,0.0150,0.00511,0.4033,0.3481,0.2485,0.8722,0.0195,0.00520,0.1943,0.4819,0.3237,0.7305,0.0190,0.00115
586,2400256,2,-0.500,2000.0,1.00,1.50,-0.0038,0.0126,0.8051,0.00568,0.00334,0.0270,0.7375,0.00098,2,0.3738,0.3638,0.2625,0.7861,0.0117,0.00237,0.3809,0.2666,0.3525,0.8301,0.0113,0.00575,0.4424,0.3164,0.2412,0.8891,0.0145,0.00200,0.2317,0.4624,0.3059,0.7151,0.0128,0.00325
587,2404352,2,1.500,2000.0,1.50,0.00,-0.0030,0.0147,0.7357,0.00568,0.00281,0.0204,0.4729,0.00049,2,0.3328,0.3909,0.2764,0.7355,0.0146,0.00443,0.3105,0.2837,0.4058,0.7073,0.0138,0.00174,0.4199,0.3186,0.2615,0.8641,0.0149,0.00285,0.1741,0.4553,0.3706,0.6360,0.0154,0.00224
588,2408448,2,0.500,2000.0,0.50,0.00,-0.0035,0.0120,0.7927,0.00567,0.00381,0.0338,0.4467,0.00049,2,0.3782,0.3645,0.2573,0.7718,0.0124,0.00566,0.3875,0.2419,0.3706,0.8112,0.0120,0.00235,0.3918,0.3308,0.2773,0.8730,0.0125,0.00462,0.1992,0.4490,0.3518,0.7146,0.0110,0.00260
589,2412544,2,1.000,2000.0,1.00,0.00,-0.0027,0.0103,0.7388,0.00566,0.00322,0.0308,0.4364,0.00049,2,0.3540,0.3818,0.2642,0.7377,0.0103,0.00282,0.3286,0.2749,0.3965,0.6985,0.0096,0.00307,0.3669,0.3530,0.2800,0.8351,0.0109,0.00409,0.1926,0.4500,0.3574,0.6839,0.0103,0.00288
590,2416640,2,1.500,2000.0,1.50,0.00,-0.0029,0.0077,0.7601,0.00565,0.00400,0.0436,0.6112,0.00049,2,0.3267,0.3982,0.2751,0.7538,0.0081,0.00404,0.3086,0.2883,0.4031,0.6707,0.0075,0.00260,0.3989,0.3347,0.2664,0.8728,0.0078,0.00332,0.2000,0.4436,0.3564,0.7431,0.0072,0.00606
591,2420736,3,1.000,2000.0,1.00,0.00,-0.0032,0.0061,0.7947,0.00565,0.00345,0.0285,0.6948,0.00049,3,0.3896,0.3687,0.2417,0.7426,0.0060,0.00468,0.3494,0.2637,0.3870,0.8038,0.0055,0.00370,0.4219,0.3162,0.2620,0.8861,0.0066,0.00431,0.2168,0.4336,0.3496,0.7465,0.0065,0.00111
592,2424832,2,1.000,2000.0,2.00,1.00,-0.0050,0.0321,0.7987,0.00564,0.00472,0.0447,0.3708,0.00146,2,0.3984,0.3740,0.2275,0.7674,0.0310,0.00383,0.3076,0.2646,0.4277,0.7579,0.0329,0.00358,0.3857,0.3467,0.2676,0.8849,0.0326,0.00556,0.2178,0.4329,0.3494,0.7846,0.0320,0.00591
593,2428928,2,0.500,2000.0,0.50,0.00,-0.0033,0.0064,0.7628,0.00563,0.00401,0.0434,0.4922,0.00024,2,0.3589,0.3911,0.2500,0.7338,0.0060,0.00656,0.2610,0.3032,0.4358,0.6843,0.0061,0.00168,0.3948,0.3374,0.2678,0.8771,0.0066,0.00534,0.2461,0.4324,0.3215,0.7559,0.0070,0.00248
594,2433024,2,1.000,2000.0,1.50,0.50,-0.0044,0.0142,0.8105,0.00563,0.00390,0.0391,0.6355,0.00098,2,0.4211,0.3354,0.2434,0.7362,0.0135,0.00439,0.3230,0.2693,0.4077,0.8126,0.0131,0.00370,0.4167,0.3201,0.2632,0.9049,0.0158,0.00404,0.2522,0.4114,0.3364,0.7883,0.0146,0.00346
595,2437120,2,2.000,2000.0,2.00,0.00,-0.0039,0.0125,0.8266,0.00562,0.00470,0.0396,0.6676,0.00098,2,0.4495,0.3191,0.2314,0.7350,0.0126,0.00315,0.3333,0.2771,0.3896,0.8816,0.0120,0.00650,0.4075,0.3406,0.2520,0.9082,0.0128,0.00392,0.2676,0.4104,0.3220,0.7816,0.0127,0.00523
596,2441216,2,0.500,2000.0,0.50,0.00,-0.0039,0.0058,0.7580,0.00561,0.00360,0.0285,0.5512,0.00024,2,0.3923,0.3896,0.2180,0.6837,0.0058,0.00363,0.2830,0.2974,0.4197,0.7276,0.0056,0.00227,0.4128,0.3647,0.2224,0.8689,0.0057,0.00511,0.2607,0.4465,0.2927,0.7518,0.0061,0.00340
597,2445312,2,2.500,2000.0,2.50,0.00,-0.0038,0.0158,0.7812,0.00560,0.00407,0.0427,0.5870,0.00122,2,0.4094,0.3777,0.2129,0.7340,0.0156,0.00377,0.3027,0.2764,0.4209,0.8189,0.0151,0.00200,0.4072,0.3555,0.2373,0.8556,0.0160,0.00877,0.2324,0.4658,0.3018,0.7162,0.0163,0.00174
598,2449408,2,1.500,2000.0,1.50,0.00,-0.0026,0.0134,0.7757,0.00560,0.00268,0.0131,0.6186,0.00098,2,0.4224,0.3662,0.2114,0.7404,0.0130,0.00219,0.3057,0.2754,0.4189,0.7622,0.0126,0.00195,0.3835,0.3677,0.2488,0.8852,0.0137,0.00514,0.2332,0.4556,0.3113,0.7150,0.0144,0.00143
599,2453504,2,2.000,2000.0,2.00,0.00,-0.0043,0.0130,0.7714,0.00559,0.00415,0.0339,0.5674,0.00073,2,0.4465,0.3420,0.2114,0.7092,0.0135,0.00345,0.3254,0.2656,0.4089,0.7485,0.0125,0.00410,0.3813,0.3552,0.2634,0.8666,0.0129,0.00452,0.2231,0.4551,0.3218,0.7614,0.0129,0.00452
600,2457600,2,0.500,2000.0,0.50,0.00,-0.0045,0.0062,0.8367,0.00558,0.00483,0.0309,0.4205,0.00024,2,0.4819,0.2983,0.2197,0.7441,0.0066,0.00433,0.4275,0.2004,0.3721,0.8346,0.0063,0.00547,0.3894,0.3279,0.2827,0.9236,0.0060,0.00582,0.2991,0.3740,0.3269,0.8446,0.0059,0.00372
601,2461696,2,2.000,2000.0,2.00,0.00,-0.0034,0.0136,0.7642,0.00557,0.00307,0.0220,0.5537,0.00098,2,0.4368,0.3462,0.2170,0.7096,0.0133,0.00292,0.3147,0.2627,0.4226,0.7113,0.0137,0.00408,0.3801,0.3538,0.2661,0.8398,0.0151,0.00297,0.2803,0.4175,0.3022,0.7960,0.0124,0.00231
602,2465792,2,1.500,2000.0,1.50,0.00,-0.0039,0.0089,0.7953,0.00557,0.00430,0.0375,0.6687,0.00073,2,0.5039,0.3123,0.1838,0.7072,0.0080,0.00504,0.3887,0.2085,0.4028,0.8333,0.0075,0.00461,0.3694,0.3596,0.2710,0.8742,0.0104,0.00340,0.2898,0.3884,0.3218,0.7665,0.0097,0.00414
603,2469888,2,0.500,2000.0,0.50,0.00,-0.0040,0.0039,0.8012,0.00556,0.00643,0.0745,0.7515,0.00024,2,0.4297,0.4324,0.1379,0.7230,0.0039,0.00525,0.3745,0.2849,0.3406,0.8914,0.0037,0.00550,0.4177,0.3821,0.2002,0.8529,0.0043,0.00967,0.2549,0.5039,0.2412,0.7375,0.0036,0.00530
604,2473984,2,1.000,2000.0,1.00,0.00,-0.0033,0.0128,0.7758,0.00555,0.00265,0.0208,0.6226,0.00098,2,0.4565,0.3474,0.1960,0.7074,0.0128,0.00188,0.3320,0.2632,0.4048,0.7554,0.0120,0.00252,0.3296,0.4094,0.2610,0.8635,0.0141,0.00366,0.2534,0.4490,0.2976,0.7768,0.0122,0.00253
605,2478080,2,1.500,2000.0,1.50,0.00,-0.0038,0.0078,0.7737,0.00554,0.00349,0.0304,0.7746,0.00073,2,0.4788,0.3311,0.1902,0.6979,0.0087,0.00348,0.3438,0.2490,0.4072,0.7783,0.0079,0.00276,0.3374,0.3931,0.2695,0.8871,0.0071,0.00500,0.2629,0.4475,0.2896,0.7317,0.0075,0.00270
606,2482176,2,2.000,2000.0,2.00,0.00,-0.0040,0.0076,0.8241,0.00554,0.00438,0.0416,0.7819,0.00073,2,0.5166,0.2915,0.1919,0.7157,0.0081,0.00472,0.3789,0.2373,0.3838,0.8390,0.0075,0.00346,0.3171,0.3940,0.2888,0.9514,0.0078,0.00422,0.2786,0.4072,0.3142,0.7904,0.0071,0.00512
607,2486272,2,0.500,2000.0,0.50,0.00,-0.0038,0.0126,0.7353,0.00553,0.00440,0.0367,0.2363,0.00024,2,0.4514,0.3257,0.2229,0.6835,0.0125,0.00347,0.2773,0.2666,0.4561,0.6065,0.0114,0.00362,0.3032,0.3977,0.2991,0.9155,0.0129,0.00756,0.2971,0.3965,0.3064,0.7357,0.0136,0.00294
608,2490368,2,1.500,2000.0,2.00,0.50,-0.0032,0.0112,0.7861,0.00552,0.00282,0.0189,0.7547,0.00122,2,0.5247,0.3010,0.1743,0.6879,0.0115,0.00378,0.3682,0.2483,0.3835,0.7664,0.0127,0.00328,0.3396,0.3789,0.2815,0.9459,0.0104,0.00262,0.2842,0.4207,0.2952,0.7441,0.0104,0.00160
609,2494464,2,1.000,2000.0,1.50,0.50,-0.0034,0.0164,0.7857,0.00551,0.00367,0.0375,0.5902,0.00122,2,0.4976,0.3203,0.1821,0.6853,0.0162,0.00523,0.3911,0.2407,0.3682,0.7802,0.0157,0.00291,0.3225,0.3875,0.2900,0.9192,0.0172,0.00454,0.2686,0.4216,0.3098,0.7582,0.0165,0.00202
610,2498560,2,2.500,2000.0,2.50,0.00,-0.0036,0.0174,0.7892,0.00551,0.00362,0.0251,0.6792,0.00171,2,0.4954,0.3418,0.1628,0.6877,0.0164,0.00343,0.4043,0.2468,0.3489,0.8064,0.0156,0.00532,0.3318,0.3965,0.2717,0.9144,0.0186,0.00425,0.2568,0.4512,0.2920,0.7483,0.0191,0.00150
611,2502656,2,2.000,2000.0,2.50,0.50,-0.0027,0.0123,0.7905,0.00550,0.00249,0.0100,0.6500,0.00073,2,0.5193,0.3374,0.1433,0.6759,0.0120,0.00204,0.4065,0.2124,0.3811,0.8455,0.0108,0.00269,0.2896,0.4302,0.2803,0.9015,0.0138,0.00149,0.2754,0.4172,0.3074,0.7390,0.0125,0.00373
612,2506752,3,0.000,2000.0,0.67,0.67,-0.0041,0.0171,0.7735,0.00549,0.00399,0.0380,0.4981,0.00073,3,0.4651,0.3469,0.1880,0.6540,0.0169,0.00192,0.3345,0.2808,0.3848,0.7396,0.0162,0.00631,0.2927,0.4299,0.2773,0.8990,0.0174,0.00370,0.2610,0.4348,0.3042,0.8012,0.0177,0.00402
613,2510848,2,2.000,2000.0,2.00,0.00,-0.0039,0.0087,0.7897,0.00549,0.00477,0.0474,0.7830,0.00098,2,0.5054,0.3433,0.1514,0.6738,0.0088,0.00370,0.4253,0.2278,0.3469,0.7918,0.0083,0.00478,0.2942,0.4412,0.2646,0.9150,0.0089,0.00546,0.2715,0.4365,0.2920,0.7780,0.0086,0.00515
614,2514944,2,1.000,2000.0,1.50,0.50,-0.0037,0.0123,0.7522,0.00548,0.00309,0.0319,0.7560,0.00098,2,0.4485,0.3674,0.1841,0.6261,0.0121,0.00475,0.3413,0.2646,0.3940,0.7789,0.0122,0.00296,0.3118,0.4165,0.2717,0.9034,0.0132,0.00272,0.2349,0.4531,0.3120,0.7005,0.0116,0.00192
615,2519040,2,1.500,2000.0,1.50,0.00,-0.0033,0.0088,0.8301,0.00547,0.00362,0.0285,0.7635,0.00073,2,0.4810,0.3406,0.1785,0.6810,0.0093,0.00319,0.4233,0.2217,0.3550,0.8404,0.0085,0.00342,0.2981,0.4077,0.2942,0.9675,0.0085,0.00442,0.2466,0.4114,0.3420,0.8316,0.0088,0.00346
616,2523136,2,-1.000,2000.0,0.50,1.50,-0.0035,0.0207,0.8160,0.00546,0.00445,0.0421,0.5748,0.00098,2,0.4636,0.3604,0.1760,0.6945,0.0193,0.00292,0.4272,0.2188,0.3540,0.8082,0.0192,0.00496,0.2991,0.4116,0.2893,0.9508,0.0222,0.00387,0.2554,0.4177,0.3269,0.8103,0.0221,0.00605
617,2527232,2,-0.500,2000.0,0.00,0.50,-0.0032,0.0099,0.7699,0.00546,0.00328,0.0235,0.3835,0.00024,2,0.4045,0.3884,0.2070,0.6414,0.0091,0.00254,0.3748,0.2634,0.3618,0.6977,0.0088,0.00300,0.3157,0.3818,0.3025,0.9500,0.0107,0.00256,0.2810,0.4028,0.3162,0.7905,0.0109,0.00501
618,2531328,2,1.000,2000.0,1.00,0.00,-0.0047,0.0131,0.7930,0.00545,0.00412,0.0388,0.2131,0.00049,2,0.4805,0.3484,0.1711,0.7028,0.0134,0.00401,0.4053,0.2344,0.3604,0.7479,0.0130,0.00368,0.3181,0.3838,0.2981,0.9450,0.0131,0.00313,0.3040,0.3994,0.2966,0.7762,0.0129,0.00565
619,2535424,2,1.500,2000.0,1.50,0.00,-0.0028,0.0084,0.8306,0.00544,0.00409,0.0367,0.6753,0.00073,2,0.4746,0.3540,0.1714,0.6954,0.0084,0.00265,0.4543,0.2126,0.3330,0.8194,0.0085,0.00825,0.3235,0.3911,0.2854,0.9914,0.0085,0.00275,0.3130,0.3811,0.3059,0.8162,0.0081,0.00270
620,2539520,2,1.000,2000.0,1.00,0.00,-0.0037,0.0085,0.8009,0.00543,0.00353,0.0303,0.6313,0.00049,2,0.4194,0.3735,0.2070,0.6605,0.0078,0.00371,0.3726,0.2493,0.3782,0.7959,0.0080,0.00384,0.3252,0.3811,0.2937,0.9559,0.0095,0.00360,0.3171,0.3801,0.3027,0.7915,0.0086,0.00299
621,2543616,2,1.500,2000.0,1.50,0.00,-0.0039,0.0098,0.7778,0.00543,0.00445,0.0391,0.7176,0.00073,2,0.4797,0.3303,0.1899,0.6684,0.0101,0.00333,0.3567,0.2263,0.4170,0.7554,0.0097,0.00281,0.2849,0.3848,0.3303,0.9501,0.0100,0.00829,0.3086,0.3601,0.3313,0.7374,0.0095,0.00336
622,2547712,2,1.000,2000.0,1.00,0.00,-0.0046,0.0044,0.8079,0.00542,0.00508,0.0431,0.6932,0.00049,2,0.4958,0.3098,0.1943,0.6517,0.0044,0.00433,0.3904,0.2014,0.4082,0.8093,0.0043,0.00540,0.2830,0.3721,0.3450,0.9594,0.0047,0.00715,0.3486,0.3391,0.3123,0.8114,0.0043,0.00343
623,2551808,2,0.000,2000.0,0.50,0.50,-0.0047,0.0181,0.7967,0.00541,0.00490,0.0401,0.5692,0.00098,2,0.4319,0.3662,0.2019,0.6573,0.0179,0.00297,0.3823,0.2429,0.3748,0.8053,0.0173,0.00619,0.2930,0.3989,0.3081,0.9568,0.0196,0.00565,0.3547,0.3708,0.2744,0.7673,0.0179,0.00478
624,2555904,2,0.500,2000.0,1.00,0.50,-0.0034,0.0176,0.7140,0.00540,0.00328,0.0276,0.3080,0.00049,2,0.4260,0.3508,0.2231,0.6173,0.0168,0.00217,0.2783,0.2917,0.4299,0.5665,0.0171,0.00341,0.2634,0.3938,0.3428,0.9149,0.0193,0.00201,0.2976,0.3789,0.3235,0.7572,0.0173,0.00554
625,2560000,2,0.500,2000.0,1.00,0.50,-0.0040,0.0177,0.8562,0.00540,0.00355,0.0215,0.2651,0.00073,2,0.4233,0.4092,0.1675,0.7333,0.0174,0.00337,0.4275,0.2495,0.3230,0.9020,0.0170,0.00371,0.3352,0.4099,0.2549,0.9393,0.0187,0.00413,0.3577,0.3948,0.2476,0.8500,0.0176,0.00301
626,2564096,2,1.500,2000.0,2.00,0.50,-0.0039,0.0364,0.7790,0.00539,0.00470,0.0435,0.2678,0.00146,2,0.4546,0.3354,0.2100,0.6873,0.0369,0.00451,0.3359,0.2441,0.4199,0.7423,0.0359,0.00403,0.2820,0.3989,0.3191,0.9171,0.0369,0.00653,0.3259,0.3762,0.2979,0.7691,0.0357,0.00372
627,2568192,2,0.000,2000.0,1.50,1.50,-0.0040,0.0279,0.8328,0.00538,0.00387,0.0225,0.3976,0.00122,2,0.4355,0.3367,0.2278,0.6932,0.0274,0.00264,0.4048,0.2136,0.3816,0.8443,0.0275,0.00418,0.2861,0.3882,0.3257,0.9564,0.0300,0.00421,0.3691,0.3423,0.2886,0.8373,0.0266,0.00446
628,2572288,2,1.500,2000.0,1.50,0.00,-0.0041,0.0155,0.8156,0.00537,0.00492,0.0412,0.6223,0.00098,2,0.3892,0.3772,0.2336,0.6956,0.0159,0.00293,0.3630,0.2490,0.3879,0.8399,0.0143,0.00395,0.2625,0.4214,0.3162,0.9096,0.0166,0.00455,0.3359,0.3662,0.2979,0.8172,0.0149,0.00826
629,2576384,2,0.000,2000.0,1.00,1.00,-0.0044,0.0151,0.7959,0.00537,0.00492,0.0497,0.6024,0.00073,2,0.4258,0.3325,0.2417,0.7120,0.0156,0.00509,0.4011,0.2051,0.3938,0.7310,0.0140,0.00669,0.2395,0.4182,0.3423,0.9143,0.0158,0.00343,0.2959,0.3669,0.3372,0.8264,0.0150,0.00448
630,2580480,2,1.000,2000.0,1.00,0.00,-0.0045,0.0057,0.7750,0.00536,0.00355,0.0306,0.7706,0.00049,2,0.3535,0.4355,0.2109,0.6401,0.0060,0.00318,0.3982,0.2427,0.3591,0.7827,0.0055,0.00571,0.2510,0.4500,0.2991,0.8955,0.0056,0.00261,0.2715,0.4368,0.2917,0.7816,0.0055,0.00271
631,2584576,2,2.000,2000.0,2.00,0.00,-0.0040,0.0172,0.7998,0.00535,0.00343,0.0323,0.5156,0.00098,2,0.3938,0.3970,0.2092,0.7093,0.0183,0.00141,0.4153,0.2344,0.3503,0.7665,0.0170,0.00380,0.2524,0.4326,0.3149,0.8995,0.0165,0.00449,0.2900,0.3916,0.3184,0.8240,0.0171,0.00401
632,2588672,2,0.500,2000.0,1.00,0.50,-0.0043,0.0117,0.7424,0.00535,0.00415,0.0482,0.5858,0.00049,2,0.3862,0.3503,0.2634,0.6535,0.0109,0.00288,0.3425,0.2554,0.4021,0.6236,0.0118,0.00396,0.2141,0.4214,0.3645,0.8955,0.0127,0.00469,0.2961,0.3757,0.3281,0.7972,0.0114,0.00505
633,2592768,3,0.667,2000.0,1.00,0.33,-0.0040,0.0131,0.7580,0.00534,0.00429,0.0436,0.6895,0.00098,3,0.3625,0.4253,0.2122,0.6497,0.0132,0.00485,0.3887,0.2612,0.3501,0.7158,0.0124,0.00360,0.2610,0.4265,0.3125,0.8948,0.0136,0.00466,0.2708,0.4441,0.2852,0.7717,0.0132,0.00404
634,2596864,2,0.000,2000.0,1.00,1.00,-0.0040,0.0197,0.7619,0.00533,0.00330,0.0236,0.6096,0.00098,2,0.3564,0.3730,0.2705,0.6527,0.0197,0.00324,0.4309,0.2219,0.3472,0.7134,0.0183,0.00332,0.2400,0.4072,0.3528,0.9081,0.0205,0.00298,0.3091,0.3989,0.2920,0.7732,0.0204,0.00366
635,2600960,2,2.000,2000.0,2.00,0.00,-0.0031,0.0150,0.7304,0.00532,0.00319,0.0266,0.6609,0.00098,2,0.3833,0.3850,0.2317,0.6500,0.0159,0.00276,0.4229,0.2241,0.3530,0.6426,0.0154,0.00239,0.2256,0.4255,0.3489,0.8722,0.0141,0.00274,0.2593,0.4180,0.3228,0.7568,0.0147,0.00487
636,2605056,2,0.500,2000.0,1.00,0.50,-0.0048,0.0121,0.7859,0.00532,0.00497,0.0476,0.6126,0.00073,2,0.3975,0.3682,0.2344,0.6724,0.0120,0.00287,0.4509,0.2288,0.3203,0.7300,0.0114,0.00400,0.2302,0.4236,0.3462,0.9163,0.0129,0.00472,0.3005,0.3984,0.3010,0.8251,0.0122,0.00827
637,2609152,2,-0.500,2000.0,0.00,0.50,-0.0040,0.0186,0.7512,0.00531,0.00545,0.0592,0.1527,0.00049,2,0.3584,0.3958,0.2458,0.6428,0.0186,0.00537,0.4541,0.2354,0.3105,0.6575,0.0176,0.00377,0.2180,0.4402,0.3418,0.8922,0.0199,0.00685,0.3152,0.3826,0.3022,0.8122,0.0182,0.00581
638,2613248,2,0.000,2000.0,1.00,1.00,-0.0036,0.0177,0.7677,0.00530,0.00337,0.0234,0.3482,0.00073,2,0.3992,0.3618,0.2390,0.6823,0.0175,0.00226,0.4426,0.2197,0.3376,0.6912,0.0183,0.00196,0.2256,0.4333,0.3411,0.8769,0.0175,0.00422,0.3525,0.3503,0.2971,0.8202,0.0176,0.00502
639,2617344,2,0.000,2000.0,0.50,0.50,-0.0034,0.0179,0.7684,0.00529,0.00310,0.0255,0.3749,0.00073,2,0.3633,0.3779,0.2588,0.6782,0.0190,0.00320,0.4756,0.2156,0.3088,0.6782,0.0173,0.00212,0.2224,0.4282,0.3494,0.8852,0.0180,0.00464,0.3909,0.3186,0.2905,0.8318,0.0172,0.00243
640,2621440,2,0.500,2000.0,1.00,0.50,-0.0039,0.0124,0.7483,0.00529,0.00389,0.0359,0.4647,0.00049,2,0.3040,0.4373,0.2588,0.6426,0.0122,0.00245,0.4387,0.2463,0.3149,0.6607,0.0116,0.00367,0.2078,0.4653,0.3269,0.8728,0.0136,0.00511,0.3745,0.3513,0.2742,0.8170,0.0122,0.00433
641,2625536,2,0.000,2000.0,0.50,0.50,-0.0038,0.0109,0.7727,0.00528,0.00399,0.0325,0.5417,0.00049,2,0.3022,0.4453,0.2524,0.6769,0.0118,0.00287,0.4685,0.2307,0.3008,0.7349,0.0113,0.00305,0.2175,0.4404,0.3420,0.8614,0.0107,0.00750,0.3489,0.3760,0.2751,0.8177,0.0098,0.00255
642,2629632,2,-0.500,2000.0,0.00,0.50,-0.0041,0.0076,0.7017,0.00527,0.00416,0.0430,0.3820,0.00024,2,0.3362,0.4043,0.2595,0.6491,0.0077,0.00332,0.3923,0.2524,0.3552,0.5915,0.0073,0.00456,0.1821,0.4453,0.3726,0.8041,0.0079,0.00424,0.3196,0.3750,0.3054,0.7621,0.0075,0.00451
643,2633728,2,1.500,2000.0,1.50,0.00,-0.0033,0.0125,0.7297,0.00526,0.00304,0.0234,0.5165,0.00073,2,0.3040,0.4319,0.2642,0.6533,0.0130,0.00190,0.4326,0.2388,0.3286,0.6505,0.0132,0.00276,0.1714,0.4602,0.3684,0.8138,0.0118,0.00270,0.3616,0.3613,0.2771,0.8013,0.0119,0.00482
644,2637824,2,-1.000,2000.0,0.00,1.00,-0.0047,0.0150,0.7422,0.00526,0.00425,0.0430,0.4578,0.00073,2,0.2842,0.4333,0.2825,0.6614,0.0147,0.00279,0.4380,0.2341,0.3279,0.6875,0.0143,0.00339,0.1621,0.4624,0.3755,0.8139,0.0157,0.00627,0.3765,0.3420,0.2815,0.8060,0.0153,0.00453
645,2641920,2,0.500,2000.0,1.00,0.50,-0.0026,0.0236,0.7629,0.00525,0.00274,0.0186,0.3889,0.00098,2,0.2727,0.4709,0.2563,0.6810,0.0244,0.00178,0.4343,0.2520,0.3137,0.7307,0.0225,0.00480,0.1584,0.4729,0.3687,0.8347,0.0234,0.00120,0.3816,0.3713,0.2471,0.8053,0.0239,0.00319
646,2646016,2,-1.000,2000.0,0.00,1.00,-0.0044,0.0041,0.7352,0.00524,0.00380,0.0316,0.6645,0.00024,2,0.2112,0.5356,0.2532,0.5989,0.0040,0.00147,0.4766,0.2495,0.2739,0.7447,0.0035,0.00349,0.1570,0.5137,0.3293,0.8015,0.0043,0.00287,0.3936,0.3901,0.2163,0.7956,0.0044,0.00738
647,2650112,2,0.000,2000.0,1.00,1.00,-0.0038,0.0172,0.7654,0.00523,0.00487,0.0500,0.3256,0.00073,2,0.2627,0.4739,0.2634,0.6577,0.0180,0.00145,0.5105,0.2104,0.2791,0.7607,0.0163,0.00548,0.1704,0.4602,0.3694,0.8685,0.0184,0.00683,0.3389,0.3867,0.2744,0.7749,0.0162,0.00572
648,2654208,2,1.000,2000.0,1.00,0.00,-0.0034,0.0112,0.7348,0.00523,0.00374,0.0261,0.3246,0.00049,2,0.3318,0.3643,0.3040,0.6161,0.0115,0.00320,0.4873,0.1836,0.3291,0.6991,0.0112,0.00431,0.1885,0.3887,0.4229,0.8308,0.0109,0.00459,0.3572,0.3218,0.3210,0.7931,0.0112,0.00286
649,2658304,2,1.000,2000.0,1.00,0.00,-0.0038,0.0144,0.7458,0.00522,0.00406,0.0372,0.5067,0.00073,2,0.2944,0.4373,0.2683,0.6645,0.0147,0.00439,0.4397,0.2217,0.3386,0.7140,0.0137,0.00495,0.1711,0.4165,0.4124,0.8290,0.0150,0.00187,0.3335,0.3845,0.2820,0.7759,0.0140,0.00504
650,2662400,2,0.000,2000.0,0.50,0.50,-0.0027,0.0134,0.6915,0.00521,0.00325,0.0327,0.3809,0.00049,2,0.2856,0.4602,0.2542,0.6230,0.0140,0.00247,0.3455,0.2717,0.3828,0.6429,0.0130,0.00252,0.1829,0.4287,0.3884,0.7591,0.0131,0.00374,0.3193,0.3960,0.2847,0.7410,0.0135,0.00427
651,2666496,2,-0.500,2000.0,0.50,1.00,-0.0029,0.0154,0.6748,0.00520,0.00317,0.0276,0.5211,0.00073,2,0.2683,0.4773,0.2544,0.5841,0.0151,0.00380,0.3281,0.2957,0.3762,0.6498,0.0150,0.00264,0.1655,0.4519,0.3826,0.7471,0.0161,0.00159,0.3462,0.4028,0.2510,0.7181,0.0153,0.00467
652,2670592,2,0.500,2000.0,0.50,0.00,-0.0044,0.0065,0.7119,0.00520,0.00372,0.0340,0.3604,0.00024,2,0.2896,0.4626,0.2478,0.6008,0.0061,0.00166,0.3604,0.2686,0.3711,0.7044,0.0064,0.00475,0.1797,0.4146,0.4058,0.7966,0.0067,0.00648,0.3650,0.3621,0.2729,0.7459,0.0068,0.00200
653,2674688,2,1.000,2000.0,1.00,0.00,-0.0031,0.0162,0.7449,0.00519,0.00481,0.0513,0.4101,0.00073,2,0.3574,0.3635,0.2791,0.6113,0.0150,0.00939,0.3557,0.2290,0.4153,0.7699,0.0147,0.00148,0.2065,0.3586,0.4348,0.8399,0.0170,0.00435,0.3679,0.3296,0.3025,0.7585,0.0180,0.00401
654,2678784,3,0.000,2000.0,1.00,1.00,-0.0033,0.0199,0.7154,0.00518,0.00464,0.0520,0.4773,0.00098,3,0.2876,0.4385,0.2739,0.6305,0.0204,0.00606,0.3445,0.2451,0.4104,0.6766,0.0196,0.00462,0.1692,0.4272,0.4036,0.7681,0.0200,0.00243,0.4241,0.3120,0.2639,0.7863,0.0196,0.00543
655,2682880,2,0.000,2000.0,0.50,0.50,-0.0034,0.0119,0.7232,0.00518,0.00439,0.0485,0.4010,0.00049,2,0.2866,0.4619,0.2515,0.6036,0.0125,0.00209,0.3503,0.2537,0.3960,0.7170,0.0114,0.00563,0.1487,0.4429,0.4084,0.8166,0.0118,0.00266,0.4153,0.3438,0.2410,0.7554,0.0120,0.00718
656,2686976,2,1.000,2000.0,1.00,0.00,-0.0037,0.0125,0.6319,0.00517,0.00396,0.0462,0.4659,0.00049,2,0.2690,0.4443,0.2866,0.5484,0.0122,0.00392,0.2612,0.3008,0.4380,0.5260,0.0120,0.00267,0.1406,0.4575,0.4019,0.7423,0.0135,0.00322,0.3984,0.3508,0.2507,0.7107,0.0123,0.00604
657,2691072,2,0.500,2000.0,1.00,0.50,-0.0031,0.0150,0.6636,0.00516,0.00271,0.0224,0.5348,0.00073,2,0.2812,0.4500,0.2688,0.5821,0.0153,0.00214,0.2903,0.2827,0.4270,0.5555,0.0144,0.00230,0.1748,0.4272,0.3979,0.7799,0.0151,0.00273,0.3533,0.3818,0.2649,0.7369,0.0151,0.00367
658,2695168,2,0.000,2000.0,0.50,0.50,-0.0035,0.0146,0.6881,0.00515,0.00397,0.0497,0.2733,0.00049,2,0.3105,0.4006,0.2888,0.6224,0.0153,0.00277,0.3071,0.2537,0.4392,0.5554,0.0152,0.00292,0.1733,0.4111,0.4155,0.8187,0.0140,0.00643,0.3962,0.3442,0.2595,0.7559,0.0137,0.00374
659,2699264,2,-1.500,2000.0,0.00,1.50,-0.0034,0.0166,0.6966,0.00515,0.00321,0.0305,0.3652,0.00073,2,0.2756,0.4468,0.2776,0.6084,0.0161,0.00264,0.3130,0.2605,0.4265,0.6062,0.0151,0.00356,0.1946,0.4424,0.3630,0.7973,0.0173,0.00386,0.4321,0.3232,0.2446,0.7745,0.0179,0.00277
660,2703360,2,0.000,2000.0,0.50,0.50,-0.0047,0.0212,0.7250,0.00514,0.00690,0.0740,0.2489,0.00073,2,0.3306,0.3892,0.2803,0.6391,0.0224,0.00480,0.3391,0.2488,0.4121,0.6595,0.0202,0.01189,0.1909,0.4253,0.3838,0.8336,0.0210,0.00388,0.4055,0.3337,0.2607,0.7679,0.0212,0.00705
661,2707456,2,-0.500,2000.0,0.00,0.50,-0.0040,0.0010,0.6835,0.00513,0.00391,0.0402,0.0859,0.00000,2,0.2905,0.4319,0.2776,0.6144,0.0008,0.00282,0.3337,0.2690,0.3972,0.5842,0.0011,0.00381,0.1631,0.4795,0.3574,0.7450,0.0010,0.00358,0.3691,0.3782,0.2527,0.7905,0.0011,0.00545
662,2711552,2,0.000,2000.0,0.50,0.50,-0.0036,0.0098,0.6896,0.00512,0.00406,0.0505,0.4132,0.00049,2,0.2805,0.4590,0.2605,0.5896,0.0092,0.00381,0.3269,0.2710,0.4021,0.6484,0.0093,0.00425,0.1626,0.4937,0.3438,0.7760,0.0104,0.00534,0.3528,0.3828,0.2644,0.7443,0.0105,0.00283
663,2715648,2,-1.000,2000.0,0.50,1.50,-0.0039,0.0282,0.7563,0.00512,0.00477,0.0500,0.3616,0.00122,2,0.3201,0.3872,0.2927,0.6957,0.0291,0.00490,0.3674,0.2490,0.3835,0.6703,0.0270,0.00275,0.1704,0.4485,0.3811,0.8764,0.0289,0.00586,0.3665,0.3550,0.2786,0.7827,0.0281,0.00556
664,2719744,2,0.000,2000.0,0.50,0.50,-0.0037,0.0059,0.7119,0.00511,0.00368,0.0403,0.4866,0.00024,2,0.3567,0.3711,0.2722,0.6540,0.0059,0.00358,0.3101,0.2549,0.4351,0.6208,0.0055,0.00433,0.1765,0.4258,0.3977,0.8281,0.0060,0.00472,0.3298,0.3701,0.3000,0.7448,0.0063,0.00209
665,2723840,2,1.000,2000.0,1.00,0.00,-0.0035,0.0198,0.7747,0.00510,0.00438,0.0430,0.1618,0.00073,2,0.3716,0.3887,0.2397,0.7261,0.0197,0.00398,0.3259,0.2559,0.4182,0.6865,0.0197,0.00523,0.1694,0.4502,0.3804,0.8746,0.0205,0.00497,0.3557,0.3591,0.2852,0.8115,0.0194,0.00334
666,2727936,2,0.500,2000.0,1.00,0.50,-0.0052,0.0190,0.7040,0.00509,0.00377,0.0439,0.3068,0.00073,2,0.3130,0.3955,0.2915,0.6413,0.0198,0.00378,0.3005,0.2634,0.4360,0.5919,0.0178,0.00501,0.1702,0.4404,0.3894,0.8032,0.0200,0.00275,0.3391,0.3713,0.2896,0.7794,0.0183,0.00356
667,2732032,2,1.500,2000.0,1.50,0.00,-0.0024,0.0119,0.7902,0.00509,0.00374,0.0359,0.2978,0.00049,2,0.3230,0.4382,0.2388,0.6355,0.0127,0.00451,0.3438,0.2629,0.3933,0.8071,0.0112,0.00180,0.2070,0.4343,0.3586,0.9074,0.0123,0.00347,0.3284,0.4011,0.2705,0.8107,0.0113,0.00518
668,2736128,2,-0.500,2000.0,0.00,0.50,-0.0036,0.0103,0.7470,0.00508,0.00338,0.0311,0.2237,0.00049,2,0.3176,0.4326,0.2498,0.6654,0.0099,0.00259,0.3020,0.2781,0.4199,0.6993,0.0090,0.00325,0.1606,0.4639,0.3755,0.8563,0.0114,0.00475,0.3115,0.3967,0.2917,0.7670,0.0109,0.00291
669,2740224,2,-0.500,2000.0,0.00,0.50,-0.0037,0.0075,0.7756,0.00507,0.00376,0.0397,0.0964,0.00024,2,0.3210,0.4392,0.2397,0.7061,0.0076,0.00233,0.2932,0.2561,0.4507,0.7326,0.0073,0.00559,0.1729,0.4641,0.3630,0.8601,0.0079,0.00472,0.3372,0.3813,0.2815,0.8036,0.0073,0.00239
670,2744320,2,1.000,2000.0,1.00,0.00,-0.0026,0.0115,0.7434,0.00506,0.00291,0.0269,0.3198,0.00049,2,0.3159,0.4172,0.2668,0.7131,0.0122,0.00279,0.2861,0.2896,0.4243,0.6067,0.0120,0.00217,0.1877,0.4519,0.3604,0.8581,0.0116,0.00301,0.3250,0.3691,0.3059,0.7957,0.0102,0.00366
671,2748416,2,1.500,2000.0,1.50,0.00,-0.0035,0.0139,0.7420,0.00506,0.00399,0.0424,0.4397,0.00073,2,0.3496,0.3833,0.2671,0.7284,0.0154,0.00338,0.2871,0.2690,0.4438,0.6179,0.0140,0.00446,0.1946,0.4387,0.3667,0.8614,0.0130,0.00353,0.3486,0.3652,0.2861,0.7604,0.0132,0.00460
672,2752512,2,-0.500,2000.0,0.50,1.00,-0.0034,0.0146,0.7533,0.00505,0.00303,0.0291,0.4635,0.00073,2,0.3289,0.3982,0.2729,0.6864,0.0150,0.00168,0.3267,0.2615,0.4119,0.6927,0.0140,0.00557,0.2090,0.4224,0.3687,0.8917,0.0148,0.00340,0.3284,0.3787,0.2930,0.7425,0.0144,0.00148
673,2756608,2,0.500,2000.0,0.50,0.00,-0.0034,0.0023,0.6583,0.00504,0.00400,0.0502,0.3169,0.00000,2,0.3008,0.4011,0.2981,0.6577,0.0012,0.00736,0.2319,0.2896,0.4785,0.4669,0.0024,0.00134,0.1895,0.4341,0.3765,0.7809,0.0026,0.00472,0.3230,0.3848,0.2922,0.7279,0.0029,0.00257
674,2760704,2,0.000,2000.0,0.00,0.00,-0.0041,0.0043,0.7051,0.00504,0.00437,0.0515,0.5673,0.00024,2,0.2817,0.4248,0.2935,0.6532,0.0051,0.00638,0.2651,0.2837,0.4512,0.5569,0.0047,0.00153,0.1870,0.4280,0.3850,0.8707,0.0033,0.00616,0.3149,0.3809,0.3042,0.7394,0.0042,0.00341
675,2764800,3,0.667,2000.0,0.67,0.00,-0.0023,0.0052,0.6848,0.00503,0.00189,0.0111,0.5351,0.00024,3,0.2217,0.4644,0.3140,0.6501,0.0054,0.00218,0.2415,0.2991,0.4595,0.5207,0.0053,0.00132,0.2122,0.4224,0.3655,0.8559,0.0047,0.00242,0.2837,0.4009,0.3154,0.7126,0.0053,0.00165
676,2768896,2,0.000,2000.0,1.00,1.00,-0.0027,0.0224,0.7408,0.00502,0.00259,0.0215,0.3355,0.00098,2,0.2654,0.4312,0.3035,0.6702,0.0222,0.00348,0.3066,0.2551,0.4382,0.6257,0.0210,0.00166,0.2148,0.4021,0.3831,0.8970,0.0238,0.00208,0.3059,0.3862,0.3079,0.7702,0.0226,0.00316
677,2772992,2,0.500,2000.0,0.50,0.00,-0.0035,0.0073,0.7399,0.00501,0.00402,0.0421,0.2383,0.00024,2,0.2329,0.4685,0.2986,0.6944,0.0075,0.00358,0.3015,0.2771,0.4214,0.6237,0.0075,0.00343,0.2251,0.4155,0.3594,0.8902,0.0070,0.00602,0.3127,0.4138,0.2734,0.7514,0.0071,0.00306
678,2777088,2,0.500,2000.0,0.50,0.00,-0.0038,0.0064,0.6922,0.00501,0.00353,0.0380,0.3219,0.00024,2,0.2217,0.4443,0.3340,0.6503,0.0064,0.00417,0.2773,0.2708,0.4519,0.5409,0.0068,0.00195,0.2402,0.3735,0.3862,0.8683,0.0063,0.00376,0.3137,0.3889,0.2974,0.7095,0.0063,0.00424
679,2781184,2,0.500,2000.0,0.50,0.00,-0.0032,0.0068,0.7024,0.00500,0.00276,0.0248,0.1492,0.00024,2,0.2561,0.4382,0.3057,0.6463,0.0064,0.00309,0.2766,0.2822,0.4412,0.5687,0.0070,0.00441,0.2349,0.3923,0.3728,0.8839,0.0072,0.00175,0.3247,0.3933,0.2820,0.7107,0.0067,0.00180
680,2785280,2,0.500,2000.0,0.50,0.00,-0.0032,0.0060,0.7560,0.00499,0.00341,0.0294,0.2958,0.00024,2,0.2654,0.4272,0.3074,0.7223,0.0057,0.00390,0.3137,0.2727,0.4136,0.6533,0.0063,0.00346,0.2422,0.3806,0.3772,0.8692,0.0063,0.00297,0.3633,0.3701,0.2666,0.7793,0.0058,0.00332
681,2789376,2,0.000,2000.0,0.00,0.00,-0.0037,0.0005,0.6988,0.00498,0.00362,0.0316,0.1780,0.00000,2,0.2170,0.4438,0.3391,0.6269,0.0004,0.00272,0.2871,0.2856,0.4272,0.5787,0.0006,0.00219,0.2424,0.4006,0.3569,0.8401,0.0005,0.00391,0.3540,0.3801,0.2659,0.7494,0.0006,0.00565
682,2793472,2,-1.000,2000.0,0.00,1.00,-0.0047,0.0121,0.7916,0.00498,0.00513,0.0494,0.2334,0.00049,2,0.2429,0.4500,0.3071,0.7306,0.0122,0.00362,0.3499,0.2725,0.3777,0.7413,0.0111,0.00557,0.2334,0.4004,0.3662,0.9124,0.0129,0.00408,0.3391,0.4116,0.2493,0.7819,0.0120,0.00723
683,2797568,2,1.000,2000.0,1.00,0.00,-0.0043,0.0134,0.7732,0.00497,0.00500,0.0564,0.1949,0.00049,2,0.2480,0.4153,0.3367,0.7285,0.0134,0.00523,0.3569,0.2463,0.3967,0.6799,0.0132,0.00397,0.2483,0.3442,0.4075,0.9124,0.0131,0.00334,0.3228,0.3818,0.2954,0.7720,0.0139,0.00746
684,2801664,2,1.000,2000.0,1.00,0.00,-0.0024,0.0106,0.7177,0.00496,0.00282,0.0240,0.3722,0.00049,2,0.1899,0.4646,0.3455,0.6327,0.0106,0.00274,0.2939,0.2839,0.4221,0.6277,0.0110,0.00322,0.2314,0.3899,0.3787,0.8954,0.0104,0.00431,0.3152,0.4026,0.2822,0.7147,0.0102,0.00101
685,2805760,2,0.500,2000.0,1.00,0.50,-0.0046,0.0228,0.8229,0.00495,0.00568,0.0604,0.3365,0.00098,2,0.2537,0.3926,0.3538,0.7740,0.0227,0.00505,0.4094,0.2329,0.3577,0.7708,0.0221,0.00632,0.2434,0.3779,0.3787,0.9388,0.0231,0.00706,0.3789,0.3523,0.2688,0.8081,0.0234,0.00429
686,2809856,2,1.000,2000.0,1.00,0.00,-0.0035,0.0070,0.7710,0.00495,0.00335,0.0247,0.3201,0.00024,2,0.2278,0.4182,0.3540,0.6954,0.0070,0.00308,0.3872,0.2385,0.3743,0.7041,0.0070,0.00224,0.2451,0.3643,0.3906,0.9031,0.0071,0.00408,0.3809,0.3418,0.2773,0.7813,0.0069,0.00401
687,2813952,2,0.000,2000.0,0.50,0.50,-0.0032,0.0167,0.7521,0.00494,0.00371,0.0351,0.3696,0.00073,2,0.2219,0.4717,0.3064,0.7211,0.0168,0.00199,0.3313,0.2751,0.3936,0.6701,0.0163,0.00326,0.2378,0.3928,0.3694,0.8627,0.0173,0.00557,0.3801,0.3679,0.2520,0.7547,0.0166,0.00403
688,2818048,2,-1.000,2000.0,0.50,1.50,-0.0037,0.0267,0.7693,0.00493,0.00429,0.0364,0.3700,0.00122,2,0.2432,0.4280,0.3289,0.7378,0.0262,0.00357,0.4082,0.2261,0.3657,0.7336,0.0247,0.00233,0.2063,0.3743,0.4194,0.8436,0.0272,0.00423,0.4080,0.3313,0.2607,0.7620,0.0288,0.00704
689,2822144,2,-1.000,2000.0,0.50,1.50,-0.0038,0.0140,0.7098,0.00492,0.00458,0.0509,0.2781,0.00049,2,0.2544,0.4014,0.3442,0.6584,0.0138,0.00332,0.3398,0.2568,0.4033,0.6256,0.0137,0.00153,0.1902,0.3789,0.4309,0.8173,0.0149,0.00632,0.3599,0.3457,0.2944,0.7378,0.0134,0.00713
690,2826240,2,0.500,2000.0,0.50,0.00,-0.0039,0.0075,0.6653,0.00492,0.00279,0.0276,0.2277,0.00024,2,0.2639,0.4084,0.3276,0.6661,0.0074,0.00399,0.2827,0.2800,0.4373,0.5043,0.0078,0.00229,0.1633,0.3926,0.4441,0.7561,0.0078,0.00223,0.3135,0.3867,0.2998,0.7348,0.0071,0.00263
691,2830336,2,0.000,2000.0,0.00,0.00,-0.0045,0.0067,0.7008,0.00491,0.00473,0.0577,0.2778,0.00024,2,0.2319,0.4595,0.3086,0.6837,0.0063,0.00548,0.2974,0.3125,0.3901,0.5988,0.0055,0.00610,0.1655,0.4341,0.4004,0.8140,0.0075,0.00427,0.3088,0.4111,0.2800,0.7067,0.0075,0.00306
692,2834432,2,-1.000,2000.0,0.00,1.00,-0.0028,0.0102,0.7722,0.00490,0.00336,0.0240,0.4121,0.00049,2,0.2424,0.4448,0.3127,0.7018,0.0100,0.00191,0.3508,0.2812,0.3679,0.7337,0.0093,0.00434,0.1990,0.4041,0.3970,0.8830,0.0105,0.00301,0.3171,0.4131,0.2698,0.7702,0.0110,0.00416
693,2838528,2,-0.500,2000.0,0.00,0.50,-0.0047,0.0006,0.7199,0.00490,0.00454,0.0599,0.2600,0.00000,2,0.2908,0.3845,0.3247,0.7211,0.0006,0.00528,0.2954,0.2896,0.4150,0.5716,0.0007,0.00399,0.2031,0.3696,0.4272,0.8449,0.0005,0.00619,0.2866,0.3853,0.3281,0.7420,0.0007,0.00268
694,2842624,2,0.500,2000.0,0.50,0.00,-0.0031,0.0100,0.7799,0.00489,0.00350,0.0305,0.3668,0.00049,2,0.2791,0.3918,0.3291,0.7893,0.0105,0.00338,0.3225,0.2625,0.4150,0.6935,0.0106,0.00105,0.2219,0.3655,0.4126,0.8355,0.0097,0.00521,0.3120,0.3696,0.3184,0.8012,0.0093,0.00434
695,2846720,3,0.667,2000.0,0.67,0.00,-0.0026,0.0061,0.6919,0.00488,0.00244,0.0162,0.3193,0.00024,3,0.3228,0.3635,0.3137,0.7318,0.0063,0.00398,0.2612,0.2754,0.4634,0.5180,0.0065,0.00159,0.2058,0.3799,0.4143,0.8180,0.0058,0.00240,0.2827,0.3953,0.3220,0.7000,0.0059,0.00177
696,2850816,2,0.500,2000.0,1.00,0.50,-0.0043,0.0175,0.7954,0.00487,0.00570,0.0562,0.3399,0.00073,2,0.2461,0.4436,0.3103,0.7733,0.0179,0.00589,0.3464,0.2837,0.3699,0.7469,0.0178,0.00632,0.2568,0.3877,0.3555,0.8624,0.0173,0.00499,0.3582,0.3940,0.2478,0.7992,0.0168,0.00559
697,2854912,2,0.500,2000.0,0.50,0.00,-0.0042,0.0064,0.6474,0.00487,0.00465,0.0489,0.3606,0.00024,2,0.2505,0.4160,0.3335,0.6558,0.0061,0.00642,0.2590,0.3000,0.4409,0.4878,0.0062,0.00288,0.2078,0.4133,0.3789,0.7559,0.0065,0.00457,0.2820,0.4143,0.3037,0.6903,0.0067,0.00474
698,2859008,2,0.500,2000.0,0.50,0.00,-0.0043,0.0036,0.7798,0.00486,0.00428,0.0457,0.6730,0.00024,2,0.3079,0.4080,0.2842,0.7639,0.0039,0.00709,0.3516,0.2764,0.3721,0.7111,0.0039,0.00294,0.2146,0.4170,0.3684,0.8620,0.0036,0.00273,0.2969,0.4185,0.2847,0.7821,0.0031,0.00436
699,2863104,2,1.000,2000.0,1.00,0.00,-0.0026,0.0058,0.7533,0.00485,0.00308,0.0295,0.7205,0.00049,2,0.2742,0.4006,0.3252,0.7666,0.0065,0.00323,0.3362,0.2527,0.4111,0.6388,0.0059,0.00244,0.2065,0.3845,0.4089,0.8413,0.0053,0.00496,0.2886,0.4187,0.2927,0.7664,0.0055,0.00171
700,2867200,2,0.000,2000.0,0.00,0.00,-0.0033,0.0011,0.6856,0.00484,0.00349,0.0335,0.7061,0.00000,2,0.2595,0.4087,0.3318,0.6913,0.0009,0.00333,0.2544,0.2937,0.4519,0.5092,0.0010,0.00170,0.2080,0.3872,0.4048,0.8276,0.0011,0.00297,0.2974,0.4163,0.2864,0.7143,0.0015,0.00596
701,2871296,2,0.500,2000.0,1.00,0.50,-0.0045,0.0226,0.7408,0.00484,0.00617,0.0731,0.2993,0.00098,2,0.3152,0.3323,0.3525,0.7851,0.0228,0.00732,0.3152,0.2109,0.4739,0.5666,0.0219,0.00465,0.1980,0.3499,0.4521,0.8354,0.0231,0.00585,0.3137,0.3228,0.3635,0.7761,0.0225,0.00685
702,2875392,2,1.500,2000.0,1.50,0.00,-0.0038,0.0104,0.7270,0.00483,0.00355,0.0339,0.3982,0.00049,2,0.2444,0.4236,0.3320,0.7529,0.0112,0.00559,0.2791,0.2717,0.4492,0.5765,0.0116,0.00189,0.2146,0.3767,0.4087,0.8651,0.0099,0.00354,0.2485,0.4304,0.3210,0.7135,0.0089,0.00319
703,2879488,2,0.000,2000.0,0.00,0.00,-0.0033,0.0009,0.6639,0.00482,0.00353,0.0363,0.4703,0.00000,2,0.2175,0.4312,0.3513,0.6655,0.0009,0.00276,0.2292,0.3037,0.4670,0.4738,0.0010,0.00268,0.2102,0.3870,0.4028,0.8331,0.0008,0.00477,0.2234,0.4480,0.3286,0.6831,0.0011,0.00393
704,2883584,2,0.000,2000.0,0.00,0.00,-0.0032,0.0004,0.6781,0.00481,0.00260,0.0140,0.3013,0.00000,2,0.2207,0.4526,0.3267,0.6587,0.0004,0.00244,0.2559,0.2969,0.4473,0.5442,0.0004,0.00257,0.2058,0.4089,0.3853,0.8412,0.0004,0.00309,0.1985,0.4854,0.3162,0.6684,0.0005,0.00231
705,2887680,2,1.000,2000.0,1.00,0.00,-0.0025,0.0114,0.7347,0.00481,0.00263,0.0192,0.2487,0.00049,2,0.2312,0.4158,0.3530,0.7267,0.0113,0.00372,0.2761,0.2939,0.4299,0.6257,0.0115,0.00200,0.2214,0.3916,0.3870,0.8487,0.0117,0.00349,0.2200,0.4353,0.3447,0.7376,0.0111,0.00130
706,2891776,2,0.500,2000.0,0.50,0.00,-0.0033,0.0068,0.7873,0.00480,0.00372,0.0264,0.1812,0.00024,2,0.2646,0.3872,0.3481,0.8141,0.0067,0.00429,0.3484,0.2417,0.4099,0.6622,0.0068,0.00290,0.2317,0.3513,0.4170,0.8280,0.0068,0.00340,0.2607,0.3867,0.3525,0.8449,0.0070,0.00427
707,2895872,2,0.500,2000.0,1.00,0.50,-0.0038,0.0165,0.7560,0.00479,0.00443,0.0494,0.3510,0.00073,2,0.2317,0.4143,0.3540,0.7653,0.0170,0.00530,0.3257,0.2610,0.4133,0.6353,0.0163,0.00238,0.2190,0.3706,0.4104,0.8384,0.0162,0.00407,0.2385,0.4336,0.3279,0.7851,0.0165,0.00596
708,2899968,2,0.500,2000.0,0.50,0.00,-0.0033,0.0112,0.7274,0.00478,0.00328,0.0280,0.4498,0.00049,2,0.2117,0.4072,0.3811,0.7040,0.0115,0.00303,0.3005,0.2581,0.4414,0.5789,0.0109,0.00335,0.2173,0.3477,0.4351,0.8631,0.0114,0.00398,0.1958,0.4539,0.3503,0.7634,0.0110,0.00276
709,2904064,2,0.000,2000.0,0.50,0.50,-0.0046,0.0120,0.7778,0.00478,0.00462,0.0504,0.4167,0.00049,2,0.2195,0.4351,0.3455,0.7603,0.0116,0.00820,0.3533,0.2563,0.3904,0.6941,0.0119,0.00460,0.2517,0.3770,0.3713,0.9095,0.0124,0.00301,0.1980,0.4565,0.3455,0.7474,0.0122,0.00266
710,2908160,2,0.000,2000.0,0.50,0.50,-0.0029,0.0039,0.6897,0.00477,0.00345,0.0304,0.6231,0.00024,2,0.2109,0.4155,0.3735,0.6526,0.0040,0.00265,0.2737,0.2737,0.4526,0.5533,0.0034,0.00163,0.2375,0.3389,0.4236,0.8446,0.0039,0.00488,0.2087,0.4211,0.3701,0.7083,0.0041,0.00462
711,2912256,2,0.000,2000.0,0.50,0.50,-0.0048,0.0180,0.7631,0.00476,0.00477,0.0593,0.3317,0.00073,2,0.2383,0.4333,0.3284,0.7513,0.0183,0.00464,0.3662,0.2505,0.3833,0.6764,0.0174,0.00496,0.2759,0.3232,0.4009,0.8452,0.0185,0.00491,0.2024,0.4514,0.3462,0.7792,0.0177,0.00456
712,2916352,2,0.000,2000.0,0.50,0.50,-0.0046,0.0058,0.7569,0.00475,0.00464,0.0523,0.4533,0.00024,2,0.2356,0.4126,0.3518,0.7106,0.0049,0.00202,0.3333,0.2593,0.4075,0.6711,0.0048,0.00857,0.2329,0.3274,0.4397,0.8881,0.0067,0.00507,0.2102,0.4336,0.3562,0.7579,0.0066,0.00288
713,2920448,2,0.000,2000.0,0.00,0.00,-0.0037,0.0007,0.6414,0.00475,0.00415,0.0345,0.3090,0.00000,2,0.1975,0.4302,0.3723,0.5963,0.0005,0.00391,0.2329,0.3069,0.4602,0.4081,0.0009,0.00266,0.2488,0.3313,0.4199,0.8572,0.0006,0.00672,0.2017,0.4375,0.3608,0.7041,0.0007,0.00331
714,2924544,2,0.500,2000.0,0.50,0.00,-0.0029,0.0074,0.7271,0.00474,0.00325,0.0330,0.5786,0.00049,2,0.2292,0.4082,0.3625,0.7357,0.0079,0.00431,0.2998,0.2646,0.4355,0.5602,0.0078,0.00125,0.2693,0.3179,0.4128,0.8204,0.0069,0.00290,0.2058,0.4299,0.3643,0.7921,0.0069,0.00454
715,2928640,2,1.000,2000.0,1.00,0.00,-0.0031,0.0068,0.7354,0.00473,0.00356,0.0375,0.6525,0.00049,2,0.2290,0.4209,0.3501,0.7457,0.0071,0.00246,0.3057,0.2676,0.4268,0.5638,0.0075,0.00289,0.2778,0.3325,0.3896,0.8262,0.0062,0.00520,0.2202,0.4316,0.3481,0.8060,0.0065,0.00371
716,2932736,3,0.667,2000.0,0.67,0.00,-0.0039,0.0044,0.8561,0.00473,0.00594,0.0566,0.5174,0.00024,3,0.2803,0.3926,0.3271,0.8710,0.0049,0.00393,0.4138,0.2136,0.3726,0.7818,0.0046,0.00372,0.3074,0.3162,0.3765,0.8978,0.0043,0.00730,0.2498,0.4048,0.3455,0.8738,0.0038,0.00882
717,2936832,2,0.000,2000.0,0.00,0.00,-0.0040,0.0012,0.7243,0.00472,0.00402,0.0408,0.7412,0.00000,2,0.2512,0.3928,0.3560,0.7336,0.0008,0.00346,0.2673,0.2849,0.4478,0.5170,0.0010,0.00437,0.3115,0.3064,0.3821,0.8432,0.0012,0.00427,0.2231,0.4231,0.3538,0.8035,0.0017,0.00395
718,2940928,2,1.000,2000.0,1.00,0.00,-0.0037,0.0125,0.8436,0.00471,0.00578,0.0699,0.5305,0.00073,2,0.2793,0.3948,0.3259,0.8454,0.0128,0.00693,0.4102,0.2117,0.3782,0.8020,0.0123,0.00660,0.3022,0.3064,0.3914,0.8717,0.0126,0.00529,0.2407,0.4111,0.3481,0.8551,0.0122,0.00429
719,2945024,2,0.500,2000.0,1.00,0.50,-0.0046,0.0123,0.7615,0.00470,0.00393,0.0486,0.2985,0.00049,2,0.2769,0.3762,0.3469,0.7819,0.0125,0.00361,0.2954,0.2495,0.4551,0.5696,0.0126,0.00288,0.3159,0.2756,0.4084,0.8431,0.0127,0.00389,0.2400,0.3850,0.3750,0.8515,0.0114,0.00532
720,2949120,2,1.000,2000.0,1.00,0.00,-0.0034,0.0078,0.7939,0.00470,0.00400,0.0450,0.5708,0.00049,2,0.2300,0.4390,0.3311,0.7801,0.0078,0.00140,0.3279,0.2771,0.3950,0.6524,0.0069,0.00320,0.3323,0.3169,0.3508,0.8972,0.0079,0.00485,0.2925,0.3855,0.3220,0.8458,0.0084,0.00656
721,2953216,2,0.500,2000.0,0.50,0.00,-0.0035,0.0050,0.8030,0.00469,0.00336,0.0239,0.5233,0.00024,2,0.2732,0.3669,0.3599,0.8174,0.0047,0.00425,0.3318,0.2241,0.4441,0.6337,0.0050,0.00291,0.3152,0.2742,0.4106,0.8746,0.0050,0.00390,0.3350,0.3328,0.3323,0.8863,0.0052,0.00239
722,2957312,2,1.500,2000.0,1.50,0.00,-0.0036,0.0214,0.8089,0.00468,0.00275,0.0203,0.2431,0.00098,2,0.2246,0.4526,0.3228,0.7796,0.0216,0.00149,0.3586,0.2407,0.4006,0.7175,0.0218,0.00257,0.3240,0.2869,0.3892,0.8930,0.0214,0.00303,0.2969,0.3879,0.3152,0.8457,0.0209,0.00392
723,2961408,2,1.000,2000.0,1.00,0.00,-0.0036,0.0063,0.7095,0.00467,0.00349,0.0262,0.3522,0.00024,2,0.2102,0.4209,0.3689,0.7203,0.0069,0.00265,0.2549,0.2729,0.4722,0.4926,0.0068,0.00328,0.3206,0.2969,0.3826,0.8228,0.0066,0.00427,0.2773,0.3914,0.3313,0.8023,0.0051,0.00374
724,2965504,2,2.000,2000.0,2.00,0.00,-0.0055,0.0211,0.8301,0.00467,0.00525,0.0488,0.3037,0.00098,2,0.2651,0.3748,0.3601,0.8953,0.0200,0.00652,0.3762,0.1816,0.4421,0.6792,0.0216,0.00453,0.2686,0.2708,0.4607,0.8652,0.0211,0.00512,0.3147,0.3408,0.3445,0.8808,0.0215,0.00483
725,2969600,2,0.000,2000.0,0.50,0.50,-0.0036,0.0195,0.7700,0.00466,0.00461,0.0375,0.2753,0.00073,2,0.2307,0.4238,0.3455,0.7555,0.0184,0.00511,0.3406,0.2383,0.4211,0.6181,0.0183,0.00471,0.3376,0.2930,0.3694,0.8757,0.0211,0.00424,0.2991,0.3796,0.3213,0.8307,0.0203,0.00439
726,2973696,2,1.000,2000.0,1.50,0.50,-0.0036,0.0192,0.7809,0.00465,0.00403,0.0324,0.3845,0.00098,2,0.2612,0.4021,0.3367,0.8012,0.0198,0.00508,0.3376,0.2407,0.4216,0.6336,0.0190,0.00339,0.3613,0.2698,0.3689,0.8598,0.0191,0.00412,0.3389,0.3425,0.3186,0.8291,0.0190,0.00354
727,2977792,2,1.000,2000.0,1.00,0.00,-0.0037,0.0069,0.7324,0.00464,0.00332,0.0317,0.2176,0.00024,2,0.2498,0.4131,0.3372,0.6860,0.0067,0.00500,0.2756,0.2673,0.4570,0.5932,0.0073,0.00182,0.3726,0.2773,0.3501,0.8424,0.0063,0.00394,0.3279,0.3501,0.3220,0.8080,0.0071,0.00254
728,2981888,2,0.500,2000.0,0.50,0.00,-0.0036,0.0090,0.7051,0.00464,0.00423,0.0471,0.4610,0.00049,2,0.2192,0.4468,0.3340,0.6499,0.0087,0.00537,0.2832,0.2791,0.4377,0.5427,0.0088,0.00310,0.4287,0.2527,0.3186,0.8212,0.0096,0.00509,0.2993,0.3953,0.3054,0.8065,0.0087,0.00337
729,2985984,2,1.500,2000.0,1.50,0.00,-0.0045,0.0131,0.8312,0.00463,0.00522,0.0521,0.2485,0.00049,2,0.2454,0.4900,0.2646,0.7962,0.0136,0.00388,0.3899,0.2246,0.3855,0.7766,0.0133,0.00630,0.4099,0.2788,0.3113,0.8875,0.0134,0.00518,0.3396,0.3848,0.2756,0.8644,0.0121,0.00551
730,2990080,2,0.500,2000.0,0.50,0.00,-0.0029,0.0070,0.7342,0.00462,0.00317,0.0273,0.2334,0.00024,2,0.2344,0.4482,0.3174,0.6979,0.0073,0.00286,0.3108,0.2524,0.4368,0.5601,0.0072,0.00211,0.3494,0.3105,0.3401,0.8893,0.0066,0.00318,0.3044,0.3867,0.3088,0.7894,0.0070,0.00452
731,2994176,2,0.000,2000.0,0.00,0.00,-0.0033,0.0007,0.6699,0.00461,0.00403,0.0384,0.2600,0.00000,2,0.2104,0.4307,0.3589,0.6112,0.0008,0.00234,0.2380,0.2705,0.4915,0.4498,0.0008,0.00508,0.3469,0.3076,0.3455,0.8488,0.0006,0.00416,0.3323,0.3560,0.3118,0.7700,0.0006,0.00453
732,2998272,2,0.000,2000.0,0.00,0.00,-0.0051,0.0005,0.7749,0.00461,0.00469,0.0461,0.4938,0.00000,2,0.2307,0.4575,0.3118,0.7635,0.0005,0.00486,0.3193,0.2566,0.4241,0.6184,0.0004,0.00525,0.3621,0.3057,0.3323,0.8731,0.0004,0.00335,0.3276,0.3652,0.3071,0.8444,0.0007,0.00530
733,3002368,2,0.000,2000.0,0.00,0.00,-0.0032,0.0040,0.7339,0.00460,0.00372,0.0347,0.5325,0.00024,2,0.2339,0.4543,0.3118,0.6494,0.0040,0.00609,0.3469,0.2424,0.4106,0.5913,0.0039,0.00337,0.3545,0.3325,0.3130,0.8961,0.0039,0.00279,0.3086,0.3799,0.3115,0.7986,0.0043,0.00261
734,3006464,2,0.500,2000.0,0.50,0.00,-0.0038,0.0052,0.7370,0.00459,0.00452,0.0477,0.4478,0.00024,2,0.2056,0.4797,0.3147,0.7095,0.0053,0.00488,0.3367,0.2327,0.4307,0.5650,0.0055,0.00187,0.3513,0.3164,0.3323,0.8670,0.0048,0.00426,0.3149,0.3845,0.3005,0.8063,0.0053,0.00708
735,3010560,2,1.000,2000.0,1.00,0.00,-0.0030,0.0087,0.6862,0.00459,0.00343,0.0258,0.5004,0.00049,2,0.2107,0.4390,0.3503,0.6456,0.0092,0.00411,0.2764,0.2524,0.4712,0.4438,0.0086,0.00262,0.3591,0.2905,0.3503,0.8701,0.0084,0.00363,0.3552,0.3347,0.3101,0.7851,0.0085,0.00337
736,3014656,2,0.000,2000.0,0.50,0.50,-0.0046,0.0080,0.6385,0.00458,0.00386,0.0465,0.3363,0.00024,2,0.2034,0.4482,0.3484,0.5786,0.0083,0.00284,0.2385,0.2722,0.4893,0.3902,0.0073,0.00198,0.3313,0.3218,0.3469,0.8813,0.0086,0.00816,0.3252,0.3569,0.3179,0.7037,0.0080,0.00247
737,3018752,3,0.000,2000.0,0.00,0.00,-0.0036,0.0007,0.6283,0.00457,0.00370,0.0436,0.5231,0.00000,3,0.2036,0.4463,0.3501,0.5758,0.0006,0.00329,0.2295,0.2656,0.5049,0.3637,0.0007,0.00410,0.2815,0.3499,0.3687,0.8831,0.0007,0.00500,0.3430,0.3430,0.3140,0.6908,0.0006,0.00241
738,3022848,2,1.000,2000.0,1.00,0.00,-0.0036,0.0083,0.7110,0.00456,0.00348,0.0300,0.5088,0.00049,2,0.2603,0.4243,0.3154,0.6980,0.0085,0.00311,0.3047,0.2344,0.4609,0.5215,0.0087,0.00158,0.2808,0.3599,0.3594,0.8841,0.0081,0.00459,0.3530,0.3562,0.2908,0.7405,0.0077,0.00463
739,3026944,2,1.000,2000.0,1.00,0.00,-0.0038,0.0113,0.7484,0.00456,0.00322,0.0237,0.2816,0.00049,2,0.2827,0.4238,0.2935,0.7337,0.0120,0.00190,0.3564,0.2356,0.4080,0.5838,0.0115,0.00523,0.2620,0.3604,0.3777,0.8910,0.0113,0.00149,0.3831,0.3318,0.2852,0.7849,0.0105,0.00426
740,3031040,2,0.500,2000.0,0.50,0.00,-0.0045,0.0067,0.6849,0.00455,0.00370,0.0414,0.2379,0.00024,2,0.2205,0.4417,0.3379,0.6759,0.0065,0.00632,0.2957,0.2571,0.4473,0.4953,0.0070,0.00283,0.2615,0.3784,0.3601,0.8695,0.0065,0.00128,0.3979,0.3413,0.2607,0.6989,0.0067,0.00435
741,3035136,2,0.500,2000.0,0.50,0.00,-0.0037,0.0056,0.6885,0.00454,0.00383,0.0394,0.3151,0.00024,2,0.2109,0.4255,0.3635,0.6766,0.0055,0.00294,0.3076,0.2622,0.4302,0.4920,0.0058,0.00300,0.2615,0.3652,0.3733,0.8649,0.0058,0.00560,0.4512,0.3025,0.2463,0.7206,0.0054,0.00380
742,3039232,2,0.000,2000.0,0.50,0.50,-0.0028,0.0122,0.7357,0.00453,0.00325,0.0330,0.2730,0.00049,2,0.2268,0.4309,0.3423,0.7149,0.0126,0.00577,0.3499,0.2400,0.4102,0.6081,0.0114,0.00215,0.2671,0.3638,0.3691,0.8730,0.0125,0.00177,0.4126,0.3210,0.2664,0.7467,0.0125,0.00331
743,3043328,2,0.000,2000.0,0.00,0.00,-0.0038,0.0004,0.7093,0.00453,0.00439,0.0475,-0.0753,0.00000,2,0.1838,0.4705,0.3457,0.6683,0.0005,0.00629,0.3318,0.2417,0.4265,0.5393,0.0004,0.00373,0.2510,0.3787,0.3704,0.8893,0.0004,0.00391,0.3989,0.3442,0.2568,0.7405,0.0004,0.00361
744,3047424,2,0.000,2000.0,0.00,0.00,-0.0040,0.0003,0.6389,0.00452,0.00384,0.0446,-0.0049,0.00000,2,0.1838,0.4507,0.3655,0.5741,0.0003,0.00192,0.2964,0.2522,0.4514,0.4383,0.0003,0.00405,0.2634,0.3777,0.3589,0.8689,0.0003,0.00584,0.3958,0.3308,0.2734,0.6743,0.0002,0.00357
745,3051520,2,1.000,2000.0,1.50,0.50,-0.0041,0.0180,0.7608,0.00451,0.00481,0.0465,0.4490,0.00098,2,0.2771,0.4263,0.2966,0.7603,0.0180,0.00525,0.4114,0.1968,0.3918,0.6250,0.0185,0.00518,0.3225,0.3340,0.3435,0.9127,0.0177,0.00628,0.3889,0.3467,0.2644,0.7453,0.0177,0.00251
746,3055616,2,1.000,2000.0,1.00,0.00,-0.0040,0.0115,0.7135,0.00450,0.00358,0.0291,0.3383,0.00049,2,0.2061,0.4604,0.3335,0.6762,0.0114,0.00276,0.3635,0.2134,0.4231,0.5792,0.0116,0.00267,0.3135,0.3584,0.3281,0.8779,0.0110,0.00535,0.3567,0.3691,0.2742,0.7206,0.0118,0.00355
747,3059712,2,0.500,2000.0,0.50,0.00,-0.0032,0.0055,0.7407,0.00450,0.00366,0.0374,0.4023,0.00024,2,0.2000,0.4766,0.3235,0.7279,0.0051,0.00289,0.3760,0.2136,0.4104,0.6177,0.0054,0.00303,0.3088,0.3767,0.3145,0.8484,0.0057,0.00395,0.3511,0.3811,0.2678,0.7687,0.0059,0.00478
748,3063808,2,1.500,2000.0,1.50,0.00,-0.0035,0.0195,0.6624,0.00449,0.00371,0.0364,0.3233,0.00073,2,0.1704,0.4504,0.3792,0.6202,0.0198,0.00287,0.3000,0.2339,0.4661,0.4746,0.0199,0.00429,0.2715,0.3818,0.3467,0.8536,0.0191,0.00380,0.3250,0.3689,0.3062,0.7014,0.0190,0.00390
749,3067904,2,0.500,2000.0,0.50,0.00,-0.0026,0.0123,0.6277,0.00448,0.00239,0.0126,0.5336,0.00073,2,0.1638,0.4417,0.3945,0.5652,0.0117,0.00233,0.2939,0.2368,0.4692,0.4225,0.0130,0.00155,0.2825,0.3701,0.3474,0.8328,0.0120,0.00445,0.3440,0.3679,0.2881,0.6902,0.0126,0.00122
750,3072000,2,1.000,2000.0,1.50,0.50,-0.0034,0.0234,0.7546,0.00447,0.00352,0.0319,0.3936,0.00098,2,0.2334,0.4551,0.3115,0.7436,0.0231,0.00239,0.4255,0.2056,0.3689,0.6433,0.0227,0.00322,0.2993,0.3965,0.3042,0.8776,0.0234,0.00381,0.3298,0.3992,0.2710,0.7540,0.0244,0.00468
751,3076096,2,-1.000,2000.0,0.00,1.00,-0.0032,0.0052,0.7957,0.00447,0.00250,0.0194,0.4962,0.00024,2,0.2817,0.4050,0.3132,0.8112,0.0052,0.00382,0.3992,0.2251,0.3757,0.6609,0.0047,0.00162,0.2969,0.3728,0.3303,0.9257,0.0057,0.00265,0.3091,0.3862,0.3047,0.7849,0.0052,0.00192
752,3080192,2,0.000,2000.0,0.50,0.50,-0.0034,0.0117,0.7551,0.00446,0.00386,0.0317,0.4391,0.00049,2,0.2688,0.4282,0.3030,0.7452,0.0120,0.00560,0.4055,0.2095,0.3850,0.6092,0.0111,0.00465,0.3030,0.3669,0.3301,0.9014,0.0123,0.00234,0.2939,0.4075,0.2986,0.7647,0.0116,0.00284
753,3084288,2,-0.500,2000.0,0.50,1.00,-0.0038,0.0150,0.7900,0.00445,0.00459,0.0384,0.5828,0.00098,2,0.3494,0.3413,0.3093,0.8384,0.0159,0.00755,0.4255,0.1560,0.4185,0.5862,0.0134,0.00485,0.2637,0.3557,0.3806,0.9206,0.0147,0.00259,0.3489,0.3291,0.3220,0.8146,0.0162,0.00336
754,3088384,2,-2.500,2000.0,0.00,2.50,-0.0034,0.0105,0.8494,0.00445,0.00513,0.0383,0.7715,0.00122,2,0.3945,0.3267,0.2788,0.8522,0.0103,0.00965,0.5044,0.1621,0.3335,0.7043,0.0092,0.00309,0.3015,0.3501,0.3484,0.9673,0.0114,0.00428,0.3401,0.3457,0.3142,0.8736,0.0113,0.00350
755,3092480,2,-2.500,2000.0,0.00,2.50,-0.0041,0.0140,0.8143,0.00444,0.00434,0.0422,0.6299,0.00073,2,0.3723,0.3704,0.2573,0.8227,0.0135,0.00495,0.4478,0.2043,0.3479,0.7149,0.0133,0.00660,0.2905,0.3765,0.3330,0.9162,0.0145,0.00293,0.3091,0.3887,0.3022,0.8034,0.0149,0.00286
756,3096576,2,-1.000,2000.0,0.00,1.00,-0.0029,0.0132,0.7975,0.00443,0.00356,0.0266,0.6043,0.00073,2,0.3452,0.3828,0.2720,0.8028,0.0124,0.00367,0.4443,0.1968,0.3589,0.7059,0.0118,0.00510,0.2954,0.3735,0.3311,0.8919,0.0134,0.00189,0.3267,0.3811,0.2922,0.7893,0.0150,0.00357
757,3100672,2,-1.000,2000.0,0.00,1.00,-0.0047,0.0132,0.7009,0.00442,0.00396,0.0422,0.4339,0.00049,2,0.2847,0.3762,0.3391,0.6556,0.0134,0.00631,0.3386,0.2375,0.4238,0.5498,0.0124,0.00264,0.2949,0.3787,0.3264,0.8788,0.0135,0.00370,0.3350,0.3848,0.2803,0.7193,0.0135,0.00318
758,3104768,3,0.000,2000.0,0.67,0.67,-0.0037,0.0198,0.7319,0.00442,0.00394,0.0336,0.3231,0.00073,3,0.3000,0.3962,0.3037,0.7113,0.0204,0.00460,0.3528,0.1968,0.4504,0.5841,0.0190,0.00288,0.2805,0.3691,0.3503,0.8932,0.0210,0.00470,0.3479,0.3599,0.2922,0.7388,0.0189,0.00356
759,3108864,2,-0.500,2000.0,0.00,0.50,-0.0033,0.0079,0.6880,0.00441,0.00313,0.0257,0.3024,0.00024,2,0.2588,0.4258,0.3154,0.6413,0.0079,0.00300,0.3318,0.2256,0.4426,0.5495,0.0077,0.00303,0.2742,0.3821,0.3438,0.8930,0.0076,0.00348,0.3049,0.4111,0.2839,0.6682,0.0081,0.00302
760,3112960,2,1.000,2000.0,1.50,0.50,-0.0041,0.0222,0.7457,0.00440,0.00399,0.0386,0.3677,0.00098,2,0.3152,0.3552,0.3296,0.7653,0.0231,0.00356,0.3145,0.1782,0.5073,0.5823,0.0221,0.00346,0.2744,0.3538,0.3718,0.8972,0.0225,0.00504,0.3318,0.3450,0.3232,0.7381,0.0214,0.00392
761,3117056,2,0.000,2000.0,0.50,0.50,-0.0037,0.0094,0.7725,0.00439,0.00416,0.0380,0.5486,0.00049,2,0.3066,0.3901,0.3032,0.7889,0.0097,0.00613,0.3679,0.1990,0.4331,0.6544,0.0096,0.00325,0.2842,0.3704,0.3455,0.8945,0.0096,0.00348,0.3259,0.3767,0.2974,0.7521,0.0088,0.00379
762,3121152,2,0.000,2000.0,0.00,0.00,-0.0050,0.0022,0.6521,0.00439,0.00558,0.0629,0.1365,0.00000,2,0.2068,0.4348,0.3584,0.6798,0.0022,0.00754,0.2856,0.2351,0.4792,0.4707,0.0019,0.00208,0.2400,0.3865,0.3735,0.8046,0.0022,0.00951,0.3179,0.3838,0.2983,0.6534,0.0026,0.00317
763,3125248,2,0.000,2000.0,0.00,0.00,-0.0034,0.0011,0.5961,0.00438,0.00306,0.0280,0.1101,0.00000,2,0.1846,0.4424,0.3730,0.5857,0.0013,0.00196,0.2769,0.2437,0.4795,0.3487,0.0010,0.00205,0.2654,0.3738,0.3608,0.8210,0.0009,0.00325,0.3091,0.3906,0.3003,0.6291,0.0010,0.00498
764,3129344,2,0.500,2000.0,0.50,0.00,-0.0032,0.0126,0.6025,0.00437,0.00354,0.0384,0.3427,0.00049,2,0.1924,0.4397,0.3679,0.5845,0.0123,0.00293,0.2747,0.2405,0.4849,0.3768,0.0123,0.00320,0.2944,0.3591,0.3464,0.8508,0.0130,0.00387,0.2896,0.3918,0.3186,0.5977,0.0129,0.00415
765,3133440,2,0.000,2000.0,0.50,0.50,-0.0025,0.0052,0.6602,0.00436,0.00227,0.0209,0.4470,0.00024,2,0.2075,0.4314,0.3611,0.6891,0.0059,0.00187,0.3064,0.2332,0.4604,0.4311,0.0047,0.00196,0.2888,0.3538,0.3574,0.8611,0.0054,0.00315,0.3638,0.3445,0.2917,0.6596,0.0050,0.00210
766,3137536,2,-1.000,2000.0,0.00,1.00,-0.0039,0.0163,0.7068,0.00436,0.00440,0.0443,0.3579,0.00073,2,0.2522,0.4287,0.3191,0.6905,0.0145,0.00434,0.3455,0.2219,0.4326,0.5491,0.0151,0.00249,0.3176,0.3452,0.3372,0.8897,0.0180,0.00619,0.3220,0.3914,0.2866,0.6979,0.0176,0.00459
767,3141632,2,-0.500,2000.0,0.00,0.50,-0.0037,0.0008,0.6588,0.00435,0.00312,0.0244,0.5310,0.00000,2,0.2153,0.4470,0.3376,0.6663,0.0009,0.00317,0.3140,0.2258,0.4602,0.4812,0.0008,0.00224,0.3342,0.3342,0.3315,0.8492,0.0008,0.00361,0.3274,0.3955,0.2771,0.6386,0.0008,0.00345
768,3145728,2,0.500,2000.0,0.50,0.00,-0.0026,0.0048,0.6143,0.00434,0.00340,0.0351,0.4789,0.00024,2,0.2227,0.4082,0.3691,0.6248,0.0054,0.00326,0.2654,0.2266,0.5081,0.3719,0.0050,0.00175,0.3325,0.3203,0.3472,0.8397,0.0040,0.00497,0.3350,0.3706,0.2944,0.6207,0.0046,0.00362
769,3149824,2,-0.500,2000.0,0.00,0.50,-0.0038,0.0112,0.6553,0.00433,0.00394,0.0435,0.3937,0.00049,2,0.2026,0.4541,0.3433,0.6110,0.0100,0.00341,0.2830,0.2349,0.4822,0.4308,0.0106,0.00392,0.3848,0.3101,0.3052,0.9032,0.0123,0.00531,0.2993,0.4138,0.2869,0.6763,0.0116,0.00312
770,3153920,2,0.500,2000.0,0.50,0.00,-0.0052,0.0007,0.6807,0.00433,0.00563,0.0681,0.7430,0.00000,2,0.2463,0.3994,0.3542,0.6559,0.0008,0.00423,0.3040,0.2173,0.4788,0.4495,0.0007,0.00249,0.3391,0.3052,0.3557,0.9160,0.0006,0.00736,0.3303,0.3772,0.2925,0.7013,0.0007,0.00846
771,3158016,2,0.500,2000.0,0.50,0.00,-0.0030,0.0098,0.7172,0.00432,0.00372,0.0343,0.4081,0.00049,2,0.2776,0.4023,0.3201,0.6954,0.0107,0.00332,0.3340,0.2158,0.4502,0.5470,0.0095,0.00264,0.3831,0.3044,0.3125,0.9199,0.0097,0.00579,0.2419,0.4424,0.3157,0.7064,0.0092,0.00312
772,3162112,2,1.500,2000.0,1.50,0.00,-0.0038,0.0087,0.6477,0.00431,0.00381,0.0390,0.6816,0.00073,2,0.2390,0.3982,0.3628,0.6115,0.0099,0.00434,0.2900,0.2217,0.4883,0.4173,0.0080,0.00142,0.3760,0.3086,0.3154,0.9059,0.0089,0.00606,0.2588,0.4241,0.3171,0.6561,0.0080,0.00342
773,3166208,2,1.000,2000.0,1.00,0.00,-0.0043,0.0082,0.7139,0.00430,0.00436,0.0521,0.5741,0.00049,2,0.2903,0.3706,0.3391,0.7132,0.0077,0.00403,0.2856,0.1995,0.5149,0.4899,0.0087,0.00312,0.3818,0.2773,0.3408,0.9341,0.0080,0.00429,0.2612,0.3970,0.3418,0.7185,0.0085,0.00600
774,3170304,2,0.500,2000.0,1.00,0.50,-0.0030,0.0177,0.7016,0.00430,0.00345,0.0263,0.3923,0.00073,2,0.2703,0.3896,0.3401,0.7124,0.0180,0.00277,0.3022,0.1965,0.5012,0.4800,0.0168,0.00269,0.4075,0.2893,0.3032,0.9305,0.0173,0.00464,0.2559,0.4194,0.3247,0.6836,0.0186,0.00370
775,3174400,2,-1.000,2000.0,0.00,1.00,-0.0031,0.0148,0.6234,0.00429,0.00348,0.0280,0.3076,0.00049,2,0.1802,0.4299,0.3899,0.5485,0.0148,0.00195,0.2639,0.2285,0.5076,0.3606,0.0135,0.00194,0.3643,0.3193,0.3164,0.9347,0.0156,0.00694,0.2871,0.4065,0.3064,0.6497,0.0153,0.00308
776,3178496,2,0.000,2000.0,1.00,1.00,-0.0049,0.0229,0.7175,0.00428,0.00558,0.0668,0.3681,0.00098,2,0.2729,0.4001,0.3269,0.7102,0.0219,0.00340,0.3171,0.2148,0.4680,0.5244,0.0217,0.00419,0.3518,0.3176,0.3306,0.9255,0.0244,0.00795,0.2944,0.3975,0.3081,0.7099,0.0235,0.00676
777,3182592,2,0.000,2000.0,0.50,0.50,-0.0036,0.0074,0.7597,0.00428,0.00471,0.0509,0.2014,0.00024,2,0.2913,0.3616,0.3472,0.7890,0.0078,0.00331,0.3428,0.1924,0.4648,0.5348,0.0077,0.00305,0.3345,0.3308,0.3347,0.9475,0.0067,0.00633,0.2844,0.3984,0.3171,0.7677,0.0076,0.00617
778,3186688,2,0.000,2000.0,0.00,0.00,-0.0031,0.0149,0.7166,0.00427,0.00307,0.0234,0.4635,0.00073,2,0.2354,0.3909,0.3738,0.7184,0.0124,0.00292,0.3049,0.2219,0.4731,0.4959,0.0141,0.00196,0.3303,0.3450,0.3247,0.9560,0.0160,0.00284,0.3054,0.3870,0.3076,0.6961,0.0170,0.00458
779,3190784,3,1.000,2000.0,1.33,0.33,-0.0028,0.0108,0.6823,0.00426,0.00321,0.0299,0.3477,0.00049,3,0.2437,0.3906,0.3657,0.6743,0.0110,0.00291,0.3118,0.1821,0.5061,0.4289,0.0109,0.00196,0.3379,0.3347,0.3274,0.9447,0.0101,0.00522,0.3342,0.3716,0.2942,0.6813,0.0114,0.00274
780,3194880,2,1.000,2000.0,1.50,0.50,-0.0034,0.0159,0.7729,0.00425,0.00362,0.0267,0.5742,0.00098,2,0.3196,0.4058,0.2747,0.7996,0.0148,0.00404,0.3374,0.1980,0.4646,0.6209,0.0150,0.00388,0.3811,0.3279,0.2910,0.9383,0.0168,0.00407,0.2969,0.4326,0.2705,0.7327,0.0173,0.00249
781,3198976,2,1.000,2000.0,1.00,0.00,-0.0029,0.0077,0.7718,0.00425,0.00317,0.0267,0.6400,0.00049,2,0.3003,0.3582,0.3416,0.8033,0.0077,0.00314,0.3423,0.2053,0.4524,0.5623,0.0074,0.00372,0.3450,0.3328,0.3223,0.9660,0.0075,0.00301,0.3374,0.3694,0.2932,0.7555,0.0081,0.00282
782,3203072,2,-1.000,2000.0,0.00,1.00,-0.0040,0.0160,0.6994,0.00424,0.00393,0.0347,0.1654,0.00049,2,0.3293,0.3701,0.3005,0.7472,0.0159,0.00165,0.3274,0.1860,0.4866,0.4724,0.0150,0.00354,0.3521,0.3230,0.3250,0.8856,0.0163,0.00745,0.2744,0.4150,0.3105,0.6924,0.0166,0.00307
783,3207168,2,0.500,2000.0,1.00,0.50,-0.0044,0.0183,0.7346,0.00423,0.00493,0.0583,0.3032,0.00073,2,0.2905,0.3767,0.3328,0.7445,0.0178,0.00384,0.3357,0.1865,0.4778,0.5515,0.0178,0.00588,0.3477,0.3311,0.3213,0.9252,0.0189,0.00792,0.2744,0.4089,0.3167,0.7171,0.0186,0.00207
784,3211264,2,0.500,2000.0,0.50,0.00,-0.0039,0.0059,0.7418,0.00422,0.00423,0.0429,0.4322,0.00024,2,0.3159,0.3862,0.2979,0.7473,0.0058,0.00595,0.3669,0.2097,0.4233,0.5677,0.0060,0.00481,0.3359,0.3577,0.3064,0.9323,0.0062,0.00303,0.2539,0.4487,0.2974,0.7200,0.0055,0.00315
785,3215360,2,0.500,2000.0,0.50,0.00,-0.0024,0.0048,0.6828,0.00422,0.00271,0.0220,0.4845,0.00024,2,0.2451,0.3936,0.3613,0.7225,0.0047,0.00271,0.2991,0.2375,0.4634,0.4436,0.0046,0.00219,0.3228,0.3625,0.3147,0.8633,0.0048,0.00214,0.3066,0.4036,0.2898,0.7019,0.0050,0.00378
786,3219456,2,0.500,2000.0,0.50,0.00,-0.0036,0.0065,0.6608,0.00421,0.00338,0.0321,0.2634,0.00024,2,0.2488,0.3845,0.3667,0.6797,0.0061,0.00470,0.3074,0.2136,0.4790,0.4256,0.0067,0.00146,0.3162,0.3523,0.3315,0.8690,0.0068,0.00385,0.3149,0.3918,0.2932,0.6690,0.0065,0.00351
787,3223552,2,0.500,2000.0,0.50,0.00,-0.0033,0.0055,0.6544,0.00420,0.00327,0.0267,0.4255,0.00024,2,0.2415,0.3970,0.3616,0.6585,0.0053,0.00268,0.3093,0.2292,0.4614,0.4267,0.0054,0.00346,0.2893,0.3777,0.3330,0.8582,0.0056,0.00397,0.3225,0.4036,0.2739,0.6741,0.0058,0.00296
788,3227648,2,0.500,2000.0,1.00,0.50,-0.0036,0.0153,0.6509,0.00419,0.00418,0.0494,0.4442,0.00073,2,0.2390,0.3909,0.3701,0.7150,0.0147,0.00287,0.2827,0.2224,0.4949,0.3724,0.0149,0.00084,0.2581,0.4001,0.3418,0.8278,0.0157,0.00422,0.3115,0.3931,0.2954,0.6884,0.0161,0.00880
789,3231744,2,0.000,2000.0,0.00,0.00,-0.0033,0.0006,0.6469,0.00419,0.00270,0.0251,0.3125,0.00000,2,0.2544,0.4131,0.3325,0.6730,0.0007,0.00235,0.2883,0.2300,0.4817,0.4050,0.0006,0.00114,0.2654,0.3833,0.3513,0.8719,0.0005,0.00381,0.2998,0.4102,0.2900,0.6375,0.0007,0.00353
790,3235840,2,0.000,2000.0,0.50,0.50,-0.0040,0.0103,0.6724,0.00418,0.00360,0.0400,0.4581,0.00049,2,0.2854,0.3945,0.3201,0.7105,0.0093,0.00374,0.2886,0.2256,0.4858,0.4455,0.0101,0.00115,0.2661,0.3799,0.3540,0.8735,0.0112,0.00615,0.2866,0.4077,0.3057,0.6603,0.0108,0.00338
791,3239936,2,0.000,2000.0,0.50,0.50,-0.0037,0.0219,0.6228,0.00417,0.00402,0.0485,0.3556,0.00098,2,0.2317,0.4402,0.3281,0.6229,0.0218,0.00463,0.3032,0.2400,0.4568,0.4050,0.0219,0.00308,0.2734,0.3933,0.3333,0.8444,0.0227,0.00448,0.2737,0.4353,0.2910,0.6187,0.0212,0.00391
792,3244032,2,1.000,2000.0,1.00,0.00,-0.0038,0.0007,0.5716,0.00416,0.00304,0.0302,0.1472,0.00000,2,0.2314,0.3965,0.3721,0.6084,0.0008,0.00433,0.2610,0.2329,0.5061,0.3124,0.0006,0.00197,0.2737,0.3582,0.3682,0.7927,0.0007,0.00251,0.3196,0.3923,0.2881,0.5730,0.0006,0.00333
793,3248128,2,0.000,2000.0,0.00,0.00,-0.0031,0.0005,0.5408,0.00416,0.00305,0.0286,0.5499,0.00000,2,0.2114,0.4072,0.3813,0.5448,0.0004,0.00175,0.2393,0.2273,0.5334,0.2656,0.0005,0.00073,0.2664,0.3599,0.3738,0.8088,0.0005,0.00701,0.3503,0.3672,0.2825,0.5442,0.0005,0.00269
794,3252224,2,0.500,2000.0,0.50,0.00,-0.0033,0.0070,0.6324,0.00415,0.00245,0.0163,0.1423,0.00024,2,0.2891,0.3726,0.3384,0.6674,0.0071,0.00258,0.2827,0.2188,0.4985,0.3951,0.0071,0.00200,0.2627,0.3584,0.3789,0.8337,0.0072,0.00269,0.3059,0.3936,0.3005,0.6335,0.0065,0.00254
795,3256320,2,1.500,2000.0,1.50,0.00,-0.0033,0.0160,0.6052,0.00414,0.00274,0.0275,0.3614,0.00073,2,0.2351,0.4077,0.3572,0.6391,0.0173,0.00277,0.2744,0.2375,0.4880,0.3759,0.0168,0.00249,0.2515,0.3801,0.3684,0.8094,0.0159,0.00202,0.2915,0.4185,0.2900,0.5966,0.0142,0.00368
796,3260416,2,0.000,2000.0,0.00,0.00,-0.0035,0.0108,0.5060,0.00414,0.00300,0.0388,0.4532,0.00049,2,0.1597,0.4353,0.4050,0.4717,0.0124,0.00181,0.2468,0.2683,0.4849,0.2493,0.0114,0.00075,0.2104,0.3970,0.3926,0.7854,0.0103,0.00701,0.3306,0.3992,0.2703,0.5177,0.0088,0.00245
797,3264512,2,1.000,2000.0,1.00,0.00,-0.0035,0.0007,0.5748,0.00413,0.00300,0.0298,0.2134,0.00000,2,0.2163,0.4143,0.3694,0.5880,0.0007,0.00446,0.2534,0.2427,0.5039,0.3260,0.0006,0.00184,0.2314,0.3777,0.3909,0.8265,0.0007,0.00279,0.3381,0.3835,0.2783,0.5588,0.0008,0.00291
798,3268608,2,0.000,2000.0,0.00,0.00,-0.0036,0.0004,0.5177,0.00412,0.00326,0.0400,-1.9871,0.00000,2,0.1775,0.4231,0.3994,0.4982,0.0004,0.00415,0.2607,0.2437,0.4956,0.2288,0.0004,0.00114,0.2148,0.3730,0.4121,0.8117,0.0004,0.00508,0.3630,0.3611,0.2759,0.5322,0.0006,0.00269
799,3272704,2,0.000,2000.0,0.00,0.00,-0.0052,0.0115,0.6334,0.00411,0.00411,0.0504,0.3545,0.00049,2,0.2783,0.3838,0.3379,0.6285,0.0110,0.00245,0.3020,0.2263,0.4717,0.3964,0.0110,0.00383,0.2480,0.3628,0.3892,0.9065,0.0129,0.00544,0.3301,0.3823,0.2876,0.6023,0.0110,0.00470
800,3276800,3,0.000,2000.0,0.33,0.33,-0.0036,0.0006,0.6805,0.00411,0.00358,0.0304,0.4457,0.00000,3,0.3140,0.3481,0.3379,0.7082,0.0007,0.00418,0.3213,0.2219,0.4568,0.4636,0.0005,0.00335,0.2781,0.3384,0.3835,0.8792,0.0005,0.00332,0.3323,0.3762,0.2915,0.6710,0.0006,0.00347
801,3280896,2,0.000,2000.0,0.00,0.00,-0.0032,0.0003,0.5219,0.00410,0.00277,0.0257,-1.6231,0.00000,2,0.1692,0.4194,0.4114,0.4644,0.0003,0.00155,0.2593,0.2490,0.4917,0.2214,0.0004,0.00087,0.2522,0.3638,0.3840,0.8527,0.0003,0.00511,0.3838,0.3625,0.2537,0.5493,0.0005,0.00356
802,3284992,2,0.000,2000.0,0.00,0.00,-0.0040,0.0003,0.5714,0.00409,0.00319,0.0293,-0.5174,0.00000,2,0.2202,0.3994,0.3804,0.5081,0.0002,0.00273,0.2710,0.2500,0.4790,0.3251,0.0003,0.00185,0.2593,0.3501,0.3906,0.8805,0.0002,0.00481,0.3486,0.4026,0.2488,0.5720,0.0003,0.00339
803,3289088,2,0.000,2000.0,0.00,0.00,-0.0046,0.0002,0.6965,0.00408,0.00378,0.0323,0.0096,0.00000,2,0.3347,0.3574,0.3079,0.7616,0.0002,0.00348,0.3157,0.2183,0.4661,0.4546,0.0002,0.00453,0.2549,0.3608,0.3843,0.8892,0.0001,0.00456,0.3088,0.4192,0.2720,0.6805,0.0002,0.00256
804,3293184,2,0.500,2000.0,0.50,0.00,-0.0022,0.0060,0.6044,0.00408,0.00203,0.0109,0.2688,0.00024,2,0.2576,0.3833,0.3591,0.6206,0.0059,0.00156,0.2832,0.2190,0.4978,0.3344,0.0061,0.00121,0.2354,0.3669,0.3977,0.8681,0.0059,0.00303,0.3413,0.3911,0.2676,0.5945,0.0059,0.00234
805,3297280,2,0.000,2000.0,0.00,0.00,-0.0038,0.0003,0.6331,0.00407,0.00358,0.0366,-0.0841,0.00000,2,0.2646,0.3577,0.3777,0.6687,0.0003,0.00341,0.3201,0.1956,0.4844,0.3579,0.0003,0.00372,0.2424,0.3618,0.3958,0.8664,0.0003,0.00391,0.3533,0.3701,0.2766,0.6396,0.0004,0.00328
806,3301376,2,0.000,2000.0,0.00,0.00,-0.0032,0.0068,0.6200,0.00406,0.00426,0.0458,0.1489,0.00024,2,0.2332,0.3918,0.3750,0.6319,0.0072,0.00399,0.2888,0.2285,0.4827,0.3623,0.0071,0.00236,0.2214,0.3789,0.3997,0.8515,0.0070,0.00683,0.3584,0.3730,0.2686,0.6343,0.0060,0.00386
807,3305472,2,0.000,2000.0,0.50,0.50,-0.0033,0.0055,0.6018,0.00405,0.00218,0.0190,0.3655,0.00024,2,0.2119,0.3853,0.4028,0.6225,0.0049,0.00193,0.2795,0.2170,0.5034,0.3138,0.0050,0.00268,0.2107,0.3628,0.4265,0.8517,0.0065,0.00264,0.3708,0.3672,0.2620,0.6192,0.0055,0.00146
808,3309568,2,0.000,2000.0,0.00,0.00,-0.0036,0.0003,0.5790,0.00405,0.00354,0.0358,0.0339,0.00000,2,0.1814,0.3982,0.4204,0.5626,0.0002,0.00175,0.2715,0.2402,0.4883,0.2603,0.0002,0.00280,0.2253,0.3701,0.4045,0.8657,0.0003,0.00551,0.3535,0.3757,0.2708,0.6273,0.0003,0.00409
809,3313664,2,-0.500,2000.0,0.00,0.50,-0.0048,0.0070,0.6851,0.00404,0.00530,0.0591,0.1695,0.00024,2,0.2427,0.3784,0.3789,0.7517,0.0065,0.00872,0.3298,0.1838,0.4863,0.3695,0.0062,0.00287,0.2612,0.3284,0.4104,0.9185,0.0077,0.00733,0.3655,0.3455,0.2891,0.7009,0.0075,0.00229
810,3317760,2,0.000,2000.0,0.00,0.00,-0.0029,0.0063,0.6110,0.00403,0.00232,0.0208,0.1734,0.00024,2,0.1880,0.4390,0.3730,0.5860,0.0062,0.00176,0.2739,0.2585,0.4675,0.3396,0.0063,0.00184,0.2754,0.3730,0.3516,0.8816,0.0065,0.00289,0.3250,0.4045,0.2705,0.6370,0.0062,0.00280
811,3321856,2,1.000,2000.0,1.00,0.00,-0.0042,0.0044,0.6123,0.00402,0.00353,0.0455,0.4861,0.00024,2,0.1868,0.3872,0.4260,0.5891,0.0050,0.00386,0.2571,0.2080,0.5349,0.2828,0.0042,0.00136,0.2483,0.3572,0.3945,0.8884,0.0041,0.00547,0.3442,0.3574,0.2983,0.6891,0.0042,0.00341
812,3325952,2,-1.000,2000.0,0.00,1.00,-0.0038,0.0114,0.7047,0.00402,0.00478,0.0429,0.2656,0.00049,2,0.2200,0.3975,0.3826,0.7560,0.0111,0.00964,0.2974,0.2146,0.4880,0.4323,0.0108,0.00107,0.2734,0.3625,0.3640,0.9344,0.0125,0.00396,0.3203,0.3850,0.2947,0.6962,0.0110,0.00446
813,3330048,2,0.000,2000.0,0.50,0.50,-0.0046,0.0130,0.5878,0.00401,0.00325,0.0363,0.3711,0.00049,2,0.1648,0.4148,0.4204,0.5591,0.0139,0.00314,0.2693,0.2227,0.5081,0.2430,0.0117,0.00132,0.2537,0.3499,0.3965,0.8901,0.0126,0.00385,0.3376,0.3621,0.3003,0.6589,0.0137,0.00470
814,3334144,2,0.500,2000.0,0.50,0.00,-0.0031,0.0132,0.6518,0.00400,0.00307,0.0282,0.1887,0.00049,2,0.1931,0.4043,0.4026,0.6944,0.0132,0.00295,0.2893,0.2134,0.4973,0.3358,0.0131,0.00402,0.2532,0.3643,0.3826,0.8784,0.0136,0.00343,0.3298,0.3848,0.2854,0.6987,0.0130,0.00187
815,3338240,2,1.000,2000.0,1.00,0.00,-0.0031,0.0069,0.6753,0.00400,0.00327,0.0280,0.2526,0.00024,2,0.2192,0.4084,0.3723,0.7194,0.0067,0.00219,0.2935,0.2144,0.4922,0.3690,0.0073,0.00154,0.2742,0.3567,0.3691,0.9000,0.0068,0.00482,0.3345,0.3933,0.2722,0.7128,0.0068,0.00451
816,3342336,2,1.000,2000.0,1.00,0.00,-0.0032,0.0127,0.6998,0.00399,0.00339,0.0297,0.2457,0.00073,2,0.2141,0.4153,0.3706,0.7410,0.0135,0.00239,0.3186,0.2278,0.4536,0.4193,0.0138,0.00277,0.3042,0.3550,0.3408,0.9188,0.0125,0.00449,0.3228,0.3982,0.2791,0.7200,0.0112,0.00390
817,3346432,2,0.500,2000.0,0.50,0.00,-0.0032,0.0061,0.6075,0.00398,0.00270,0.0262,0.3415,0.00024,2,0.1633,0.4241,0.4126,0.5774,0.0056,0.00213,0.2698,0.2427,0.4875,0.2693,0.0062,0.00159,0.2834,0.3638,0.3528,0.8926,0.0065,0.00492,0.3293,0.3809,0.2898,0.6909,0.0062,0.00215
818,3350528,2,1.500,2000.0,1.50,0.00,-0.0042,0.0130,0.6516,0.00397,0.00356,0.0357,0.4476,0.00073,2,0.2085,0.3916,0.3999,0.6436,0.0120,0.00421,0.3135,0.1987,0.4878,0.3350,0.0134,0.00216,0.3091,0.3416,0.3494,0.9126,0.0136,0.00387,0.3394,0.3792,0.2815,0.7154,0.0131,0.00402
819,3354624,2,0.500,2000.0,0.50,0.00,-0.0029,0.0119,0.6352,0.00397,0.00311,0.0287,0.3775,0.00049,2,0.1711,0.4412,0.3877,0.6668,0.0116,0.00299,0.3069,0.2209,0.4722,0.3180,0.0114,0.00273,0.3022,0.3508,0.3469,0.9018,0.0131,0.00391,0.2864,0.4268,0.2869,0.6543,0.0115,0.00279
820,3358720,3,0.667,2000.0,1.33,0.67,-0.0032,0.0211,0.6734,0.00396,0.00467,0.0497,0.4212,0.00098,3,0.2119,0.4004,0.3877,0.7174,0.0206,0.00402,0.3203,0.2063,0.4734,0.3982,0.0214,0.00184,0.2964,0.3647,0.3389,0.8751,0.0217,0.00546,0.3083,0.4045,0.2871,0.7030,0.0206,0.00735
821,3362816,2,2.000,2000.0,2.00,0.00,-0.0043,0.0098,0.6579,0.00395,0.00363,0.0364,0.7290,0.00098,2,0.2102,0.3896,0.4001,0.7087,0.0098,0.00349,0.2983,0.2039,0.4978,0.3534,0.0103,0.00175,0.2727,0.3728,0.3545,0.9019,0.0093,0.00329,0.3579,0.3679,0.2742,0.6678,0.0097,0.00600
822,3366912,2,0.000,2000.0,0.50,0.50,-0.0039,0.0120,0.6345,0.00394,0.00349,0.0397,0.5011,0.00049,2,0.1877,0.4131,0.3992,0.6258,0.0120,0.00064,0.3157,0.2158,0.4685,0.3213,0.0113,0.00246,0.2542,0.3818,0.3640,0.9136,0.0127,0.00655,0.3848,0.3672,0.2480,0.6774,0.0120,0.00431
823,3371008,2,-0.500,2000.0,0.00,0.50,-0.0027,0.0058,0.6179,0.00394,0.00295,0.0302,0.4702,0.00024,2,0.1709,0.4143,0.4148,0.6164,0.0054,0.00221,0.2861,0.2458,0.4680,0.2887,0.0046,0.00253,0.2681,0.3735,0.3584,0.9047,0.0070,0.00318,0.3828,0.3655,0.2517,0.6616,0.0063,0.00390
824,3375104,2,1.000,2000.0,1.00,0.00,-0.0040,0.0083,0.7312,0.00393,0.00329,0.0286,0.5190,0.00049,2,0.2349,0.3833,0.3818,0.7949,0.0081,0.00374,0.3140,0.1870,0.4990,0.4979,0.0090,0.00190,0.2720,0.3562,0.3718,0.9460,0.0081,0.00442,0.4026,0.3367,0.2607,0.6860,0.0080,0.00308
825,3379200,2,1.000,2000.0,1.00,0.00,-0.0031,0.0084,0.6462,0.00392,0.00316,0.0319,0.5619,0.00049,2,0.1948,0.3982,0.4070,0.6904,0.0086,0.00275,0.2996,0.2092,0.4912,0.3487,0.0091,0.00097,0.2546,0.3682,0.3772,0.8630,0.0083,0.00518,0.4268,0.3313,0.2419,0.6827,0.0076,0.00376
826,3383296,2,0.500,2000.0,0.50,0.00,-0.0031,0.0041,0.6277,0.00391,0.00323,0.0357,0.6170,0.00024,2,0.1892,0.3997,0.4111,0.6969,0.0042,0.00324,0.3010,0.2148,0.4841,0.2952,0.0038,0.00190,0.2439,0.3843,0.3718,0.8540,0.0040,0.00190,0.4487,0.3157,0.2356,0.6649,0.0045,0.00588
827,3387392,2,1.000,2000.0,1.00,0.00,-0.0025,0.0081,0.6062,0.00391,0.00271,0.0199,0.5890,0.00049,2,0.1956,0.3987,0.4058,0.6478,0.0083,0.00221,0.2830,0.2178,0.4993,0.2989,0.0082,0.00143,0.2559,0.3784,0.3657,0.8278,0.0083,0.00401,0.4778,0.2991,0.2231,0.6503,0.0074,0.00320
828,3391488,2,0.000,2000.0,0.50,0.50,-0.0039,0.0088,0.6559,0.00390,0.00422,0.0438,0.5975,0.00049,2,0.2136,0.3809,0.4055,0.7455,0.0089,0.00547,0.3198,0.2000,0.4802,0.3863,0.0075,0.00231,0.2654,0.3765,0.3582,0.8420,0.0100,0.00386,0.4834,0.2898,0.2268,0.6500,0.0089,0.00524
829,3395584,2,0.500,2000.0,0.50,0.00,-0.0026,0.0051,0.6748,0.00389,0.00215,0.0139,0.6159,0.00024,2,0.2168,0.3774,0.4058,0.7187,0.0052,0.00179,0.2961,0.2117,0.4922,0.4131,0.0051,0.00120,0.2463,0.3875,0.3662,0.8912,0.0052,0.00257,0.5002,0.2742,0.2256,0.6763,0.0048,0.00303
830,3399680,2,0.000,2000.0,0.00,0.00,-0.0030,0.0006,0.5847,0.00388,0.00311,0.0340,0.7612,0.00000,2,0.1855,0.4102,0.4043,0.6125,0.0005,0.00229,0.2673,0.2288,0.5039,0.2637,0.0006,0.00124,0.2571,0.3953,0.3477,0.7929,0.0005,0.00435,0.5095,0.2627,0.2278,0.6696,0.0007,0.00457
831,3403776,2,0.000,2000.0,0.00,0.00,-0.0041,0.0004,0.6107,0.00388,0.00332,0.0278,0.5461,0.00000,2,0.1865,0.4038,0.4097,0.6489,0.0004,0.00336,0.2673,0.2063,0.5264,0.3250,0.0004,0.00234,0.2605,0.3682,0.3713,0.8211,0.0005,0.00427,0.5139,0.2661,0.2200,0.6479,0.0005,0.00330
832,3407872,2,0.500,2000.0,0.50,0.00,-0.0030,0.0087,0.6244,0.00387,0.00294,0.0261,0.4559,0.00049,2,0.1729,0.4277,0.3994,0.6893,0.0090,0.00343,0.2844,0.2361,0.4795,0.3588,0.0087,0.00138,0.2644,0.3938,0.3418,0.8018,0.0088,0.00408,0.5347,0.2690,0.1963,0.6476,0.0083,0.00287
833,3411968,2,2.000,2000.0,2.00,0.00,-0.0051,0.0115,0.6543,0.00386,0.00482,0.0616,0.5221,0.00073,2,0.2126,0.4255,0.3618,0.7098,0.0116,0.00422,0.2761,0.2085,0.5154,0.4110,0.0113,0.00390,0.2876,0.3760,0.3364,0.8413,0.0124,0.00687,0.4897,0.2903,0.2200,0.6552,0.0106,0.00430
834,3416064,2,0.500,2000.0,0.50,0.00,-0.0032,0.0050,0.6037,0.00385,0.00278,0.0297,0.5671,0.00024,2,0.1707,0.4009,0.4285,0.6291,0.0053,0.00188,0.2456,0.2314,0.5229,0.3269,0.0051,0.00228,0.2817,0.3640,0.3542,0.8219,0.0050,0.00365,0.5020,0.2759,0.2222,0.6368,0.0047,0.00331
835,3420160,2,0.000,2000.0,0.00,0.00,-0.0043,0.0069,0.5975,0.00385,0.00455,0.0605,0.1063,0.00024,2,0.1768,0.3989,0.4243,0.6340,0.0070,0.00452,0.2705,0.2390,0.4905,0.3056,0.0069,0.00217,0.2615,0.3904,0.3481,0.8200,0.0073,0.00778,0.5083,0.2881,0.2036,0.6303,0.0065,0.00372
836,3424256,2,0.500,2000.0,0.50,0.00,-0.0044,0.0004,0.6739,0.00384,0.00432,0.0438,0.2255,0.00000,2,0.2139,0.4160,0.3701,0.7561,0.0004,0.00358,0.2688,0.2400,0.4912,0.4668,0.0004,0.00291,0.2583,0.3862,0.3555,0.8089,0.0003,0.00706,0.4829,0.3171,0.2000,0.6636,0.0005,0.00373
837,3428352,2,1.000,2000.0,1.00,0.00,-0.0039,0.0074,0.6698,0.00383,0.00373,0.0336,0.5645,0.00049,2,0.2178,0.3657,0.4165,0.7507,0.0076,0.00355,0.2375,0.2039,0.5586,0.4295,0.0072,0.00164,0.2886,0.3572,0.3542,0.8349,0.0075,0.00519,0.4722,0.3040,0.2239,0.6639,0.0074,0.00453
838,3432448,2,0.000,2000.0,0.00,0.00,-0.0043,0.0004,0.5644,0.00383,0.00394,0.0387,0.3944,0.00000,2,0.1599,0.4434,0.3967,0.5923,0.0004,0.00313,0.2461,0.2493,0.5046,0.2686,0.0004,0.00257,0.2803,0.3669,0.3528,0.8045,0.0004,0.00751,0.4329,0.3354,0.2317,0.5923,0.0005,0.00254
839,3436544,2,1.000,2000.0,1.00,0.00,-0.0030,0.0076,0.6074,0.00382,0.00290,0.0258,0.5701,0.00049,2,0.2068,0.3904,0.4028,0.7122,0.0084,0.00188,0.2490,0.1855,0.5654,0.2993,0.0078,0.00158,0.2908,0.3574,0.3518,0.7935,0.0071,0.00408,0.4524,0.3003,0.2473,0.6246,0.0071,0.00406
840,3440640,2,0.500,2000.0,0.50,0.00,-0.0029,0.0178,0.7128,0.00381,0.00318,0.0211,0.4220,0.00098,2,0.2302,0.4312,0.3386,0.7399,0.0177,0.00428,0.2380,0.2529,0.5090,0.5383,0.0179,0.00151,0.3008,0.3750,0.3242,0.8734,0.0185,0.00250,0.4583,0.3413,0.2004,0.6997,0.0171,0.00445
841,3444736,3,1.000,2000.0,1.00,0.00,-0.0023,0.0007,0.5734,0.00380,0.00286,0.0278,0.5482,0.00000,3,0.1729,0.4231,0.4041,0.6465,0.0007,0.00362,0.2451,0.2388,0.5161,0.2997,0.0006,0.00174,0.3159,0.3699,0.3142,0.7309,0.0007,0.00365,0.5291,0.2734,0.1975,0.6162,0.0009,0.00242
842,3448832,2,-0.500,2000.0,0.00,0.50,-0.0047,0.0071,0.6231,0.00380,0.00414,0.0471,0.2412,0.00024,2,0.1885,0.4124,0.3992,0.6473,0.0067,0.00485,0.2446,0.2500,0.5054,0.3788,0.0063,0.00306,0.2793,0.3713,0.3494,0.8266,0.0079,0.00603,0.4626,0.3135,0.2239,0.6397,0.0074,0.00262
843,3452928,2,0.000,2000.0,0.00,0.00,-0.0047,0.0003,0.6297,0.00379,0.00508,0.0649,0.6555,0.00000,2,0.1702,0.4294,0.4004,0.6900,0.0003,0.00314,0.2415,0.2388,0.5198,0.4199,0.0004,0.00154,0.3147,0.3564,0.3289,0.7822,0.0002,0.01126,0.4800,0.3188,0.2012,0.6265,0.0004,0.00438
844,3457024,2,0.500,2000.0,0.50,0.00,-0.0023,0.0030,0.6451,0.00378,0.00271,0.0203,0.6543,0.00024,2,0.1926,0.3994,0.4080,0.7488,0.0032,0.00364,0.2356,0.1975,0.5669,0.4007,0.0032,0.00161,0.2800,0.3560,0.3640,0.7955,0.0029,0.00209,0.5383,0.2615,0.2002,0.6355,0.0028,0.00351
845,3461120,2,0.500,2000.0,0.50,0.00,-0.0024,0.0030,0.6670,0.00377,0.00255,0.0212,0.7090,0.00024,2,0.1902,0.4365,0.3733,0.7139,0.0030,0.00250,0.2441,0.2556,0.5002,0.4945,0.0031,0.00256,0.2834,0.3828,0.3337,0.7933,0.0030,0.00300,0.4546,0.3452,0.2002,0.6662,0.0028,0.00214
846,3465216,2,2.500,2000.0,2.50,0.00,-0.0048,0.0335,0.7140,0.00377,0.00443,0.0496,0.3484,0.00122,2,0.2166,0.4172,0.3662,0.7810,0.0352,0.00363,0.2830,0.2556,0.4614,0.5443,0.0334,0.00339,0.2683,0.3972,0.3345,0.8313,0.0333,0.00592,0.4758,0.2998,0.2244,0.6994,0.0322,0.00479
847,3469312,2,-0.500,2000.0,0.00,0.50,-0.0047,0.0060,0.7267,0.00376,0.00592,0.0639,0.3788,0.00024,2,0.2507,0.4268,0.3225,0.8160,0.0054,0.00606,0.2722,0.2273,0.5005,0.5145,0.0048,0.00391,0.2888,0.3831,0.3281,0.8802,0.0072,0.00975,0.4656,0.3191,0.2153,0.6962,0.0065,0.00396
848,3473408,2,0.000,2000.0,0.00,0.00,-0.0037,0.0007,0.6751,0.00375,0.00413,0.0428,0.0048,0.00000,2,0.2068,0.4253,0.3679,0.7616,0.0007,0.00213,0.2759,0.2253,0.4988,0.4599,0.0008,0.00329,0.2620,0.3972,0.3408,0.8283,0.0004,0.00704,0.4858,0.3110,0.2031,0.6504,0.0008,0.00407
849,3477504,2,0.000,2000.0,0.50,0.50,-0.0028,0.0175,0.6705,0.00374,0.00293,0.0248,0.3028,0.00073,2,0.2124,0.4136,0.3740,0.7455,0.0161,0.00250,0.2556,0.2258,0.5186,0.4614,0.0165,0.00345,0.2473,0.3904,0.3623,0.8084,0.0191,0.00242,0.5347,0.2766,0.1887,0.6668,0.0184,0.00337
850,3481600,2,1.000,2000.0,1.00,0.00,-0.0033,0.0032,0.6586,0.00374,0.00323,0.0331,0.6894,0.00024,2,0.1963,0.4321,0.3716,0.7769,0.0028,0.00421,0.2339,0.2363,0.5298,0.4444,0.0033,0.00208,0.2266,0.4333,0.3401,0.7499,0.0038,0.00356,0.5552,0.2698,0.1750,0.6631,0.0030,0.00306
851,3485696,2,1.000,2000.0,1.00,0.00,-0.0027,0.0155,0.6466,0.00373,0.00240,0.0164,0.4921,0.00098,2,0.2104,0.4270,0.3625,0.7109,0.0170,0.00251,0.2317,0.2065,0.5618,0.3816,0.0169,0.00149,0.2234,0.4058,0.3708,0.8329,0.0145,0.00387,0.5098,0.2969,0.1934,0.6611,0.0137,0.00172
852,3489792,2,2.500,2000.0,2.50,0.00,-0.0038,0.0138,0.6296,0.00372,0.00306,0.0295,0.5016,0.00073,2,0.2095,0.4138,0.3767,0.7356,0.0134,0.00250,0.2629,0.1948,0.5422,0.3748,0.0132,0.00189,0.2168,0.4067,0.3765,0.7602,0.0148,0.00330,0.4998,0.2920,0.2083,0.6480,0.0139,0.00453
853,3493888,2,1.000,2000.0,1.00,0.00,-0.0031,0.0155,0.5958,0.00371,0.00242,0.0234,0.4085,0.00073,2,0.1934,0.4365,0.3701,0.6423,0.0166,0.00323,0.2349,0.2334,0.5317,0.3522,0.0149,0.00152,0.2283,0.4160,0.3557,0.7275,0.0157,0.00123,0.4478,0.3345,0.2178,0.6612,0.0149,0.00371
854,3497984,2,0.000,2000.0,0.50,0.50,-0.0034,0.0122,0.5756,0.00371,0.00253,0.0243,0.4001,0.00049,2,0.1882,0.4465,0.3652,0.6424,0.0119,0.00241,0.2427,0.2395,0.5178,0.3333,0.0119,0.00177,0.2166,0.4375,0.3459,0.7056,0.0125,0.00360,0.4839,0.3218,0.1943,0.6212,0.0124,0.00234
855,3502080,2,0.000,2000.0,0.50,0.50,-0.0047,0.0067,0.6059,0.00370,0.00435,0.0472,0.5275,0.00024,2,0.2124,0.4165,0.3711,0.6471,0.0057,0.00443,0.2480,0.2300,0.5220,0.3859,0.0060,0.00397,0.2070,0.4287,0.3643,0.7527,0.0077,0.00557,0.5173,0.2974,0.1853,0.6380,0.0075,0.00341
856,3506176,2,0.500,2000.0,0.50,0.00,-0.0038,0.0035,0.6024,0.00369,0.00392,0.0419,0.5604,0.00024,2,0.2258,0.4292,0.3450,0.6453,0.0039,0.00442,0.2625,0.2258,0.5117,0.4131,0.0038,0.00332,0.1748,0.4436,0.3816,0.7213,0.0031,0.00312,0.5723,0.2598,0.1680,0.6300,0.0033,0.00481
857,3510272,2,0.000,2000.0,0.50,0.50,-0.0046,0.0158,0.6444,0.00369,0.00502,0.0566,0.4084,0.00073,2,0.2256,0.4163,0.3582,0.7166,0.0157,0.00346,0.2954,0.2173,0.4873,0.4266,0.0154,0.00196,0.1782,0.4453,0.3765,0.8351,0.0158,0.00893,0.5691,0.2539,0.1770,0.5993,0.0162,0.00571
858,3514368,2,1.000,2000.0,1.00,0.00,-0.0041,0.0069,0.6192,0.00368,0.00333,0.0353,0.3252,0.00024,2,0.2280,0.4148,0.3572,0.6810,0.0069,0.00564,0.2915,0.2107,0.4978,0.4140,0.0073,0.00150,0.1663,0.4241,0.4097,0.7778,0.0063,0.00308,0.6284,0.2295,0.1421,0.6039,0.0070,0.00310
859,3518464,2,0.500,2000.0,0.50,0.00,-0.0035,0.0064,0.5657,0.00367,0.00253,0.0210,0.3517,0.00024,2,0.1902,0.4319,0.3779,0.5838,0.0067,0.00352,0.2651,0.2454,0.4895,0.3509,0.0068,0.00201,0.1458,0.4458,0.4084,0.7356,0.0061,0.00143,0.5854,0.2617,0.1528,0.5925,0.0062,0.00317
860,3522560,2,0.000,2000.0,0.00,0.00,-0.0042,0.0006,0.4868,0.00366,0.00390,0.0534,-0.1904,0.00000,2,0.1484,0.4355,0.4160,0.4954,0.0007,0.00326,0.2341,0.2576,0.5083,0.2271,0.0006,0.00270,0.1169,0.4641,0.4189,0.6734,0.0006,0.00709,0.6313,0.2393,0.1294,0.5514,0.0006,0.00257
861,3526656,2,1.000,2000.0,1.00,0.00,-0.0025,0.0111,0.5638,0.00366,0.00396,0.0408,0.2654,0.00049,2,0.1880,0.4197,0.3923,0.5721,0.0111,0.00399,0.2529,0.2261,0.5210,0.3266,0.0112,0.00139,0.1509,0.4211,0.4280,0.7971,0.0112,0.00787,0.6001,0.2517,0.1482,0.5593,0.0109,0.00260
862,3530752,3,-0.667,2000.0,0.33,1.00,-0.0037,0.0223,0.6336,0.00365,0.00323,0.0340,0.3706,0.00098,3,0.1921,0.4524,0.3555,0.7002,0.0218,0.00451,0.2820,0.2329,0.4851,0.4481,0.0206,0.00317,0.1638,0.4348,0.4014,0.8140,0.0237,0.00237,0.6565,0.2268,0.1167,0.5720,0.0229,0.00286
863,3534848,2,0.500,2000.0,0.50,0.00,-0.0028,0.0074,0.6669,0.00364,0.00341,0.0312,0.1518,0.00024,2,0.2363,0.4348,0.3289,0.7557,0.0074,0.00215,0.3201,0.1824,0.4976,0.4566,0.0070,0.00395,0.1714,0.4319,0.3967,0.8474,0.0079,0.00508,0.5862,0.2620,0.1519,0.6078,0.0074,0.00245
864,3538944,2,0.500,2000.0,0.50,0.00,-0.0035,0.0045,0.5662,0.00363,0.00291,0.0306,0.5164,0.00024,2,0.1475,0.4758,0.3767,0.5509,0.0048,0.00194,0.2720,0.2517,0.4763,0.3530,0.0045,0.00129,0.1934,0.4346,0.3721,0.7492,0.0042,0.00344,0.6162,0.2424,0.1414,0.6119,0.0044,0.00498
865,3543040,2,1.000,2000.0,1.00,0.00,-0.0045,0.0064,0.6559,0.00363,0.00328,0.0330,0.6460,0.00049,2,0.2090,0.4722,0.3188,0.7027,0.0060,0.00228,0.2834,0.2671,0.4495,0.4726,0.0061,0.00193,0.2014,0.4546,0.3440,0.8207,0.0063,0.00410,0.5693,0.2690,0.1616,0.6278,0.0072,0.00480
866,3547136,2,0.500,2000.0,0.50,0.00,-0.0027,0.0065,0.6032,0.00362,0.00248,0.0192,0.2750,0.00024,2,0.1887,0.4534,0.3579,0.6547,0.0065,0.00273,0.2959,0.2461,0.4580,0.4005,0.0063,0.00122,0.1841,0.4302,0.3857,0.7719,0.0066,0.00230,0.6257,0.2302,0.1440,0.5859,0.0065,0.00368
867,3551232,2,0.000,2000.0,0.00,0.00,-0.0028,0.0005,0.5356,0.00361,0.00335,0.0347,0.5341,0.00000,2,0.1790,0.4236,0.3975,0.5474,0.0004,0.00415,0.2700,0.2363,0.4937,0.2915,0.0005,0.00153,0.1750,0.4202,0.4048,0.7389,0.0005,0.00449,0.6296,0.2322,0.1382,0.5647,0.0006,0.00322
868,3555328,2,1.000,2000.0,1.00,0.00,-0.0033,0.0107,0.6073,0.00360,0.00340,0.0370,0.3124,0.00049,2,0.2180,0.4346,0.3474,0.6309,0.0107,0.00339,0.3005,0.2222,0.4773,0.3945,0.0103,0.00231,0.1631,0.4165,0.4204,0.8345,0.0114,0.00444,0.6326,0.2334,0.1340,0.5694,0.0103,0.00347
869,3559424,2,0.500,2000.0,0.50,0.00,-0.0023,0.0053,0.5474,0.00360,0.00247,0.0203,0.4794,0.00024,2,0.1936,0.4080,0.3984,0.5927,0.0055,0.00220,0.2834,0.2036,0.5129,0.3183,0.0053,0.00161,0.1514,0.3848,0.4639,0.7549,0.0055,0.00491,0.6870,0.1938,0.1191,0.5238,0.0051,0.00116
870,3563520,2,0.000,2000.0,0.00,0.00,-0.0037,0.0006,0.5622,0.00359,0.00287,0.0254,0.4262,0.00000,2,0.1758,0.4509,0.3733,0.5784,0.0006,0.00230,0.2988,0.2312,0.4700,0.3761,0.0007,0.00222,0.1714,0.4055,0.4231,0.7276,0.0005,0.00435,0.6492,0.2354,0.1155,0.5667,0.0005,0.00260
871,3567616,2,0.500,2000.0,0.50,0.00,-0.0047,0.0060,0.5543,0.00358,0.00474,0.0628,0.2654,0.00024,2,0.1716,0.4458,0.3826,0.5731,0.0066,0.00545,0.2700,0.2336,0.4963,0.3137,0.0066,0.00235,0.1560,0.4019,0.4421,0.7651,0.0054,0.00844,0.6199,0.2451,0.1350,0.5655,0.0054,0.00270
872,3571712,2,0.000,2000.0,0.00,0.00,-0.0034,0.0003,0.5652,0.00357,0.00305,0.0239,-0.2805,0.00000,2,0.1475,0.4670,0.3855,0.5243,0.0003,0.00227,0.2629,0.2822,0.4548,0.3665,0.0003,0.00270,0.1699,0.4204,0.4097,0.7910,0.0002,0.00255,0.6038,0.2598,0.1365,0.5788,0.0003,0.00466
873,3575808,2,0.500,2000.0,0.50,0.00,-0.0041,0.0097,0.5425,0.00357,0.00351,0.0463,0.3912,0.00049,2,0.1418,0.4736,0.3845,0.5363,0.0106,0.00362,0.2588,0.2759,0.4653,0.3421,0.0104,0.00130,0.1572,0.4209,0.4219,0.7572,0.0089,0.00554,0.6465,0.2400,0.1135,0.5346,0.0088,0.00357
874,3579904,2,1.000,2000.0,1.00,0.00,-0.0027,0.0068,0.5171,0.00356,0.00250,0.0237,0.2069,0.00024,2,0.1360,0.4578,0.4062,0.5490,0.0074,0.00133,0.2368,0.2422,0.5210,0.3127,0.0070,0.00281,0.1484,0.3835,0.4680,0.6878,0.0062,0.00229,0.6658,0.2383,0.0959,0.5189,0.0065,0.00356
875,3584000,2,1.000,2000.0,1.00,0.00,-0.0029,0.0165,0.6273,0.00355,0.00346,0.0359,0.2853,0.00073,2,0.1731,0.4417,0.3853,0.6945,0.0172,0.00229,0.3064,0.2366,0.4570,0.4755,0.0156,0.00303,0.1719,0.3972,0.4309,0.7705,0.0167,0.00509,0.6599,0.2415,0.0986,0.5687,0.0163,0.00343
876,3588096,2,0.500,2000.0,0.50,0.00,-0.0028,0.0005,0.5366,0.00355,0.00268,0.0267,0.1654,0.00000,2,0.1533,0.4539,0.3928,0.5649,0.0005,0.00250,0.2554,0.2490,0.4956,0.3116,0.0005,0.00089,0.1704,0.4028,0.4268,0.7166,0.0005,0.00482,0.6497,0.2510,0.0994,0.5534,0.0004,0.00252
877,3592192,2,0.000,2000.0,0.00,0.00,-0.0043,0.0002,0.5356,0.00354,0.00318,0.0392,0.3478,0.00000,2,0.1526,0.4463,0.4011,0.5192,0.0003,0.00190,0.2495,0.2495,0.5010,0.3193,0.0002,0.00289,0.1606,0.4153,0.4241,0.7330,0.0002,0.00281,0.6294,0.2639,0.1067,0.5707,0.0002,0.00510
878,3596288,2,1.000,2000.0,1.00,0.00,-0.0036,0.0087,0.5120,0.00353,0.00343,0.0473,0.4333,0.00049,2,0.1321,0.4561,0.4119,0.5248,0.0092,0.00563,0.2502,0.2393,0.5105,0.2877,0.0084,0.00202,0.1355,0.3979,0.4666,0.6608,0.0086,0.00261,0.6692,0.2188,0.1121,0.5746,0.0085,0.00346
879,3600384,2,0.000,2000.0,0.00,0.00,-0.0057,0.0002,0.5983,0.00352,0.00500,0.0651,-0.4575,0.00000,2,0.1638,0.4534,0.3828,0.6150,0.0003,0.00450,0.2971,0.2200,0.4829,0.4171,0.0003,0.00268,0.1768,0.3823,0.4409,0.7608,0.0002,0.00828,0.6155,0.2566,0.1279,0.6003,0.0002,0.00452
880,3604480,2,0.000,2000.0,0.00,0.00,-0.0049,0.0003,0.6481,0.00352,0.00456,0.0495,0.1192,0.00000,2,0.1833,0.4363,0.3804,0.6741,0.0003,0.00511,0.3110,0.2312,0.4578,0.4896,0.0003,0.00457,0.1506,0.3948,0.4546,0.8076,0.0002,0.00484,0.6023,0.2573,0.1404,0.6213,0.0002,0.00372
881,3608576,2,0.500,2000.0,0.50,0.00,-0.0035,0.0053,0.6726,0.00351,0.00389,0.0458,0.3369,0.00024,2,0.1963,0.4348,0.3689,0.7526,0.0054,0.00619,0.3474,0.1987,0.4539,0.4656,0.0051,0.00300,0.1265,0.4041,0.4695,0.8299,0.0055,0.00394,0.6133,0.2241,0.1626,0.6422,0.0051,0.00244
882,3612672,2,0.000,2000.0,0.00,0.00,-0.0030,0.0003,0.5478,0.00350,0.00341,0.0428,-0.3288,0.00000,2,0.1426,0.4238,0.4336,0.5912,0.0003,0.00429,0.2664,0.2163,0.5173,0.2941,0.0003,0.00198,0.1213,0.3845,0.4941,0.6649,0.0003,0.00183,0.6138,0.2278,0.1584,0.6409,0.0003,0.00554
883,3616768,3,0.000,2000.0,0.00,0.00,-0.0032,0.0001,0.5025,0.00349,0.00253,0.0236,-1.2602,0.00000,3,0.1096,0.4724,0.4180,0.4441,0.0001,0.00283,0.2502,0.2549,0.4949,0.2467,0.0001,0.00195,0.1387,0.4045,0.4568,0.6859,0.0002,0.00336,0.5645,0.2698,0.1658,0.6333,0.0001,0.00197
884,3620864,2,0.000,2000.0,0.00,0.00,-0.0034,0.0002,0.6041,0.00349,0.00338,0.0373,-0.0562,0.00000,2,0.1526,0.4590,0.3884,0.5762,0.0002,0.00228,0.2959,0.2378,0.4663,0.3870,0.0002,0.00279,0.1863,0.3875,0.4263,0.7834,0.0001,0.00485,0.5469,0.2849,0.1682,0.6697,0.0002,0.00362
885,3624960,2,1.500,2000.0,1.50,0.00,-0.0030,0.0130,0.5716,0.00348,0.00273,0.0260,0.4542,0.00073,2,0.1445,0.4573,0.3982,0.5370,0.0136,0.00268,0.2615,0.2590,0.4795,0.3351,0.0128,0.00102,0.1953,0.3835,0.4211,0.7384,0.0131,0.00549,0.4863,0.2927,0.2209,0.6757,0.0126,0.00173
886,3629056,2,1.000,2000.0,1.00,0.00,-0.0042,0.0095,0.5993,0.00347,0.00316,0.0330,0.4558,0.00049,2,0.1458,0.4565,0.3977,0.5851,0.0103,0.00181,0.2966,0.2212,0.4822,0.3684,0.0088,0.00254,0.1750,0.3813,0.4436,0.7808,0.0094,0.00494,0.5134,0.2783,0.2083,0.6627,0.0094,0.00333
887,3633152,2,0.500,2000.0,0.50,0.00,-0.0031,0.0044,0.6769,0.00346,0.00238,0.0170,0.5500,0.00024,2,0.2153,0.4473,0.3374,0.6758,0.0050,0.00197,0.3423,0.2344,0.4233,0.5191,0.0043,0.00155,0.2356,0.3640,0.4004,0.8017,0.0040,0.00371,0.4934,0.3064,0.2002,0.7110,0.0044,0.00230
888,3637248,2,0.000,2000.0,0.00,0.00,-0.0036,0.0009,0.6297,0.00346,0.00465,0.0487,0.6372,0.00000,2,0.1919,0.4199,0.3882,0.6194,0.0008,0.00522,0.2896,0.2483,0.4622,0.4299,0.0011,0.00304,0.2126,0.3779,0.4094,0.7919,0.0009,0.00468,0.4663,0.3125,0.2212,0.6777,0.0008,0.00565
889,3641344,2,1.000,2000.0,1.00,0.00,-0.0029,0.0074,0.6342,0.00345,0.00339,0.0369,0.5436,0.00049,2,0.1860,0.4314,0.3826,0.6841,0.0074,0.00533,0.3020,0.2141,0.4839,0.4108,0.0079,0.00310,0.1895,0.3533,0.4573,0.7511,0.0071,0.00235,0.4167,0.3362,0.2471,0.6907,0.0071,0.00278
890,3645440,2,3.000,2000.0,3.00,0.00,-0.0037,0.0280,0.6476,0.00344,0.00333,0.0375,0.3936,0.00171,2,0.2151,0.4226,0.3623,0.6661,0.0281,0.00337,0.3276,0.1824,0.4900,0.4231,0.0273,0.00341,0.2017,0.3447,0.4536,0.7821,0.0279,0.00311,0.4651,0.3062,0.2288,0.7190,0.0287,0.00344
891,3649536,2,0.500,2000.0,0.50,0.00,-0.0034,0.0068,0.5515,0.00343,0.00327,0.0344,0.2899,0.00024,2,0.1733,0.4224,0.4043,0.5379,0.0051,0.00288,0.2734,0.2173,0.5093,0.2634,0.0067,0.00213,0.1899,0.3599,0.4502,0.7332,0.0078,0.00335,0.4448,0.3064,0.2488,0.6713,0.0077,0.00469
892,3653632,2,0.500,2000.0,0.50,0.00,-0.0032,0.0006,0.5548,0.00343,0.00264,0.0278,0.0205,0.00000,2,0.1692,0.4263,0.4045,0.5583,0.0008,0.00338,0.2764,0.2405,0.4832,0.2913,0.0006,0.00108,0.2139,0.3599,0.4263,0.7267,0.0007,0.00461,0.4709,0.3079,0.2212,0.6427,0.0005,0.00151
893,3657728,2,0.000,2000.0,0.00,0.00,-0.0037,0.0004,0.5318,0.00342,0.00298,0.0281,-0.4923,0.00000,2,0.1614,0.4136,0.4250,0.5398,0.0005,0.00274,0.2749,0.2366,0.4885,0.2547,0.0004,0.00089,0.2261,0.3513,0.4226,0.6957,0.0004,0.00534,0.5039,0.2712,0.2249,0.6371,0.0003,0.00296
894,3661824,2,0.500,2000.0,0.50,0.00,-0.0032,0.0063,0.5254,0.00341,0.00408,0.0516,0.2311,0.00024,2,0.1453,0.4329,0.4219,0.4981,0.0069,0.00380,0.2446,0.2517,0.5037,0.2465,0.0068,0.00163,0.2424,0.3374,0.4202,0.7109,0.0059,0.00698,0.4707,0.3135,0.2158,0.6462,0.0056,0.00390
895,3665920,2,0.500,2000.0,0.50,0.00,-0.0026,0.0033,0.6626,0.00340,0.00364,0.0342,0.6305,0.00024,2,0.2485,0.3562,0.3953,0.6801,0.0043,0.00655,0.3962,0.1587,0.4451,0.4266,0.0034,0.00219,0.2329,0.3442,0.4229,0.8163,0.0029,0.00226,0.4785,0.2725,0.2490,0.7276,0.0025,0.00354
896,3670016,2,0.000,2000.0,0.00,0.00,-0.0027,0.0050,0.5547,0.00340,0.00278,0.0333,0.4767,0.00024,2,0.1665,0.4292,0.4043,0.5393,0.0055,0.00228,0.2639,0.2361,0.5000,0.2632,0.0053,0.00111,0.2371,0.3459,0.4170,0.7695,0.0047,0.00495,0.4287,0.3250,0.2463,0.6467,0.0042,0.00278
897,3674112,2,0.000,2000.0,0.50,0.50,-0.0028,0.0072,0.6289,0.00339,0.00309,0.0353,0.4954,0.00049,2,0.2104,0.4238,0.3657,0.5878,0.0069,0.00110,0.3523,0.2153,0.4324,0.3801,0.0069,0.00286,0.2278,0.3770,0.3953,0.8302,0.0080,0.00334,0.4731,0.2964,0.2305,0.7176,0.0071,0.00507
898,3678208,2,1.000,2000.0,1.50,0.50,-0.0042,0.0271,0.7017,0.00338,0.00510,0.0552,0.3239,0.00122,2,0.2654,0.4146,0.3201,0.7085,0.0276,0.00499,0.3977,0.1956,0.4067,0.5192,0.0272,0.00453,0.2620,0.3662,0.3718,0.8724,0.0273,0.00455,0.4614,0.3079,0.2307,0.7068,0.0263,0.00634
899,3682304,2,1.500,2000.0,1.50,0.00,-0.0033,0.0062,0.6203,0.00338,0.00311,0.0330,0.4558,0.00024,2,0.2390,0.4077,0.3533,0.6090,0.0066,0.00265,0.3154,0.2144,0.4702,0.3821,0.0067,0.00253,0.2551,0.3547,0.3901,0.8011,0.0056,0.00388,0.4624,0.3120,0.2256,0.6889,0.0057,0.00336
900,3686400,2,0.000,2000.0,0.50,0.50,-0.0040,0.0133,0.6617,0.00337,0.00359,0.0388,0.2596,0.00049,2,0.2539,0.4055,0.3406,0.5924,0.0116,0.00256,0.3257,0.2351,0.4392,0.4703,0.0123,0.00216,0.3037,0.3538,0.3425,0.8607,0.0149,0.00379,0.4863,0.2954,0.2183,0.7236,0.0142,0.00586
901,3690496,2,0.000,2000.0,0.00,0.00,-0.0048,0.0005,0.5914,0.00336,0.00309,0.0353,0.3095,0.00000,2,0.1843,0.4214,0.3943,0.4821,0.0006,0.00140,0.2834,0.2559,0.4607,0.3443,0.0007,0.00178,0.2820,0.3533,0.3647,0.8507,0.0006,0.00400,0.5059,0.2825,0.2117,0.6883,0.0004,0.00518
902,3694592,2,0.000,2000.0,0.00,0.00,-0.0047,0.0069,0.6098,0.00335,0.00423,0.0431,0.2557,0.00024,2,0.2239,0.3789,0.3972,0.5546,0.0066,0.00427,0.3010,0.2190,0.4800,0.3580,0.0064,0.00183,0.2966,0.3323,0.3711,0.8410,0.0075,0.00533,0.5044,0.2739,0.2217,0.6855,0.0072,0.00550
903,3698688,2,0.000,2000.0,0.50,0.50,-0.0040,0.0073,0.5797,0.00335,0.00393,0.0411,0.5624,0.00049,2,0.1685,0.4153,0.4163,0.5124,0.0077,0.00206,0.2708,0.2368,0.4924,0.3076,0.0077,0.00205,0.2751,0.3677,0.3572,0.8587,0.0068,0.00617,0.5190,0.2732,0.2078,0.6402,0.0071,0.00544
904,3702784,3,0.667,2000.0,0.67,0.00,-0.0028,0.0040,0.5723,0.00334,0.00278,0.0244,0.6322,0.00024,3,0.1733,0.4275,0.3992,0.4837,0.0044,0.00322,0.2761,0.2478,0.4761,0.3092,0.0041,0.00182,0.3074,0.3494,0.3433,0.8391,0.0034,0.00235,0.5422,0.2703,0.1875,0.6572,0.0039,0.00372
905,3706880,2,1.500,2000.0,1.50,0.00,-0.0025,0.0104,0.6457,0.00333,0.00364,0.0345,0.5879,0.00073,2,0.2219,0.4094,0.3687,0.5901,0.0105,0.00274,0.3228,0.2380,0.4392,0.4586,0.0105,0.00251,0.2969,0.3582,0.3450,0.8422,0.0104,0.00577,0.5347,0.2854,0.1799,0.6918,0.0101,0.00354
906,3710976,2,1.000,2000.0,1.00,0.00,-0.0035,0.0115,0.6592,0.00332,0.00437,0.0512,0.4073,0.00049,2,0.2117,0.3948,0.3936,0.6169,0.0114,0.00335,0.3298,0.1941,0.4761,0.4600,0.0116,0.00530,0.2676,0.3474,0.3850,0.8780,0.0114,0.00640,0.5735,0.2505,0.1760,0.6817,0.0117,0.00241
907,3715072,2,0.500,2000.0,0.50,0.00,-0.0024,0.0065,0.5828,0.00332,0.00250,0.0205,0.4650,0.00024,2,0.1748,0.4260,0.3992,0.5104,0.0069,0.00191,0.2708,0.2346,0.4946,0.3064,0.0064,0.00166,0.2705,0.3689,0.3606,0.8465,0.0066,0.00253,0.5459,0.2686,0.1855,0.6678,0.0062,0.00390
908,3719168,2,0.500,2000.0,0.50,0.00,-0.0026,0.0056,0.6136,0.00331,0.00305,0.0328,0.4557,0.00024,2,0.1667,0.4192,0.4141,0.5397,0.0064,0.00188,0.2888,0.2517,0.4595,0.3479,0.0057,0.00136,0.2573,0.3899,0.3528,0.8664,0.0051,0.00587,0.5500,0.2749,0.1750,0.7006,0.0054,0.00311
909,3723264,2,1.500,2000.0,1.50,0.00,-0.0048,0.0196,0.6402,0.00330,0.00343,0.0291,0.3270,0.00098,2,0.2002,0.4443,0.3555,0.5631,0.0203,0.00160,0.3145,0.2366,0.4490,0.4463,0.0197,0.00332,0.2854,0.3623,0.3523,0.8563,0.0196,0.00521,0.5120,0.2986,0.1895,0.6949,0.0189,0.00359
910,3727360,2,0.500,2000.0,1.00,0.50,-0.0032,0.0102,0.6728,0.00329,0.00447,0.0442,0.4659,0.00049,2,0.2339,0.4167,0.3494,0.6140,0.0107,0.00399,0.3259,0.2278,0.4463,0.5036,0.0097,0.00450,0.2407,0.4006,0.3586,0.8708,0.0102,0.00598,0.5422,0.2605,0.1973,0.7027,0.0103,0.00341
911,3731456,2,0.500,2000.0,0.50,0.00,-0.0029,0.0061,0.6393,0.00329,0.00277,0.0297,0.5607,0.00024,2,0.1880,0.4275,0.3845,0.5673,0.0059,0.00244,0.2932,0.2322,0.4746,0.4438,0.0059,0.00156,0.2268,0.3984,0.3748,0.8565,0.0062,0.00375,0.5667,0.2595,0.1738,0.6895,0.0062,0.00332
912,3735552,2,0.500,2000.0,1.00,0.50,-0.0053,0.0184,0.6355,0.00328,0.00622,0.0791,0.5210,0.00098,2,0.2268,0.3911,0.3821,0.5924,0.0187,0.00485,0.2969,0.2339,0.4692,0.4337,0.0180,0.00387,0.2161,0.4053,0.3787,0.8487,0.0183,0.00643,0.5847,0.2190,0.1963,0.6675,0.0186,0.00971
913,3739648,2,0.000,2000.0,0.50,0.50,-0.0038,0.0028,0.6261,0.00327,0.00349,0.0368,0.7757,0.00024,2,0.2327,0.3884,0.3789,0.5944,0.0030,0.00246,0.2791,0.2236,0.4973,0.4199,0.0028,0.00277,0.2412,0.3716,0.3872,0.8187,0.0027,0.00506,0.5630,0.2554,0.1816,0.6715,0.0027,0.00368
914,3743744,2,1.000,2000.0,1.00,0.00,-0.0046,0.0049,0.6462,0.00326,0.00400,0.0381,0.8388,0.00073,2,0.2490,0.3857,0.3652,0.6138,0.0054,0.00372,0.2944,0.2219,0.4836,0.4656,0.0051,0.00270,0.2607,0.3713,0.3679,0.8073,0.0047,0.00394,0.5500,0.2585,0.1914,0.6983,0.0045,0.00565
915,3747840,2,0.500,2000.0,0.50,0.00,-0.0040,0.0019,0.6057,0.00326,0.00397,0.0421,0.8752,0.00000,2,0.1855,0.4258,0.3887,0.5468,0.0021,0.00500,0.2761,0.2515,0.4724,0.4139,0.0020,0.00101,0.2671,0.3938,0.3391,0.7632,0.0018,0.00642,0.5701,0.2605,0.1694,0.6991,0.0018,0.00344
916,3751936,2,0.500,2000.0,0.50,0.00,-0.0040,0.0025,0.5860,0.00325,0.00444,0.0446,0.7914,0.00024,2,0.1694,0.4026,0.4280,0.5760,0.0028,0.00453,0.2756,0.2051,0.5193,0.3286,0.0027,0.00263,0.1943,0.3909,0.4148,0.7776,0.0021,0.00600,0.5947,0.2241,0.1812,0.6619,0.0023,0.00461
917,3756032,2,1.000,2000.0,1.00,0.00,-0.0033,0.0086,0.6033,0.00324,0.00275,0.0209,0.6791,0.00073,2,0.1892,0.4194,0.3914,0.5653,0.0088,0.00202,0.2876,0.2510,0.4614,0.4178,0.0088,0.00085,0.2290,0.4238,0.3472,0.7806,0.0086,0.00371,0.5852,0.2336,0.1812,0.6496,0.0081,0.00441
918,3760128,2,0.500,2000.0,0.50,0.00,-0.0026,0.0041,0.5258,0.00324,0.00247,0.0233,0.7101,0.00024,2,0.1355,0.4429,0.4216,0.5165,0.0047,0.00202,0.2625,0.2483,0.4893,0.2734,0.0044,0.00150,0.1973,0.4187,0.3840,0.7135,0.0038,0.00350,0.6304,0.2227,0.1470,0.6001,0.0038,0.00287
919,3764224,2,0.500,2000.0,0.50,0.00,-0.0026,0.0004,0.5573,0.00323,0.00287,0.0284,0.8258,0.00000,2,0.1812,0.4224,0.3965,0.5702,0.0004,0.00328,0.3105,0.2021,0.4873,0.3001,0.0004,0.00132,0.2180,0.3901,0.3918,0.7412,0.0004,0.00405,0.6272,0.2236,0.1492,0.6177,0.0004,0.00284
920,3768320,2,-0.500,2000.0,0.00,0.50,-0.0036,0.0110,0.5894,0.00322,0.00392,0.0441,0.3759,0.00049,2,0.1838,0.4253,0.3909,0.5799,0.0109,0.00192,0.2939,0.2388,0.4673,0.3995,0.0104,0.00645,0.2056,0.4141,0.3804,0.7629,0.0112,0.00374,0.6433,0.2144,0.1423,0.6153,0.0114,0.00359
921,3772416,2,1.000,2000.0,1.00,0.00,-0.0024,0.0055,0.6427,0.00321,0.00317,0.0365,0.4699,0.00024,2,0.1851,0.4441,0.3708,0.6466,0.0054,0.00408,0.2830,0.2393,0.4778,0.4849,0.0057,0.00220,0.2278,0.4089,0.3633,0.7869,0.0056,0.00383,0.6482,0.2100,0.1418,0.6525,0.0054,0.00259
922,3776512,2,0.500,2000.0,0.50,0.00,-0.0019,0.0086,0.6536,0.00321,0.00300,0.0275,0.5181,0.00049,2,0.2192,0.4182,0.3625,0.6509,0.0091,0.00123,0.2808,0.2412,0.4780,0.4836,0.0086,0.00338,0.2144,0.4106,0.3750,0.8082,0.0083,0.00406,0.6367,0.2021,0.1611,0.6715,0.0083,0.00334
923,3780608,2,0.500,2000.0,0.50,0.00,-0.0034,0.0005,0.5542,0.00320,0.00282,0.0237,0.6788,0.00000,2,0.1709,0.4277,0.4014,0.5024,0.0005,0.00247,0.2700,0.2368,0.4932,0.3004,0.0007,0.00195,0.1934,0.4124,0.3943,0.7411,0.0006,0.00302,0.6245,0.2168,0.1587,0.6731,0.0004,0.00382
924,3784704,2,0.500,2000.0,0.50,0.00,-0.0045,0.0055,0.6155,0.00319,0.00440,0.0367,0.3320,0.00024,2,0.1833,0.4329,0.3838,0.5490,0.0055,0.00536,0.2654,0.2573,0.4773,0.4063,0.0056,0.00555,0.2070,0.4187,0.3743,0.7894,0.0056,0.00313,0.5789,0.2380,0.1831,0.7174,0.0053,0.00356
925,3788800,3,0.333,2000.0,0.33,0.00,-0.0027,0.0061,0.6100,0.00318,0.00271,0.0302,0.2646,0.00024,3,0.1975,0.4243,0.3782,0.5644,0.0060,0.00246,0.2498,0.2422,0.5081,0.3884,0.0062,0.00465,0.2341,0.3884,0.3774,0.7717,0.0060,0.00150,0.5652,0.2537,0.1812,0.7154,0.0060,0.00223
926,3792896,2,1.000,2000.0,1.00,0.00,-0.0032,0.0104,0.5979,0.00318,0.00367,0.0441,0.3738,0.00049,2,0.2046,0.4153,0.3801,0.5464,0.0109,0.00505,0.2751,0.2390,0.4858,0.3457,0.0107,0.00359,0.1953,0.4023,0.4023,0.7734,0.0105,0.00245,0.5518,0.2639,0.1843,0.7259,0.0094,0.00360
927,3796992,2,1.000,2000.0,1.00,0.00,-0.0027,0.0079,0.5943,0.00317,0.00310,0.0273,0.5422,0.00049,2,0.1843,0.4360,0.3796,0.5668,0.0086,0.00381,0.2712,0.2251,0.5037,0.3340,0.0088,0.00074,0.2068,0.4080,0.3853,0.7752,0.0072,0.00339,0.5481,0.2532,0.1987,0.7013,0.0071,0.00446
928,3801088,2,-0.500,2000.0,0.00,0.50,-0.0042,0.0074,0.6064,0.00316,0.00365,0.0413,0.4046,0.00024,2,0.2063,0.4324,0.3613,0.5580,0.0071,0.00277,0.2456,0.2710,0.4834,0.4163,0.0066,0.00394,0.2200,0.4189,0.3611,0.7609,0.0083,0.00523,0.6003,0.2375,0.1621,0.6903,0.0076,0.00267
929,3805184,2,1.000,2000.0,1.00,0.00,-0.0040,0.0056,0.6533,0.00315,0.00404,0.0482,0.7178,0.00049,2,0.2573,0.3687,0.3740,0.6628,0.0060,0.00593,0.2654,0.1589,0.5757,0.4621,0.0058,0.00137,0.1660,0.3855,0.4485,0.7926,0.0055,0.00387,0.5967,0.2036,0.1997,0.6956,0.0050,0.00497
930,3809280,2,0.500,2000.0,0.50,0.00,-0.0025,0.0039,0.6060,0.00315,0.00219,0.0150,0.7257,0.00024,2,0.1946,0.4368,0.3687,0.5634,0.0043,0.00156,0.2385,0.2473,0.5142,0.3984,0.0040,0.00156,0.1904,0.4114,0.3982,0.7317,0.0035,0.00364,0.5598,0.2463,0.1938,0.7304,0.0038,0.00199
931,3813376,2,0.500,2000.0,0.50,0.00,-0.0034,0.0027,0.6137,0.00314,0.00335,0.0302,0.7917,0.00024,2,0.2109,0.4272,0.3618,0.6095,0.0032,0.00497,0.2808,0.2207,0.4985,0.4011,0.0027,0.00239,0.1936,0.3943,0.4121,0.7326,0.0024,0.00252,0.5903,0.2371,0.1726,0.7118,0.0025,0.00350
932,3817472,2,-0.500,2000.0,0.00,0.50,-0.0028,0.0054,0.5788,0.00313,0.00192,0.0153,0.6380,0.00024,2,0.1646,0.4246,0.4109,0.5554,0.0043,0.00221,0.2314,0.2317,0.5369,0.3353,0.0047,0.00092,0.1616,0.4180,0.4204,0.7014,0.0067,0.00266,0.5583,0.2493,0.1924,0.7233,0.0057,0.00189
933,3821568,2,0.000,2000.0,0.50,0.50,-0.0028,0.0099,0.5267,0.00312,0.00284,0.0234,0.5087,0.00049,2,0.1641,0.4385,0.3975,0.4650,0.0096,0.00293,0.2356,0.2405,0.5239,0.2437,0.0098,0.00117,0.1780,0.4131,0.4089,0.7103,0.0101,0.00332,0.5161,0.2844,0.1995,0.6878,0.0100,0.00394
934,3825664,2,1.000,2000.0,1.00,0.00,-0.0036,0.0069,0.5485,0.00312,0.00297,0.0256,0.6200,0.00049,2,0.1738,0.4333,0.3928,0.5297,0.0076,0.00217,0.2441,0.2532,0.5027,0.3062,0.0073,0.00217,0.1953,0.4285,0.3762,0.6603,0.0064,0.00328,0.5510,0.2639,0.1851,0.6978,0.0062,0.00428
935,3829760,2,0.500,2000.0,0.50,0.00,-0.0031,0.0097,0.5507,0.00311,0.00291,0.0323,0.4713,0.00049,2,0.1482,0.4480,0.4038,0.4725,0.0106,0.00278,0.2078,0.2742,0.5181,0.3192,0.0102,0.00226,0.1934,0.4163,0.3904,0.7112,0.0094,0.00129,0.5718,0.2515,0.1768,0.7001,0.0088,0.00530
936,3833856,2,0.500,2000.0,0.50,0.00,-0.0036,0.0006,0.5420,0.00310,0.00353,0.0331,0.5831,0.00000,2,0.1633,0.4463,0.3904,0.5133,0.0005,0.00298,0.2268,0.2407,0.5325,0.3119,0.0006,0.00242,0.1890,0.4084,0.4026,0.6715,0.0007,0.00477,0.5398,0.2683,0.1919,0.6711,0.0005,0.00393
937,3837952,2,-0.500,2000.0,0.00,0.50,-0.0021,0.0031,0.6870,0.00310,0.00431,0.0463,0.3613,0.00024,2,0.2588,0.3862,0.3550,0.6807,0.0023,0.00286,0.2693,0.2126,0.5181,0.5644,0.0019,0.00504,0.1838,0.3914,0.4248,0.8378,0.0043,0.00286,0.5483,0.2356,0.2161,0.6650,0.0039,0.00648
938,3842048,2,0.000,2000.0,0.50,0.50,-0.0053,0.0123,0.6246,0.00309,0.00609,0.0913,0.2526,0.00049,2,0.2026,0.4148,0.3826,0.5853,0.0128,0.00658,0.2615,0.2419,0.4966,0.4713,0.0110,0.00677,0.1919,0.4138,0.3943,0.7784,0.0134,0.00764,0.5842,0.2285,0.1873,0.6635,0.0122,0.00339
939,3846144,2,0.000,2000.0,0.00,0.00,-0.0031,0.0003,0.5555,0.00308,0.00248,0.0240,0.0991,0.00000,2,0.1611,0.4316,0.4072,0.5328,0.0003,0.00226,0.2302,0.2449,0.5249,0.3132,0.0003,0.00171,0.1829,0.4109,0.4062,0.7178,0.0003,0.00331,0.6006,0.2349,0.1646,0.6582,0.0003,0.00263
940,3850240,2,0.000,2000.0,0.00,0.00,-0.0036,0.0002,0.6412,0.00307,0.00314,0.0276,0.3251,0.00000,2,0.1882,0.5051,0.3066,0.5790,0.0002,0.00240,0.2542,0.2859,0.4600,0.5362,0.0002,0.00251,0.2397,0.4700,0.2903,0.7555,0.0002,0.00418,0.5669,0.2544,0.1787,0.6943,0.0002,0.00347
941,3854336,2,0.500,2000.0,0.50,0.00,-0.0023,0.0073,0.5893,0.00307,0.00246,0.0243,0.5531,0.00049,2,0.1653,0.4680,0.3667,0.5378,0.0083,0.00311,0.2415,0.2783,0.4802,0.4135,0.0078,0.00329,0.2266,0.4229,0.3506,0.7554,0.0064,0.00207,0.6423,0.2122,0.1455,0.6506,0.0065,0.00138
942,3858432,2,1.000,2000.0,1.00,0.00,-0.0041,0.0057,0.6163,0.00306,0.00475,0.0579,0.3695,0.00024,2,0.2197,0.3787,0.4016,0.6753,0.0057,0.00533,0.2385,0.1731,0.5884,0.3789,0.0057,0.00372,0.1780,0.4004,0.4216,0.7687,0.0057,0.00317,0.6179,0.1926,0.1895,0.6423,0.0056,0.00676
943,3862528,2,-0.500,2000.0,0.00,0.50,-0.0034,0.0070,0.5492,0.00305,0.00342,0.0378,0.3432,0.00024,2,0.1526,0.4673,0.3801,0.5278,0.0061,0.00263,0.2136,0.2671,0.5193,0.3291,0.0067,0.00321,0.2117,0.4224,0.3660,0.6927,0.0075,0.00435,0.5811,0.2527,0.1663,0.6473,0.0076,0.00347
944,3866624,2,0.000,2000.0,0.00,0.00,-0.0040,0.0003,0.5154,0.00304,0.00355,0.0466,0.7561,0.00000,2,0.1426,0.4243,0.4331,0.4979,0.0003,0.00309,0.2021,0.2471,0.5508,0.2625,0.0003,0.00138,0.1580,0.4314,0.4106,0.6687,0.0004,0.00537,0.6235,0.2183,0.1582,0.6325,0.0003,0.00438
945,3870720,3,0.000,2000.0,0.00,0.00,-0.0029,0.0002,0.4741,0.00304,0.00227,0.0232,0.5601,0.00000,3,0.0947,0.4795,0.4258,0.3973,0.0002,0.00069,0.1987,0.2954,0.5059,0.2260,0.0002,0.00087,0.1423,0.4697,0.3879,0.6668,0.0003,0.00312,0.6584,0.2161,0.1255,0.6061,0.0002,0.00439
946,3874816,2,0.000,2000.0,0.00,0.00,-0.0040,0.0001,0.5539,0.00303,0.00373,0.0415,0.5593,0.00000,2,0.1785,0.4297,0.3918,0.5277,0.0001,0.00227,0.2100,0.2747,0.5154,0.3585,0.0002,0.00202,0.1802,0.4336,0.3862,0.7034,0.0002,0.00567,0.6230,0.2261,0.1509,0.6260,0.0002,0.00497
947,3878912,2,0.500,2000.0,0.50,0.00,-0.0028,0.0058,0.5886,0.00302,0.00308,0.0396,0.2890,0.00024,2,0.1909,0.4214,0.3877,0.5632,0.0060,0.00222,0.2092,0.2500,0.5408,0.3991,0.0061,0.00169,0.1538,0.4368,0.4094,0.7548,0.0057,0.00295,0.6379,0.2068,0.1553,0.6373,0.0052,0.00544
948,3883008,2,0.000,2000.0,0.50,0.50,-0.0026,0.0101,0.6128,0.00301,0.00289,0.0272,0.4477,0.00049,2,0.2129,0.4404,0.3467,0.5757,0.0096,0.00339,0.1968,0.2578,0.5454,0.4373,0.0098,0.00190,0.1926,0.4153,0.3921,0.7718,0.0111,0.00352,0.5969,0.2319,0.1711,0.6662,0.0099,0.00273
949,3887104,2,0.000,2000.0,0.00,0.00,-0.0042,0.0004,0.5813,0.00301,0.00420,0.0435,0.5734,0.00000,2,0.1665,0.4600,0.3735,0.5507,0.0004,0.00221,0.2183,0.2588,0.5229,0.3743,0.0003,0.00183,0.1785,0.4473,0.3743,0.7657,0.0004,0.00883,0.5981,0.2507,0.1511,0.6345,0.0006,0.00392
950,3891200,2,0.500,2000.0,0.50,0.00,-0.0042,0.0056,0.5428,0.00300,0.00351,0.0455,0.2877,0.00024,2,0.1492,0.4453,0.4055,0.5148,0.0060,0.00486,0.1931,0.2429,0.5640,0.2954,0.0053,0.00108,0.1479,0.4487,0.4033,0.7358,0.0062,0.00483,0.6350,0.2109,0.1541,0.6253,0.0050,0.00326
951,3895296,2,0.500,2000.0,0.50,0.00,-0.0032,0.0123,0.5899,0.00299,0.00323,0.0357,0.2244,0.00049,2,0.1665,0.4685,0.3650,0.5313,0.0130,0.00189,0.1941,0.2856,0.5203,0.4030,0.0128,0.00193,0.1868,0.4509,0.3623,0.7696,0.0117,0.00516,0.6321,0.2222,0.1458,0.6559,0.0119,0.00393
952,3899392,2,0.500,2000.0,0.50,0.00,-0.0035,0.0003,0.5743,0.00298,0.00327,0.0329,-0.4251,0.00000,2,0.1487,0.4546,0.3967,0.5339,0.0003,0.00407,0.1858,0.2561,0.5581,0.3471,0.0003,0.00357,0.1897,0.4434,0.3669,0.7716,0.0002,0.00400,0.5999,0.2354,0.1648,0.6447,0.0003,0.00146
953,3903488,2,0.500,2000.0,0.50,0.00,-0.0023,0.0053,0.5435,0.00298,0.00270,0.0307,0.3174,0.00024,2,0.1497,0.4177,0.4326,0.5156,0.0061,0.00463,0.1741,0.2378,0.5881,0.2934,0.0053,0.00093,0.1714,0.4324,0.3962,0.7306,0.0047,0.00286,0.6113,0.2273,0.1614,0.6344,0.0052,0.00239
954,3907584,2,0.000,2000.0,0.00,0.00,-0.0031,0.0002,0.5370,0.00297,0.00337,0.0356,0.5492,0.00000,2,0.1343,0.4563,0.4094,0.4440,0.0002,0.00273,0.1887,0.2803,0.5310,0.3118,0.0003,0.00151,0.1841,0.4443,0.3716,0.7436,0.0002,0.00600,0.6104,0.2427,0.1470,0.6485,0.0002,0.00323
955,3911680,2,0.500,2000.0,0.50,0.00,-0.0056,0.0108,0.5472,0.00296,0.00366,0.0474,0.3213,0.00049,2,0.1289,0.4595,0.4116,0.4410,0.0119,0.00363,0.1848,0.2788,0.5364,0.3428,0.0111,0.00172,0.1912,0.4307,0.3782,0.7593,0.0109,0.00765,0.5911,0.2524,0.1565,0.6456,0.0094,0.00164
956,3915776,2,1.000,2000.0,1.00,0.00,-0.0039,0.0069,0.5917,0.00295,0.00365,0.0489,0.2345,0.00024,2,0.1475,0.4817,0.3708,0.5394,0.0077,0.00258,0.1724,0.2952,0.5325,0.4166,0.0069,0.00189,0.2156,0.4390,0.3455,0.7609,0.0066,0.00728,0.6116,0.2290,0.1594,0.6498,0.0066,0.00286
957,3919872,2,0.000,2000.0,0.00,0.00,-0.0034,0.0002,0.4933,0.00295,0.00297,0.0284,-0.3778,0.00000,2,0.0933,0.4670,0.4397,0.3875,0.0001,0.00204,0.1799,0.2974,0.5227,0.2395,0.0002,0.00060,0.1589,0.4607,0.3804,0.6918,0.0002,0.00616,0.5884,0.2639,0.1477,0.6543,0.0002,0.00311
958,3923968,2,0.500,2000.0,0.50,0.00,-0.0027,0.0057,0.5881,0.00294,0.00303,0.0247,0.3254,0.00024,2,0.1360,0.4724,0.3916,0.5363,0.0062,0.00196,0.1436,0.2986,0.5579,0.4086,0.0058,0.00174,0.1663,0.4351,0.3987,0.7439,0.0052,0.00366,0.5640,0.2659,0.1702,0.6634,0.0055,0.00475
959,3928064,2,0.000,2000.0,0.00,0.00,-0.0039,0.0002,0.5447,0.00293,0.00463,0.0552,-0.2575,0.00000,2,0.0935,0.4727,0.4338,0.4482,0.0003,0.00258,0.1965,0.2795,0.5239,0.3023,0.0002,0.00335,0.1555,0.4473,0.3972,0.7342,0.0002,0.00568,0.5564,0.2791,0.1646,0.6942,0.0003,0.00691
960,3932160,2,0.000,2000.0,0.00,0.00,-0.0038,0.0001,0.6566,0.00293,0.00435,0.0413,0.1743,0.00000,2,0.1863,0.4360,0.3777,0.6145,0.0001,0.00396,0.1938,0.2952,0.5110,0.5535,0.0002,0.00568,0.2070,0.4080,0.3850,0.7859,0.0001,0.00500,0.4929,0.2959,0.2112,0.6726,0.0002,0.00278
961,3936256,2,0.500,2000.0,0.50,0.00,-0.0039,0.0058,0.6043,0.00292,0.00321,0.0353,0.2910,0.00024,2,0.1428,0.4380,0.4192,0.6110,0.0062,0.00302,0.2070,0.2300,0.5630,0.3746,0.0061,0.00129,0.1558,0.4114,0.4329,0.7478,0.0054,0.00429,0.5159,0.2891,0.1951,0.6838,0.0053,0.00425
962,3940352,2,0.500,2000.0,0.50,0.00,-0.0032,0.0092,0.7167,0.00291,0.00356,0.0322,0.4293,0.00049,2,0.2078,0.4329,0.3594,0.6687,0.0108,0.00378,0.2310,0.2690,0.5000,0.6317,0.0100,0.00322,0.2346,0.3948,0.3706,0.8736,0.0081,0.00445,0.5471,0.2507,0.2021,0.6930,0.0077,0.00278
963,3944448,2,1.000,2000.0,1.00,0.00,-0.0032,0.0104,0.5991,0.00290,0.00353,0.0389,0.5743,0.00073,2,0.1572,0.4407,0.4021,0.5626,0.0116,0.00382,0.2024,0.2346,0.5630,0.4061,0.0113,0.00393,0.1655,0.4084,0.4260,0.7668,0.0097,0.00292,0.5293,0.2891,0.1816,0.6611,0.0092,0.00346
964,3948544,2,1.000,2000.0,1.00,0.00,-0.0030,0.0051,0.5919,0.00290,0.00305,0.0261,0.5849,0.00024,2,0.1389,0.4360,0.4250,0.5380,0.0055,0.00251,0.1929,0.2480,0.5591,0.3903,0.0055,0.00190,0.1372,0.4048,0.4580,0.7495,0.0047,0.00278,0.5500,0.2837,0.1663,0.6896,0.0045,0.00500
965,3952640,2,0.500,2000.0,0.50,0.00,-0.0030,0.0060,0.6216,0.00289,0.00289,0.0186,0.4194,0.00024,2,0.1680,0.4375,0.3945,0.5839,0.0061,0.00218,0.2378,0.2363,0.5259,0.4238,0.0061,0.00153,0.1416,0.4392,0.4192,0.7940,0.0059,0.00598,0.5168,0.2922,0.1909,0.6847,0.0058,0.00188
966,3956736,3,0.667,2000.0,0.67,0.00,-0.0024,0.0056,0.5761,0.00288,0.00312,0.0257,0.4280,0.00024,3,0.1116,0.4790,0.4094,0.4943,0.0062,0.00421,0.2129,0.2664,0.5208,0.3332,0.0058,0.00130,0.1377,0.4238,0.4385,0.8024,0.0052,0.00315,0.5024,0.3093,0.1882,0.6747,0.0050,0.00383
967,3960832,2,0.000,2000.0,0.00,0.00,-0.0040,0.0002,0.5144,0.00287,0.00358,0.0394,0.6960,0.00000,2,0.0977,0.4648,0.4375,0.4106,0.0003,0.00231,0.1958,0.2876,0.5166,0.2480,0.0002,0.00168,0.1162,0.4385,0.4453,0.7278,0.0002,0.00736,0.5691,0.2805,0.1504,0.6713,0.0003,0.00298
968,3964928,2,0.000,2000.0,0.00,0.00,-0.0044,0.0002,0.5478,0.00287,0.00438,0.0562,0.7353,0.00000,2,0.1128,0.4556,0.4316,0.4876,0.0002,0.00326,0.1941,0.2925,0.5134,0.3019,0.0001,0.00290,0.1082,0.4326,0.4592,0.7427,0.0002,0.00471,0.5234,0.2974,0.1792,0.6591,0.0001,0.00665
969,3969024,2,0.500,2000.0,0.50,0.00,-0.0034,0.0048,0.5710,0.00286,0.00303,0.0343,0.4221,0.00024,2,0.1238,0.4817,0.3945,0.4670,0.0055,0.00227,0.2029,0.2952,0.5020,0.3461,0.0053,0.00103,0.1306,0.4351,0.4343,0.7697,0.0042,0.00519,0.5073,0.3345,0.1582,0.7013,0.0042,0.00363
970,3973120,2,0.000,2000.0,0.00,0.00,-0.0044,0.0002,0.6047,0.00285,0.00608,0.0583,0.7327,0.00000,2,0.1394,0.4451,0.4155,0.5818,0.0002,0.01152,0.2009,0.2659,0.5332,0.3704,0.0001,0.00262,0.1182,0.4333,0.4485,0.7810,0.0001,0.00491,0.4751,0.3286,0.1963,0.6856,0.0002,0.00528
971,3977216,2,1.000,2000.0,1.00,0.00,-0.0032,0.0124,0.5814,0.00284,0.00265,0.0261,0.2790,0.00049,2,0.1277,0.4463,0.4260,0.5359,0.0135,0.00230,0.2146,0.2598,0.5256,0.3344,0.0124,0.00143,0.1121,0.4534,0.4346,0.7846,0.0121,0.00416,0.4460,0.3477,0.2063,0.6705,0.0117,0.00272
972,3981312,2,0.500,2000.0,0.50,0.00,-0.0029,0.0044,0.5409,0.00284,0.00278,0.0231,0.5496,0.00024,2,0.0950,0.4719,0.4331,0.4611,0.0058,0.00152,0.2185,0.2844,0.4971,0.2727,0.0046,0.00166,0.1084,0.4548,0.4368,0.7506,0.0036,0.00314,0.4780,0.3274,0.1946,0.6793,0.0037,0.00480
973,3985408,2,-0.500,2000.0,0.00,0.50,-0.0034,0.0057,0.5961,0.00283,0.00282,0.0207,0.3552,0.00024,2,0.1458,0.4817,0.3726,0.5138,0.0053,0.00286,0.2000,0.3069,0.4932,0.3959,0.0043,0.00229,0.1345,0.4570,0.4084,0.7961,0.0066,0.00289,0.4753,0.3293,0.1953,0.6785,0.0066,0.00326
974,3989504,2,0.000,2000.0,0.00,0.00,-0.0042,0.0065,0.5582,0.00282,0.00332,0.0366,0.2007,0.00024,2,0.1062,0.4878,0.4060,0.5017,0.0072,0.00233,0.1982,0.2864,0.5154,0.3239,0.0063,0.00206,0.0959,0.4453,0.4587,0.7249,0.0064,0.00541,0.4712,0.3550,0.1738,0.6824,0.0062,0.00349
975,3993600,2,1.000,2000.0,1.00,0.00,-0.0026,0.0118,0.5634,0.00281,0.00172,0.0142,0.2787,0.00049,2,0.1099,0.4771,0.4131,0.4778,0.0123,0.00089,0.2144,0.2783,0.5073,0.3288,0.0122,0.00229,0.0867,0.4412,0.4722,0.7507,0.0114,0.00121,0.5171,0.3101,0.1729,0.6963,0.0113,0.00250
976,3997696,2,2.000,2000.0,2.00,0.00,-0.0044,0.0157,0.6842,0.00281,0.00365,0.0323,0.3181,0.00073,2,0.1812,0.4597,0.3591,0.6402,0.0155,0.00302,0.2461,0.2600,0.4939,0.5566,0.0159,0.00259,0.1162,0.4465,0.4373,0.8423,0.0160,0.00532,0.4712,0.3154,0.2134,0.6974,0.0155,0.00369
977,4001792,2,1.000,2000.0,1.00,0.00,-0.0038,0.0128,0.5831,0.00280,0.00396,0.0436,0.2579,0.00049,2,0.1562,0.4287,0.4150,0.5992,0.0133,0.00530,0.2385,0.2466,0.5149,0.3482,0.0126,0.00156,0.0986,0.4387,0.4626,0.7076,0.0128,0.00502,0.4644,0.3394,0.1963,0.6774,0.0124,0.00395
978,4005888,2,0.000,2000.0,0.00,0.00,-0.0026,0.0008,0.5394,0.00279,0.00327,0.0378,0.5419,0.00000,2,0.1226,0.4541,0.4233,0.4838,0.0009,0.00306,0.2217,0.2607,0.5176,0.2648,0.0010,0.00203,0.0884,0.4297,0.4819,0.7474,0.0008,0.00604,0.5142,0.3083,0.1775,0.6618,0.0006,0.00197
979,4009984,2,0.500,2000.0,0.50,0.00,-0.0030,0.0010,0.6628,0.00279,0.00353,0.0369,0.4952,0.00024,2,0.1707,0.4729,0.3564,0.5920,0.0013,0.00428,0.2288,0.2915,0.4797,0.5393,0.0014,0.00360,0.1167,0.4512,0.4321,0.8293,0.0008,0.00283,0.5217,0.2844,0.1938,0.6907,0.0007,0.00342
980,4014080,2,0.000,2000.0,0.00,0.00,-0.0029,0.0001,0.6023,0.00278,0.00302,0.0378,-0.1376,0.00000,2,0.1462,0.4612,0.3926,0.5533,0.0002,0.00219,0.2451,0.2512,0.5037,0.3876,0.0002,0.00240,0.1077,0.4570,0.4353,0.7771,0.0001,0.00491,0.5117,0.2991,0.1892,0.6914,0.0001,0.00260
981,4018176,2,0.500,2000.0,0.50,0.00,-0.0035,0.0057,0.6306,0.00277,0.00328,0.0362,0.3074,0.00024,2,0.1487,0.4546,0.3967,0.5638,0.0065,0.00337,0.2207,0.2646,0.5146,0.4503,0.0053,0.00068,0.1042,0.4561,0.4397,0.8160,0.0056,0.00608,0.4902,0.3062,0.2036,0.6922,0.0055,0.00301
982,4022272,2,0.000,2000.0,0.00,0.00,-0.0028,0.0064,0.5634,0.00276,0.00233,0.0204,0.2877,0.00024,2,0.1077,0.4697,0.4226,0.4970,0.0066,0.00149,0.2356,0.2507,0.5137,0.2822,0.0068,0.00107,0.1003,0.4402,0.4595,0.7703,0.0061,0.00274,0.4827,0.3179,0.1995,0.7042,0.0060,0.00401
983,4026368,2,1.000,2000.0,1.00,0.00,-0.0033,0.0095,0.6301,0.00276,0.00404,0.0395,0.4270,0.00049,2,0.1475,0.4658,0.3867,0.5528,0.0108,0.00577,0.2424,0.2693,0.4883,0.4602,0.0104,0.00274,0.1003,0.4624,0.4373,0.8049,0.0087,0.00317,0.4692,0.3308,0.2000,0.7026,0.0082,0.00446
984,4030464,2,1.000,2000.0,1.00,0.00,-0.0023,0.0055,0.5753,0.00275,0.00281,0.0258,0.4397,0.00024,2,0.0935,0.4783,0.4282,0.4732,0.0059,0.00282,0.2424,0.2588,0.4988,0.3175,0.0054,0.00237,0.1130,0.4351,0.4519,0.7856,0.0052,0.00328,0.4609,0.3333,0.2058,0.7247,0.0055,0.00276
985,4034560,2,0.000,2000.0,0.00,0.00,-0.0032,0.0060,0.5546,0.00274,0.00330,0.0305,0.2855,0.00024,2,0.0979,0.4753,0.4268,0.4393,0.0053,0.00427,0.2122,0.2891,0.4988,0.2929,0.0056,0.00068,0.1038,0.4514,0.4448,0.7625,0.0066,0.00338,0.4397,0.3586,0.2017,0.7238,0.0065,0.00485
986,4038656,2,0.500,2000.0,0.50,0.00,-0.0035,0.0063,0.6010,0.00273,0.00322,0.0292,0.2196,0.00024,2,0.1067,0.4907,0.4026,0.5167,0.0069,0.00128,0.2422,0.2778,0.4800,0.3600,0.0068,0.00187,0.1311,0.4502,0.4187,0.8239,0.0058,0.00492,0.3967,0.3862,0.2170,0.7036,0.0059,0.00484
987,4042752,3,0.333,2000.0,0.33,0.00,-0.0036,0.0002,0.5450,0.00273,0.00400,0.0442,-0.4292,0.00000,3,0.0955,0.4832,0.4214,0.4683,0.0002,0.00602,0.2263,0.2661,0.5076,0.2835,0.0002,0.00283,0.1328,0.4346,0.4326,0.7644,0.0003,0.00558,0.3801,0.4111,0.2087,0.6637,0.0002,0.00159
988,4046848,2,0.000,2000.0,0.00,0.00,-0.0028,0.0001,0.5255,0.00272,0.00224,0.0200,-0.7382,0.00000,2,0.0835,0.4922,0.4243,0.4381,0.0001,0.00183,0.2085,0.2888,0.5027,0.2877,0.0001,0.00103,0.1113,0.4453,0.4434,0.7413,0.0001,0.00253,0.3765,0.4146,0.2090,0.6348,0.0001,0.00356
989,4050944,2,0.000,2000.0,0.00,0.00,-0.0029,0.0001,0.5305,0.00271,0.00270,0.0264,-0.6496,0.00000,2,0.0881,0.4795,0.4324,0.4575,0.0001,0.00234,0.2185,0.2700,0.5115,0.2851,0.0001,0.00189,0.1135,0.4519,0.4346,0.7289,0.0001,0.00376,0.4180,0.3857,0.1963,0.6506,0.0001,0.00279
990,4055040,2,0.000,2000.0,0.00,0.00,-0.0036,0.0001,0.5024,0.00270,0.00357,0.0461,-0.5138,0.00000,2,0.0632,0.4783,0.4585,0.4023,0.0001,0.00191,0.2124,0.2595,0.5281,0.2085,0.0001,0.00300,0.1106,0.4363,0.4531,0.7514,0.0001,0.00373,0.4148,0.3909,0.1943,0.6475,0.0001,0.00563
991,4059136,2,0.500,2000.0,0.50,0.00,-0.0034,0.0115,0.5311,0.00270,0.00308,0.0367,0.2555,0.00049,2,0.0706,0.4758,0.4536,0.4335,0.0122,0.00223,0.2463,0.2542,0.4995,0.2655,0.0119,0.00183,0.1072,0.4426,0.4502,0.7678,0.0108,0.00335,0.4263,0.3723,0.2014,0.6576,0.0109,0.00490
992,4063232,2,0.500,2000.0,0.50,0.00,-0.0036,0.0003,0.5201,0.00269,0.00255,0.0227,0.1164,0.00000,2,0.0574,0.4856,0.4570,0.4191,0.0002,0.00203,0.2173,0.2800,0.5027,0.2320,0.0002,0.00137,0.1196,0.4529,0.4275,0.7589,0.0003,0.00253,0.4856,0.3523,0.1621,0.6702,0.0002,0.00425
993,4067328,2,0.000,2000.0,0.00,0.00,-0.0034,0.0049,0.4869,0.00268,0.00255,0.0236,0.4030,0.00024,2,0.0510,0.4810,0.4680,0.3375,0.0056,0.00110,0.2131,0.2678,0.5190,0.2217,0.0041,0.00182,0.0928,0.4382,0.4690,0.7136,0.0055,0.00502,0.4851,0.3518,0.1631,0.6747,0.0045,0.00224
994,4071424,2,0.500,2000.0,0.50,0.00,-0.0033,0.0004,0.6047,0.00267,0.00341,0.0376,0.5767,0.00000,2,0.0740,0.5176,0.4084,0.4910,0.0003,0.00219,0.2236,0.2817,0.4946,0.4190,0.0006,0.00209,0.1145,0.4631,0.4224,0.8336,0.0004,0.00787,0.5256,0.3098,0.1646,0.6751,0.0005,0.00152
995,4075520,2,0.500,2000.0,0.50,0.00,-0.0027,0.0064,0.5984,0.00267,0.00295,0.0263,0.2586,0.00024,2,0.0847,0.5107,0.4045,0.5345,0.0068,0.00196,0.1958,0.2803,0.5239,0.4041,0.0068,0.00312,0.1147,0.4629,0.4224,0.7730,0.0059,0.00344,0.4824,0.3308,0.1868,0.6819,0.0060,0.00328
996,4079616,2,1.000,2000.0,1.00,0.00,-0.0034,0.0154,0.6095,0.00266,0.00335,0.0359,0.3980,0.00073,2,0.0918,0.5168,0.3914,0.5284,0.0157,0.00360,0.2212,0.2747,0.5042,0.4421,0.0144,0.00379,0.1118,0.4536,0.4346,0.7621,0.0162,0.00257,0.4783,0.3430,0.1787,0.7056,0.0153,0.00342
997,4083712,2,2.000,2000.0,2.50,0.50,-0.0040,0.0264,0.6377,0.00265,0.00447,0.0527,0.4054,0.00146,2,0.0740,0.5693,0.3567,0.4869,0.0278,0.00258,0.2104,0.3269,0.4626,0.5095,0.0273,0.00427,0.1189,0.4958,0.3853,0.8390,0.0260,0.00697,0.4785,0.3306,0.1909,0.7154,0.0247,0.00407
998,4087808,2,1.000,2000.0,1.00,0.00,-0.0032,0.0109,0.5580,0.00265,0.00436,0.0427,0.4508,0.00049,2,0.0803,0.4912,0.4285,0.4983,0.0117,0.00419,0.2258,0.2502,0.5239,0.3034,0.0108,0.00255,0.1133,0.4507,0.4360,0.7426,0.0103,0.00547,0.4792,0.3330,0.1877,0.6877,0.0110,0.00525
999,4091904,2,1.500,2000.0,1.50,0.00,-0.0034,0.0111,0.5977,0.00264,0.00399,0.0497,0.3989,0.00049,2,0.0798,0.5195,0.4006,0.4902,0.0117,0.00229,0.2229,0.2761,0.5010,0.3894,0.0105,0.00392,0.1196,0.4614,0.4189,0.8128,0.0113,0.00537,0.4680,0.3516,0.1804,0.6983,0.0108,0.00439
1000,4096000,2,1.500,2000.0,1.50,0.00,-0.0040,0.0144,0.6296,0.00263,0.00388,0.0363,0.4566,0.00073,2,0.1062,0.4875,0.4062,0.5633,0.0150,0.00206,0.2163,0.2690,0.5146,0.4445,0.0149,0.00255,0.1372,0.4478,0.4150,0.8341,0.0137,0.00424,0.4011,0.3818,0.2170,0.6766,0.0138,0.00667
1001,4100096,2,0.000,2000.0,0.00,0.00,-0.0041,0.0006,0.6249,0.00262,0.00345,0.0322,0.5749,0.00000,2,0.1235,0.4717,0.4048,0.5456,0.0006,0.00238,0.2219,0.2781,0.5000,0.4236,0.0007,0.00304,0.1404,0.4336,0.4260,0.8483,0.0006,0.00305,0.4766,0.3303,0.1931,0.6822,0.0006,0.00533
1002,4104192,2,0.000,2000.0,0.50,0.50,-0.0030,0.0181,0.5941,0.00262,0.00295,0.0236,0.2864,0.00073,2,0.1021,0.4761,0.4219,0.5487,0.0179,0.00281,0.2368,0.2329,0.5303,0.3817,0.0174,0.00214,0.1040,0.4167,0.4792,0.7803,0.0187,0.00315,0.3967,0.3760,0.2273,0.6656,0.0181,0.00372
1003,4108288,2,0.500,2000.0,0.50,0.00,-0.0037,0.0004,0.5045,0.00261,0.00335,0.0349,0.6657,0.00000,2,0.0806,0.4810,0.4385,0.4189,0.0004,0.00276,0.2334,0.2732,0.4934,0.2180,0.0005,0.00099,0.1052,0.4309,0.4639,0.7192,0.0003,0.00406,0.4116,0.4016,0.1868,0.6618,0.0004,0.00558
1004,4112384,2,0.000,2000.0,0.00,0.00,-0.0034,0.0003,0.5078,0.00260,0.00222,0.0218,0.2282,0.00000,2,0.0703,0.5042,0.4255,0.3730,0.0004,0.00197,0.1995,0.2959,0.5046,0.2443,0.0004,0.00165,0.1331,0.4338,0.4331,0.7683,0.0002,0.00301,0.4055,0.4102,0.1843,0.6457,0.0003,0.00224
1005,4116480,2,0.500,2000.0,0.50,0.00,-0.0037,0.0115,0.5933,0.00259,0.00458,0.0544,0.3532,0.00049,2,0.1118,0.4583,0.4299,0.5391,0.0112,0.00351,0.2500,0.2366,0.5134,0.3634,0.0106,0.00301,0.1238,0.4302,0.4460,0.8235,0.0125,0.00688,0.4011,0.3740,0.2249,0.6470,0.0117,0.00491
1006,4120576,2,0.500,2000.0,1.00,0.50,-0.0039,0.0221,0.5958,0.00259,0.00326,0.0339,0.3899,0.00098,2,0.0881,0.4548,0.4570,0.5123,0.0222,0.00212,0.2517,0.2234,0.5249,0.3523,0.0208,0.00312,0.1565,0.4197,0.4238,0.8348,0.0232,0.00382,0.4543,0.3472,0.1985,0.6837,0.0223,0.00400
1007,4124672,2,0.000,2000.0,0.50,0.50,-0.0041,0.0009,0.5835,0.00258,0.00463,0.0587,0.3013,0.00000,2,0.0986,0.4155,0.4858,0.5282,0.0010,0.00271,0.2507,0.2078,0.5415,0.3396,0.0011,0.00428,0.1499,0.3953,0.4548,0.7863,0.0008,0.00711,0.4443,0.3552,0.2004,0.6798,0.0007,0.00442
1008,4128768,3,0.000,2000.0,0.00,0.00,-0.0027,0.0003,0.5515,0.00257,0.00303,0.0242,0.3255,0.00000,3,0.0618,0.5056,0.4326,0.4062,0.0003,0.00148,0.2405,0.2803,0.4792,0.2853,0.0003,0.00189,0.1489,0.4463,0.4048,0.8382,0.0003,0.00456,0.4209,0.3831,0.1960,0.6762,0.0002,0.00418
1009,4132864,2,0.000,2000.0,0.50,0.50,-0.0037,0.0123,0.6594,0.00256,0.00518,0.0617,0.2958,0.00049,2,0.1062,0.5281,0.3657,0.5679,0.0125,0.00662,0.2126,0.3096,0.4778,0.5123,0.0111,0.00416,0.1753,0.4573,0.3674,0.8688,0.0128,0.00719,0.4307,0.3816,0.1877,0.6885,0.0130,0.00276
1010,4136960,2,0.500,2000.0,0.50,0.00,-0.0030,0.0065,0.6037,0.00256,0.00290,0.0277,0.2802,0.00024,2,0.1003,0.5068,0.3928,0.5143,0.0069,0.00491,0.2490,0.2827,0.4683,0.3653,0.0068,0.00093,0.1941,0.4409,0.3650,0.8701,0.0062,0.00477,0.4187,0.3870,0.1943,0.6651,0.0063,0.00099
1011,4141056,2,0.000,2000.0,0.00,0.00,-0.0037,0.0003,0.5778,0.00255,0.00386,0.0457,0.2561,0.00000,2,0.0896,0.5317,0.3787,0.4413,0.0003,0.00311,0.1851,0.3110,0.5039,0.3409,0.0003,0.00255,0.1909,0.4485,0.3606,0.8845,0.0003,0.00567,0.4031,0.4106,0.1863,0.6445,0.0002,0.00413
1012,4145152,2,0.500,2000.0,0.50,0.00,-0.0028,0.0058,0.6680,0.00254,0.00351,0.0361,0.2732,0.00024,2,0.1255,0.5059,0.3687,0.5795,0.0062,0.00291,0.2891,0.2510,0.4600,0.5429,0.0053,0.00233,0.2212,0.4189,0.3599,0.8922,0.0059,0.00409,0.4648,0.3474,0.1877,0.6572,0.0061,0.00469
1013,4149248,2,1.000,2000.0,1.00,0.00,-0.0030,0.0087,0.6262,0.00253,0.00348,0.0366,0.4946,0.00049,2,0.1108,0.4797,0.4094,0.5774,0.0084,0.00450,0.2786,0.2322,0.4893,0.4229,0.0082,0.00207,0.2085,0.4412,0.3503,0.8552,0.0094,0.00489,0.4324,0.3765,0.1912,0.6492,0.0088,0.00246
1014,4153344,2,0.500,2000.0,0.50,0.00,-0.0031,0.0044,0.6202,0.00253,0.00374,0.0430,0.5787,0.00024,2,0.0969,0.5220,0.3811,0.4514,0.0042,0.00429,0.2249,0.3125,0.4626,0.4294,0.0041,0.00300,0.2336,0.4189,0.3474,0.9207,0.0046,0.00426,0.4583,0.3796,0.1621,0.6792,0.0047,0.00340
1015,4157440,2,0.500,2000.0,1.00,0.50,-0.0025,0.0150,0.6648,0.00252,0.00290,0.0213,0.4281,0.00073,2,0.0984,0.5159,0.3857,0.5692,0.0144,0.00267,0.2598,0.2766,0.4636,0.4983,0.0149,0.00192,0.2551,0.4119,0.3330,0.9146,0.0156,0.00446,0.4473,0.3608,0.1919,0.6771,0.0153,0.00257
1016,4161536,2,0.500,2000.0,1.00,0.50,-0.0041,0.0159,0.6045,0.00251,0.00382,0.0345,0.2324,0.00073,2,0.0796,0.4766,0.4438,0.4739,0.0159,0.00123,0.2654,0.2251,0.5095,0.3456,0.0157,0.00246,0.2285,0.4036,0.3679,0.9067,0.0163,0.00490,0.4456,0.3484,0.2061,0.6918,0.0158,0.00668
1017,4165632,2,-1.500,2000.0,0.00,1.50,-0.0034,0.0189,0.6925,0.00250,0.00361,0.0357,0.2628,0.00073,2,0.1372,0.4976,0.3652,0.6193,0.0168,0.00269,0.2769,0.2783,0.4448,0.5553,0.0170,0.00444,0.2566,0.4170,0.3264,0.9168,0.0215,0.00528,0.4277,0.3730,0.1992,0.6787,0.0202,0.00202
1018,4169728,2,-1.000,2000.0,0.00,1.00,-0.0028,0.0124,0.6148,0.00250,0.00320,0.0270,0.3340,0.00049,2,0.1038,0.4819,0.4143,0.5505,0.0100,0.00163,0.2659,0.2378,0.4963,0.3787,0.0105,0.00231,0.2585,0.4109,0.3306,0.8857,0.0154,0.00387,0.4053,0.3826,0.2122,0.6444,0.0139,0.00500
1019,4173824,2,0.000,2000.0,0.50,0.50,-0.0025,0.0062,0.5643,0.00249,0.00287,0.0231,0.4593,0.00049,2,0.0757,0.5049,0.4194,0.4408,0.0050,0.00313,0.2468,0.2546,0.4985,0.3031,0.0050,0.00152,0.2395,0.4238,0.3367,0.8587,0.0080,0.00316,0.4089,0.3987,0.1924,0.6546,0.0067,0.00365
1020,4177920,2,-0.500,2000.0,0.00,0.50,-0.0040,0.0108,0.6051,0.00248,0.00349,0.0292,0.4696,0.00049,2,0.1047,0.5200,0.3752,0.5153,0.0104,0.00274,0.2202,0.2993,0.4805,0.4277,0.0107,0.00309,0.2278,0.4568,0.3154,0.8415,0.0114,0.00433,0.4260,0.3857,0.1882,0.6359,0.0105,0.00382
1021,4182016,2,1.500,2000.0,1.50,0.00,-0.0037,0.0120,0.5942,0.00248,0.00306,0.0262,0.2589,0.00049,2,0.0723,0.5020,0.4258,0.4702,0.0122,0.00188,0.2358,0.2603,0.5039,0.3682,0.0120,0.00309,0.2122,0.4392,0.3486,0.8784,0.0121,0.00449,0.4258,0.3787,0.1956,0.6600,0.0116,0.00279
1022,4186112,2,0.500,2000.0,0.50,0.00,-0.0036,0.0111,0.5911,0.00247,0.00321,0.0322,0.3070,0.00049,2,0.0747,0.5415,0.3838,0.4335,0.0114,0.00241,0.2056,0.3108,0.4836,0.3960,0.0115,0.00189,0.2341,0.4504,0.3154,0.8605,0.0111,0.00432,0.4390,0.3965,0.1646,0.6745,0.0105,0.00422
1023,4190208,2,1.000,2000.0,1.00,0.00,-0.0021,0.0054,0.5680,0.00246,0.00261,0.0250,0.4391,0.00024,2,0.0691,0.5259,0.4050,0.4239,0.0058,0.00089,0.2102,0.3101,0.4797,0.3374,0.0062,0.00208,0.2285,0.4729,0.2986,0.8606,0.0050,0.00486,0.4360,0.3948,0.1692,0.6500,0.0048,0.00260
1024,4194304,2,1.500,2000.0,1.50,0.00,-0.0034,0.0187,0.5780,0.00245,0.00295,0.0311,0.5682,0.00122,2,0.0803,0.5396,0.3801,0.4133,0.0187,0.00278,0.2393,0.2798,0.4810,0.3725,0.0188,0.00224,0.2043,0.4656,0.3301,0.8703,0.0189,0.00385,0.3997,0.4062,0.1941,0.6558,0.0183,0.00291
1025,4198400,2,1.500,2000.0,1.50,0.00,-0.0035,0.0093,0.6792,0.00245,0.00394,0.0413,0.5168,0.00049,2,0.1008,0.4736,0.4255,0.6294,0.0094,0.00249,0.3210,0.1938,0.4851,0.5205,0.0089,0.00470,0.2329,0.4294,0.3376,0.8929,0.0100,0.00650,0.4155,0.3728,0.2117,0.6738,0.0088,0.00209
1026,4202496,2,0.500,2000.0,1.00,0.50,-0.0035,0.0110,0.5774,0.00244,0.00231,0.0157,0.4710,0.00049,2,0.0813,0.4766,0.4421,0.4856,0.0113,0.00151,0.2781,0.2178,0.5042,0.2855,0.0108,0.00122,0.2124,0.4263,0.3613,0.8736,0.0113,0.00273,0.4146,0.3896,0.1958,0.6651,0.0108,0.00377
1027,4206592,2,0.000,2000.0,0.00,0.00,-0.0036,0.0122,0.6459,0.00243,0.00356,0.0334,0.2871,0.00049,2,0.0930,0.5015,0.4055,0.5420,0.0124,0.00250,0.2913,0.2202,0.4885,0.4404,0.0117,0.00504,0.2288,0.4258,0.3455,0.9067,0.0127,0.00422,0.3931,0.4011,0.2058,0.6945,0.0121,0.00249
1028,4210688,2,0.500,2000.0,1.00,0.50,-0.0027,0.0074,0.6085,0.00242,0.00361,0.0281,0.2996,0.00024,2,0.0933,0.4697,0.4370,0.5237,0.0070,0.00266,0.2629,0.1924,0.5447,0.3451,0.0065,0.00200,0.2104,0.4175,0.3721,0.8926,0.0082,0.00396,0.4021,0.3989,0.1990,0.6728,0.0080,0.00582
1029,4214784,3,0.667,2000.0,1.00,0.33,-0.0042,0.0202,0.6850,0.00242,0.00419,0.0392,0.4196,0.00098,3,0.1116,0.4968,0.3916,0.5868,0.0198,0.00553,0.2725,0.2612,0.4663,0.5592,0.0193,0.00358,0.2498,0.4287,0.3215,0.9096,0.0216,0.00544,0.4067,0.4114,0.1819,0.6844,0.0201,0.00222
1030,4218880,2,0.500,2000.0,0.50,0.00,-0.0033,0.0070,0.6232,0.00241,0.00379,0.0346,0.3716,0.00024,2,0.0918,0.5027,0.4055,0.5124,0.0070,0.00286,0.2849,0.2256,0.4895,0.4109,0.0072,0.00080,0.2490,0.4094,0.3416,0.9051,0.0070,0.00518,0.3662,0.4280,0.2058,0.6645,0.0068,0.00629
1031,4222976,2,-0.500,2000.0,0.00,0.50,-0.0030,0.0068,0.6226,0.00240,0.00231,0.0168,0.2309,0.00024,2,0.0896,0.5049,0.4055,0.4860,0.0058,0.00141,0.2703,0.2576,0.4722,0.4010,0.0059,0.00269,0.2444,0.4307,0.3250,0.8864,0.0082,0.00308,0.3496,0.4353,0.2151,0.7170,0.0075,0.00206
1032,4227072,2,0.000,2000.0,0.00,0.00,-0.0029,0.0065,0.5934,0.00239,0.00321,0.0254,0.2660,0.00024,2,0.0796,0.5015,0.4189,0.4733,0.0067,0.00188,0.2515,0.2581,0.4905,0.3201,0.0066,0.00211,0.2212,0.4453,0.3335,0.8655,0.0060,0.00493,0.3660,0.4302,0.2039,0.7146,0.0065,0.00392
1033,4231168,2,0.500,2000.0,0.50,0.00,-0.0030,0.0004,0.5892,0.00239,0.00343,0.0370,0.1937,0.00000,2,0.0652,0.5125,0.4224,0.4253,0.0004,0.00181,0.2517,0.2688,0.4795,0.3341,0.0004,0.00243,0.2327,0.4312,0.3362,0.8751,0.0004,0.00649,0.3552,0.4236,0.2212,0.7225,0.0004,0.00297
1034,4235264,2,1.500,2000.0,1.50,0.00,-0.0031,0.0136,0.6289,0.00238,0.00344,0.0406,0.4405,0.00073,2,0.0723,0.5298,0.3979,0.4981,0.0135,0.00352,0.2529,0.2769,0.4702,0.4774,0.0133,0.00370,0.2422,0.4568,0.3010,0.8256,0.0139,0.00484,0.3931,0.4136,0.1934,0.7144,0.0135,0.00170
1035,4239360,2,2.000,2000.0,2.00,0.00,-0.0033,0.0205,0.6385,0.00237,0.00295,0.0271,0.3570,0.00098,2,0.0945,0.5337,0.3718,0.5296,0.0206,0.00287,0.2573,0.2793,0.4634,0.5265,0.0195,0.00217,0.2495,0.4512,0.2993,0.8253,0.0215,0.00258,0.3777,0.4172,0.2051,0.6726,0.0205,0.00419
1036,4243456,2,1.000,2000.0,1.00,0.00,-0.0028,0.0065,0.6215,0.00236,0.00297,0.0264,0.6693,0.00049,2,0.0759,0.5151,0.4089,0.4781,0.0064,0.00319,0.2859,0.2434,0.4707,0.4375,0.0069,0.00183,0.2256,0.4404,0.3340,0.8651,0.0067,0.00323,0.4067,0.3816,0.2117,0.7052,0.0059,0.00362
1037,4247552,2,0.000,2000.0,1.00,1.00,-0.0035,0.0213,0.6903,0.00236,0.00414,0.0411,0.3513,0.00098,2,0.0984,0.5015,0.4001,0.6042,0.0198,0.00295,0.2922,0.2104,0.4973,0.5811,0.0200,0.00434,0.2249,0.4431,0.3320,0.8745,0.0230,0.00639,0.4421,0.3391,0.2188,0.7014,0.0223,0.00289
1038,4251648,2,0.000,2000.0,0.00,0.00,-0.0031,0.0019,0.5806,0.00235,0.00244,0.0240,0.5564,0.00000,2,0.0872,0.5298,0.3831,0.4910,0.0023,0.00164,0.2251,0.2532,0.5217,0.3352,0.0018,0.00253,0.1938,0.4705,0.3357,0.8191,0.0017,0.00325,0.4031,0.4131,0.1838,0.6770,0.0017,0.00234
1039,4255744,2,1.000,2000.0,1.00,0.00,-0.0040,0.0120,0.5646,0.00234,0.00355,0.0402,0.5442,0.00073,2,0.0710,0.4937,0.4353,0.4214,0.0131,0.00197,0.2349,0.2607,0.5044,0.3187,0.0119,0.00294,0.2109,0.4336,0.3555,0.8486,0.0119,0.00471,0.3855,0.4124,0.2021,0.6695,0.0111,0.00456
1040,4259840,2,1.000,2000.0,1.00,0.00,-0.0025,0.0045,0.5804,0.00234,0.00306,0.0279,0.5918,0.00024,2,0.0867,0.4866,0.4268,0.4641,0.0047,0.00146,0.2507,0.2742,0.4751,0.3244,0.0048,0.00182,0.1938,0.4490,0.3572,0.8401,0.0043,0.00384,0.3899,0.4426,0.1675,0.6931,0.0042,0.00512
1041,4263936,2,1.000,2000.0,1.00,0.00,-0.0045,0.0121,0.6139,0.00233,0.00503,0.0632,0.6255,0.00073,2,0.0923,0.5105,0.3972,0.4674,0.0110,0.00213,0.2502,0.2844,0.4653,0.4455,0.0118,0.00164,0.2253,0.4336,0.3411,0.8553,0.0130,0.01139,0.3896,0.4070,0.2034,0.6875,0.0127,0.00498
1042,4268032,2,-0.500,2000.0,0.00,0.50,-0.0032,0.0012,0.5948,0.00232,0.00245,0.0248,0.8065,0.00000,2,0.0913,0.5049,0.4038,0.5005,0.0012,0.00123,0.2617,0.2715,0.4668,0.4048,0.0010,0.00203,0.1968,0.4534,0.3499,0.7979,0.0008,0.00209,0.3879,0.4233,0.1887,0.6759,0.0019,0.00444
1043,4272128,2,0.000,2000.0,0.00,0.00,-0.0039,0.0002,0.6409,0.00231,0.00298,0.0285,0.6645,0.00000,2,0.1030,0.5374,0.3596,0.5072,0.0002,0.00157,0.2510,0.2927,0.4563,0.5282,0.0003,0.00419,0.2505,0.4634,0.2861,0.7881,0.0002,0.00329,0.4397,0.3745,0.1858,0.7403,0.0002,0.00287
1044,4276224,2,-0.500,2000.0,0.00,0.50,-0.0034,0.0124,0.5793,0.00231,0.00381,0.0444,0.3711,0.00049,2,0.0818,0.5039,0.4143,0.4543,0.0107,0.00165,0.2483,0.2646,0.4871,0.3428,0.0116,0.00301,0.2036,0.4414,0.3550,0.8036,0.0136,0.00638,0.4102,0.3828,0.2070,0.7165,0.0137,0.00422
1045,4280320,2,0.500,2000.0,0.50,0.00,-0.0031,0.0007,0.5155,0.00230,0.00297,0.0326,0.6444,0.00000,2,0.0730,0.4961,0.4309,0.3942,0.0007,0.00238,0.2317,0.2754,0.4929,0.2497,0.0008,0.00083,0.1702,0.4688,0.3611,0.7338,0.0006,0.00506,0.4126,0.4067,0.1807,0.6841,0.0008,0.00362
1046,4284416,2,0.500,2000.0,0.50,0.00,-0.0034,0.0042,0.5166,0.00229,0.00309,0.0355,0.5720,0.00024,2,0.0647,0.5073,0.4280,0.3656,0.0045,0.00209,0.2307,0.2632,0.5061,0.2776,0.0047,0.00270,0.1704,0.4546,0.3750,0.7295,0.0037,0.00364,0.4067,0.4050,0.1882,0.6936,0.0039,0.00394
1047,4288512,2,0.000,2000.0,0.50,0.50,-0.0028,0.0083,0.5889,0.00228,0.00224,0.0225,0.7379,0.00073,2,0.0789,0.5117,0.4094,0.4049,0.0079,0.00261,0.2646,0.2717,0.4636,0.4302,0.0082,0.00159,0.1858,0.4719,0.3423,0.8123,0.0087,0.00169,0.4661,0.3464,0.1875,0.7081,0.0085,0.00307
1048,4292608,2,0.500,2000.0,0.50,0.00,-0.0023,0.0007,0.5067,0.00228,0.00217,0.0162,0.6514,0.00000,2,0.0652,0.5286,0.4062,0.3462,0.0006,0.00060,0.2295,0.2937,0.4768,0.2771,0.0009,0.00121,0.1660,0.4878,0.3462,0.7231,0.0007,0.00545,0.4729,0.3657,0.1614,0.6805,0.0008,0.00142
1049,4296704,2,0.500,2000.0,0.50,0.00,-0.0028,0.0100,0.5890,0.00227,0.00307,0.0253,0.4384,0.00049,2,0.0735,0.5364,0.3901,0.4448,0.0102,0.00114,0.2632,0.2742,0.4626,0.4127,0.0099,0.00351,0.1794,0.4919,0.3286,0.7743,0.0103,0.00466,0.4963,0.3225,0.1812,0.7240,0.0095,0.00297
1050,4300800,3,0.333,2000.0,0.33,0.00,-0.0050,0.0003,0.6738,0.00226,0.00496,0.0514,0.1366,0.00000,3,0.1057,0.5537,0.3406,0.5670,0.0003,0.00202,0.3494,0.2371,0.4136,0.6020,0.0004,0.00476,0.2097,0.4746,0.3157,0.8307,0.0002,0.00548,0.4514,0.3237,0.2249,0.6954,0.0002,0.00757
1051,4304896,2,0.000,2000.0,0.00,0.00,-0.0027,0.0064,0.5279,0.00225,0.00259,0.0219,0.3053,0.00024,2,0.0725,0.5247,0.4028,0.4060,0.0068,0.00131,0.2480,0.2634,0.4885,0.3130,0.0062,0.00201,0.1287,0.4741,0.3972,0.7083,0.0065,0.00209,0.4829,0.3665,0.1506,0.6841,0.0059,0.00496
1052,4308992,2,1.000,2000.0,1.00,0.00,-0.0034,0.0059,0.5709,0.00225,0.00294,0.0269,0.3354,0.00024,2,0.0813,0.5103,0.4084,0.4732,0.0064,0.00093,0.2944,0.2214,0.4841,0.3519,0.0064,0.00237,0.1355,0.4688,0.3958,0.7701,0.0055,0.00461,0.4692,0.3225,0.2083,0.6883,0.0051,0.00385
1053,4313088,2,1.000,2000.0,1.00,0.00,-0.0043,0.0117,0.5588,0.00224,0.00321,0.0426,0.2763,0.00049,2,0.0671,0.5154,0.4175,0.4204,0.0127,0.00175,0.2649,0.2510,0.4841,0.3412,0.0117,0.00210,0.1487,0.4668,0.3845,0.7552,0.0113,0.00588,0.4551,0.3513,0.1936,0.7185,0.0112,0.00311
1054,4317184,2,1.500,2000.0,1.50,0.00,-0.0039,0.0172,0.5602,0.00223,0.00261,0.0285,0.3361,0.00073,2,0.0681,0.5051,0.4268,0.4083,0.0183,0.00222,0.3010,0.2390,0.4600,0.3454,0.0170,0.00309,0.1704,0.4448,0.3848,0.7608,0.0171,0.00256,0.4338,0.3567,0.2095,0.7264,0.0163,0.00256
1055,4321280,2,0.000,2000.0,0.00,0.00,-0.0039,0.0004,0.4810,0.00222,0.00330,0.0382,-0.2797,0.00000,2,0.0408,0.5095,0.4497,0.3206,0.0004,0.00138,0.2319,0.2625,0.5056,0.2163,0.0005,0.00221,0.1377,0.4624,0.3999,0.6852,0.0005,0.00480,0.4424,0.3835,0.1741,0.7019,0.0004,0.00481
1056,4325376,2,0.000,2000.0,0.00,0.00,-0.0029,0.0003,0.5267,0.00222,0.00222,0.0168,-1.0014,0.00000,2,0.0627,0.5618,0.3755,0.3546,0.0003,0.00196,0.2356,0.2935,0.4709,0.3153,0.0003,0.00176,0.1658,0.4924,0.3418,0.7274,0.0002,0.00264,0.4990,0.3401,0.1609,0.7097,0.0002,0.00254
1057,4329472,2,0.000,2000.0,0.00,0.00,-0.0033,0.0002,0.4863,0.00221,0.00184,0.0218,-1.8879,0.00000,2,0.0369,0.5068,0.4563,0.2907,0.0002,0.00140,0.2361,0.2710,0.4929,0.2024,0.0002,0.00162,0.1379,0.4695,0.3926,0.7418,0.0002,0.00130,0.5049,0.3252,0.1699,0.7103,0.0002,0.00304
1058,4333568,2,0.500,2000.0,0.50,0.00,-0.0026,0.0047,0.5609,0.00220,0.00283,0.0269,0.4362,0.00024,2,0.0593,0.5002,0.4404,0.4034,0.0054,0.00138,0.2979,0.2551,0.4470,0.3807,0.0052,0.00252,0.1599,0.4551,0.3850,0.7393,0.0039,0.00243,0.4944,0.3276,0.1780,0.7201,0.0041,0.00500
1059,4337664,2,0.500,2000.0,0.50,0.00,-0.0037,0.0047,0.5937,0.00220,0.00462,0.0558,0.4487,0.00024,2,0.0872,0.5376,0.3752,0.4190,0.0050,0.00212,0.2690,0.2869,0.4441,0.4479,0.0049,0.00266,0.1907,0.4595,0.3499,0.7770,0.0044,0.00717,0.4905,0.3237,0.1858,0.7309,0.0045,0.00653
1060,4341760,2,0.000,2000.0,0.00,0.00,-0.0027,0.0003,0.5385,0.00219,0.00310,0.0321,0.4853,0.00000,2,0.0667,0.5061,0.4272,0.4300,0.0005,0.00248,0.2512,0.2563,0.4924,0.3080,0.0004,0.00178,0.1599,0.4717,0.3684,0.7225,0.0002,0.00394,0.5281,0.3013,0.1707,0.6935,0.0003,0.00418
1061,4345856,2,0.500,2000.0,0.50,0.00,-0.0029,0.0060,0.5399,0.00218,0.00344,0.0295,0.2901,0.00024,2,0.0659,0.5225,0.4116,0.4267,0.0063,0.00275,0.2546,0.2556,0.4897,0.3321,0.0061,0.00253,0.1577,0.4731,0.3691,0.7157,0.0059,0.00570,0.5330,0.2930,0.1741,0.6852,0.0059,0.00278
1062,4349952,2,0.000,2000.0,0.00,0.00,-0.0025,0.0066,0.5629,0.00217,0.00203,0.0129,0.2668,0.00024,2,0.0706,0.5005,0.4290,0.4558,0.0055,0.00125,0.2625,0.2449,0.4927,0.3450,0.0058,0.00142,0.1411,0.4768,0.3821,0.7431,0.0076,0.00233,0.5356,0.2798,0.1846,0.7076,0.0075,0.00313
1063,4354048,2,-0.500,2000.0,0.00,0.50,-0.0044,0.0002,0.6160,0.00217,0.00338,0.0306,0.5965,0.00000,2,0.0962,0.5564,0.3474,0.4883,0.0002,0.00236,0.2256,0.2900,0.4844,0.5082,0.0002,0.00216,0.1833,0.4922,0.3245,0.7420,0.0001,0.00522,0.5220,0.2866,0.1914,0.7255,0.0002,0.00378
1064,4358144,2,-0.500,2000.0,0.00,0.50,-0.0040,0.0111,0.5525,0.00216,0.00631,0.0580,0.3812,0.00049,2,0.0745,0.5012,0.4243,0.4837,0.0104,0.00333,0.2612,0.2261,0.5127,0.3397,0.0111,0.01493,0.1228,0.4912,0.3860,0.6958,0.0122,0.00271,0.4768,0.3103,0.2129,0.6908,0.0107,0.00429
1065,4362240,2,0.500,2000.0,0.50,0.00,-0.0035,0.0003,0.4908,0.00215,0.00273,0.0302,0.5213,0.00000,2,0.0554,0.5051,0.4395,0.3343,0.0003,0.00201,0.2415,0.2500,0.5085,0.2218,0.0003,0.00079,0.1104,0.4839,0.4058,0.7064,0.0002,0.00493,0.5015,0.3230,0.1755,0.7006,0.0003,0.00319
1066,4366336,2,0.000,2000.0,0.00,0.00,-0.0035,0.0002,0.5706,0.00214,0.00308,0.0264,0.5487,0.00000,2,0.0618,0.5029,0.4353,0.4512,0.0002,0.00380,0.2732,0.2368,0.4900,0.3926,0.0002,0.00238,0.1306,0.4749,0.3945,0.7483,0.0001,0.00255,0.5359,0.2646,0.1995,0.6905,0.0002,0.00359
1067,4370432,2,0.000,2000.0,0.00,0.00,-0.0029,0.0001,0.4933,0.00214,0.00246,0.0234,0.0316,0.00000,2,0.0449,0.4888,0.4663,0.3642,0.0002,0.00208,0.2317,0.2507,0.5176,0.2375,0.0001,0.00165,0.1006,0.5024,0.3970,0.6999,0.0001,0.00168,0.5278,0.2805,0.1917,0.6716,0.0001,0.00443
1068,4374528,2,0.000,2000.0,0.00,0.00,-0.0039,0.0001,0.5089,0.00213,0.00399,0.0485,-0.3230,0.00000,2,0.0466,0.5171,0.4363,0.3721,0.0001,0.00237,0.2322,0.2830,0.4849,0.2663,0.0001,0.00223,0.1375,0.4954,0.3672,0.6925,0.0001,0.00620,0.5547,0.2576,0.1877,0.7048,0.0001,0.00516
1069,4378624,2,0.000,2000.0,0.00,0.00,-0.0032,0.0007,0.5306,0.00212,0.00239,0.0227,0.3006,0.00000,2,0.0569,0.5315,0.4116,0.3952,0.0001,0.00194,0.2407,0.2610,0.4983,0.3304,0.0001,0.00158,0.1289,0.4919,0.3792,0.7094,0.0011,0.00299,0.5063,0.2783,0.2153,0.6874,0.0014,0.00304
1070,4382720,3,-0.333,2000.0,0.00,0.33,-0.0023,0.0069,0.5656,0.00211,0.00375,0.0462,0.1917,0.00024,3,0.0581,0.5249,0.4170,0.4623,0.0062,0.00332,0.2593,0.2385,0.5022,0.3859,0.0060,0.00176,0.1084,0.5032,0.3884,0.7323,0.0078,0.00436,0.5222,0.2720,0.2058,0.6819,0.0075,0.00554
1071,4386816,2,0.000,2000.0,0.00,0.00,-0.0035,0.0002,0.5108,0.00211,0.00278,0.0339,0.4457,0.00000,2,0.0596,0.5107,0.4297,0.3380,0.0002,0.00291,0.2346,0.2754,0.4900,0.2742,0.0001,0.00257,0.1196,0.5015,0.3789,0.7320,0.0002,0.00311,0.5337,0.2625,0.2039,0.6990,0.0002,0.00254
1072,4390912,2,0.500,2000.0,0.50,0.00,-0.0039,0.0057,0.5734,0.00210,0.00296,0.0280,0.3113,0.00024,2,0.0786,0.5281,0.3933,0.4297,0.0062,0.00265,0.2678,0.2600,0.4722,0.4233,0.0056,0.00234,0.1504,0.4897,0.3599,0.7314,0.0056,0.00329,0.5356,0.2505,0.2139,0.7092,0.0053,0.00357
1073,4395008,2,0.500,2000.0,0.50,0.00,-0.0022,0.0056,0.5222,0.00209,0.00184,0.0200,0.3210,0.00024,2,0.0596,0.5139,0.4265,0.3718,0.0062,0.00162,0.2283,0.2573,0.5144,0.2942,0.0061,0.00178,0.1270,0.4858,0.3872,0.7396,0.0050,0.00236,0.4980,0.2678,0.2341,0.6831,0.0052,0.00160
1074,4399104,2,-0.500,2000.0,0.00,0.50,-0.0033,0.0076,0.5779,0.00208,0.00394,0.0439,0.1427,0.00024,2,0.0908,0.5063,0.4028,0.4888,0.0068,0.00521,0.2632,0.2310,0.5059,0.4363,0.0072,0.00316,0.1606,0.4683,0.3711,0.7403,0.0084,0.00500,0.4963,0.2622,0.2415,0.6463,0.0081,0.00241
1075,4403200,2,0.000,2000.0,0.00,0.00,-0.0037,0.0002,0.5930,0.00208,0.00397,0.0396,0.0333,0.00000,2,0.0850,0.5269,0.3882,0.4586,0.0002,0.00302,0.2729,0.2668,0.4602,0.4489,0.0002,0.00314,0.1616,0.4639,0.3745,0.7611,0.0001,0.00540,0.5068,0.2676,0.2256,0.7036,0.0002,0.00431
1076,4407296,2,0.500,2000.0,0.50,0.00,-0.0027,0.0060,0.5936,0.00207,0.00324,0.0300,0.2805,0.00024,2,0.1084,0.4895,0.4021,0.4897,0.0063,0.00286,0.2761,0.2407,0.4832,0.4244,0.0063,0.00361,0.1509,0.4795,0.3696,0.7615,0.0059,0.00222,0.4731,0.2808,0.2461,0.6986,0.0056,0.00427
1077,4411392,2,0.000,2000.0,0.00,0.00,-0.0028,0.0054,0.5634,0.00206,0.00262,0.0223,0.3951,0.00024,2,0.0728,0.5291,0.3982,0.4178,0.0056,0.00162,0.2922,0.2507,0.4570,0.3580,0.0054,0.00133,0.1431,0.4700,0.3870,0.7954,0.0053,0.00397,0.4919,0.2771,0.2310,0.6823,0.0053,0.00356
1078,4415488,2,1.000,2000.0,1.00,0.00,-0.0024,0.0061,0.5343,0.00205,0.00308,0.0394,0.2847,0.00024,2,0.0771,0.5151,0.4077,0.4394,0.0065,0.00183,0.2429,0.2549,0.5022,0.2905,0.0063,0.00209,0.1306,0.5005,0.3689,0.7574,0.0058,0.00325,0.5063,0.2781,0.2156,0.6500,0.0059,0.00517
1079,4419584,2,0.000,2000.0,0.00,0.00,-0.0031,0.0002,0.5726,0.00205,0.00271,0.0284,0.6168,0.00000,2,0.0872,0.4849,0.4280,0.4824,0.0002,0.00169,0.2598,0.2180,0.5222,0.3442,0.0002,0.00282,0.1201,0.4944,0.3855,0.7783,0.0002,0.00245,0.5271,0.2505,0.2224,0.6855,0.0002,0.00390
1080,4423680,2,0.000,2000.0,0.00,0.00,-0.0028,0.0057,0.4963,0.00204,0.00254,0.0275,0.3295,0.00024,2,0.0762,0.5142,0.4097,0.3590,0.0063,0.00180,0.2061,0.3069,0.4871,0.2261,0.0058,0.00064,0.1274,0.5176,0.3550,0.7264,0.0054,0.00320,0.5015,0.2939,0.2046,0.6739,0.0055,0.00450
1081,4427776,2,0.500,2000.0,0.50,0.00,-0.0033,0.0043,0.6106,0.00203,0.00297,0.0327,0.4976,0.00024,2,0.0964,0.5271,0.3765,0.4815,0.0043,0.00218,0.2393,0.2571,0.5037,0.4267,0.0043,0.00213,0.1482,0.5178,0.3340,0.7769,0.0046,0.00206,0.4758,0.2793,0.2449,0.7573,0.0042,0.00551
1082,4431872,2,1.000,2000.0,1.00,0.00,-0.0037,0.0059,0.5626,0.00203,0.00302,0.0321,0.2941,0.00024,2,0.0703,0.5273,0.4023,0.4117,0.0062,0.00340,0.2446,0.2595,0.4958,0.3236,0.0056,0.00216,0.1326,0.4993,0.3682,0.7714,0.0059,0.00342,0.4680,0.2971,0.2349,0.7436,0.0059,0.00310
1083,4435968,2,0.000,2000.0,0.00,0.00,-0.0042,0.0002,0.5993,0.00202,0.00324,0.0276,0.4222,0.00000,2,0.1121,0.5154,0.3726,0.4903,0.0003,0.00270,0.2322,0.2842,0.4836,0.4264,0.0002,0.00250,0.1758,0.4846,0.3396,0.7772,0.0002,0.00358,0.4446,0.3076,0.2478,0.7034,0.0002,0.00416
1084,4440064,2,-0.500,2000.0,0.00,0.50,-0.0037,0.0065,0.6027,0.00201,0.00179,0.0081,0.2428,0.00024,2,0.1055,0.5342,0.3604,0.4827,0.0056,0.00141,0.2588,0.2773,0.4639,0.4533,0.0059,0.00237,0.1538,0.5232,0.3230,0.7441,0.0071,0.00184,0.4912,0.2825,0.2263,0.7306,0.0073,0.00155
1085,4444160,2,0.000,2000.0,0.00,0.00,-0.0026,0.0060,0.5685,0.00200,0.00338,0.0362,0.2976,0.00024,2,0.0688,0.5312,0.3999,0.3816,0.0062,0.00182,0.2102,0.3159,0.4739,0.3510,0.0061,0.00304,0.1553,0.4890,0.3557,0.8051,0.0057,0.00662,0.4595,0.3003,0.2402,0.7364,0.0058,0.00202
1086,4448256,2,0.500,2000.0,0.50,0.00,-0.0039,0.0004,0.5721,0.00200,0.00411,0.0532,0.2882,0.00000,2,0.0706,0.5168,0.4126,0.4389,0.0003,0.00339,0.2366,0.2793,0.4841,0.3065,0.0005,0.00059,0.1609,0.4841,0.3550,0.8240,0.0003,0.00734,0.4688,0.2974,0.2339,0.7191,0.0003,0.00514
1087,4452352,2,0.500,2000.0,0.50,0.00,-0.0032,0.0054,0.5400,0.00199,0.00344,0.0432,0.3398,0.00024,2,0.0732,0.5166,0.4102,0.4138,0.0060,0.00241,0.2156,0.2639,0.5205,0.2461,0.0065,0.00083,0.1648,0.4756,0.3596,0.7720,0.0046,0.00549,0.4478,0.2932,0.2590,0.7281,0.0043,0.00505
1088,4456448,2,0.500,2000.0,0.50,0.00,-0.0027,0.0049,0.5667,0.00198,0.00233,0.0182,0.3986,0.00024,2,0.0691,0.5176,0.4133,0.4170,0.0049,0.00118,0.2166,0.3003,0.4832,0.3404,0.0049,0.00148,0.1575,0.4778,0.3647,0.7764,0.0049,0.00351,0.4343,0.3149,0.2507,0.7332,0.0048,0.00313
1089,4460544,2,0.000,2000.0,0.00,0.00,-0.0036,0.0002,0.5527,0.00197,0.00455,0.0591,0.2030,0.00000,2,0.0769,0.5093,0.4138,0.4307,0.0002,0.00281,0.2202,0.2766,0.5032,0.2610,0.0002,0.00209,0.1365,0.4988,0.3647,0.7688,0.0002,0.00636,0.4688,0.3071,0.2241,0.7504,0.0002,0.00695
1090,4464640,2,0.000,2000.0,0.00,0.00,-0.0038,0.0001,0.5253,0.00197,0.00291,0.0291,0.0788,0.00000,2,0.0708,0.5339,0.3953,0.3638,0.0001,0.00128,0.2156,0.2903,0.4941,0.2496,0.0001,0.00159,0.1565,0.4802,0.3633,0.7487,0.0001,0.00422,0.4180,0.3394,0.2427,0.7389,0.0001,0.00455
1091,4468736,3,0.667,2000.0,0.67,0.00,-0.0029,0.0111,0.5954,0.00196,0.00351,0.0423,0.3103,0.00049,3,0.1130,0.5132,0.3738,0.4778,0.0114,0.00157,0.2607,0.2520,0.4873,0.4271,0.0106,0.00169,0.1880,0.4741,0.3379,0.7482,0.0114,0.00535,0.4014,0.3188,0.2798,0.7285,0.0110,0.00542
1092,4472832,2,0.500,2000.0,0.50,0.00,-0.0031,0.0055,0.5737,0.00195,0.00270,0.0251,0.4344,0.00024,2,0.1050,0.5178,0.3772,0.4217,0.0055,0.00170,0.2234,0.3076,0.4690,0.3578,0.0054,0.00255,0.1860,0.4895,0.3245,0.7618,0.0058,0.00280,0.4121,0.3164,0.2715,0.7535,0.0054,0.00375
1093,4476928,2,0.500,2000.0,0.50,0.00,-0.0028,0.0048,0.5983,0.00194,0.00337,0.0349,0.4636,0.00024,2,0.0916,0.5117,0.3967,0.4662,0.0050,0.00403,0.2480,0.2769,0.4751,0.3875,0.0041,0.00140,0.1943,0.4646,0.3411,0.7805,0.0052,0.00380,0.4248,0.3079,0.2673,0.7590,0.0050,0.00425
1094,4481024,2,0.000,2000.0,0.00,0.00,-0.0034,0.0003,0.5625,0.00194,0.00218,0.0219,0.5537,0.00000,2,0.0981,0.5129,0.3889,0.4447,0.0003,0.00154,0.2610,0.2639,0.4751,0.3186,0.0003,0.00088,0.1941,0.4741,0.3318,0.7533,0.0002,0.00335,0.4114,0.3167,0.2720,0.7335,0.0003,0.00296
1095,4485120,2,0.000,2000.0,0.00,0.00,-0.0035,0.0002,0.5675,0.00193,0.00281,0.0231,0.7389,0.00000,2,0.0874,0.4727,0.4399,0.4619,0.0002,0.00301,0.2737,0.2256,0.5007,0.3070,0.0002,0.00206,0.1404,0.4875,0.3721,0.7492,0.0002,0.00211,0.4377,0.2798,0.2825,0.7519,0.0002,0.00405
1096,4489216,2,0.500,2000.0,0.50,0.00,-0.0034,0.0114,0.5454,0.00192,0.00282,0.0316,0.2965,0.00049,2,0.0906,0.5117,0.3977,0.4102,0.0111,0.00156,0.2307,0.2786,0.4907,0.2984,0.0124,0.00061,0.1782,0.4761,0.3457,0.7137,0.0107,0.00380,0.3586,0.3215,0.3198,0.7594,0.0113,0.00530
1097,4493312,2,1.000,2000.0,1.00,0.00,-0.0036,0.0101,0.6043,0.00191,0.00366,0.0416,0.3944,0.00049,2,0.0972,0.4924,0.4104,0.4973,0.0106,0.00243,0.2629,0.2498,0.4873,0.3922,0.0103,0.00189,0.1641,0.4824,0.3535,0.7518,0.0095,0.00570,0.4209,0.2942,0.2849,0.7759,0.0098,0.00461
1098,4497408,2,1.000,2000.0,1.00,0.00,-0.0046,0.0066,0.6276,0.00191,0.00380,0.0416,0.3400,0.00024,2,0.1306,0.5020,0.3674,0.4911,0.0070,0.00249,0.2676,0.2849,0.4475,0.4382,0.0065,0.00328,0.1821,0.4893,0.3286,0.7841,0.0063,0.00551,0.3979,0.3188,0.2832,0.7969,0.0067,0.00392
1099,4501504,2,0.500,2000.0,1.00,0.50,-0.0035,0.0226,0.6138,0.00190,0.00338,0.0359,0.3832,0.00098,2,0.1282,0.4744,0.3975,0.5342,0.0231,0.00254,0.2705,0.2280,0.5015,0.3826,0.0214,0.00176,0.1880,0.4746,0.3374,0.7814,0.0224,0.00324,0.4038,0.2976,0.2986,0.7570,0.0235,0.00597
1100,4505600,2,-0.500,2000.0,0.00,0.50,-0.0043,0.0005,0.5984,0.00189,0.00408,0.0427,0.8048,0.00000,2,0.1384,0.4919,0.3696,0.4640,0.0005,0.00253,0.2842,0.2468,0.4690,0.3708,0.0005,0.00131,0.1904,0.4712,0.3384,0.7854,0.0005,0.00374,0.4033,0.2947,0.3020,0.7735,0.0005,0.00873
1101,4509696,2,0.500,2000.0,0.50,0.00,-0.0035,0.0067,0.5466,0.00189,0.00301,0.0321,0.3196,0.00024,2,0.0996,0.5005,0.3999,0.4215,0.0069,0.00230,0.2439,0.2625,0.4937,0.2614,0.0070,0.00190,0.1980,0.4668,0.3352,0.7540,0.0065,0.00438,0.3284,0.3386,0.3330,0.7494,0.0065,0.00348
1102,4513792,2,0.000,2000.0,0.00,0.00,-0.0022,0.0002,0.5096,0.00188,0.00197,0.0139,0.3864,0.00000,2,0.0508,0.4924,0.4568,0.3510,0.0001,0.00162,0.2207,0.2727,0.5066,0.1528,0.0002,0.00044,0.1907,0.4519,0.3574,0.7742,0.0002,0.00252,0.3154,0.3376,0.3469,0.7602,0.0002,0.00328
1103,4517888,2,0.000,2000.0,0.00,0.00,-0.0039,0.0061,0.5822,0.00187,0.00324,0.0399,0.2241,0.00024,2,0.1040,0.4919,0.4041,0.4209,0.0054,0.00209,0.2231,0.2944,0.4824,0.3341,0.0057,0.00164,0.2251,0.4556,0.3193,0.7949,0.0068,0.00541,0.3323,0.3340,0.3337,0.7788,0.0067,0.00382
1104,4521984,2,-1.000,2000.0,0.00,1.00,-0.0048,0.0066,0.6224,0.00186,0.00434,0.0435,0.1899,0.00024,2,0.1218,0.5137,0.3645,0.4735,0.0062,0.00348,0.2637,0.2773,0.4590,0.4494,0.0055,0.00589,0.2717,0.4285,0.2998,0.8017,0.0074,0.00465,0.3345,0.3430,0.3225,0.7651,0.0074,0.00333
1105,4526080,2,0.500,2000.0,0.50,0.00,-0.0035,0.0063,0.5936,0.00186,0.00387,0.0405,0.2563,0.00024,2,0.1304,0.5298,0.3398,0.4449,0.0062,0.00148,0.2227,0.3086,0.4688,0.3924,0.0070,0.00297,0.2346,0.5083,0.2571,0.7536,0.0059,0.00736,0.3916,0.3105,0.2979,0.7834,0.0059,0.00365
1106,4530176,2,0.000,2000.0,0.00,0.00,-0.0036,0.0002,0.5586,0.00185,0.00382,0.0411,-0.1038,0.00000,2,0.1084,0.4941,0.3975,0.4347,0.0002,0.00297,0.2661,0.2671,0.4668,0.2825,0.0002,0.00197,0.2617,0.4385,0.2998,0.7701,0.0001,0.00347,0.3391,0.3503,0.3105,0.7471,0.0002,0.00687
1107,4534272,2,0.500,2000.0,1.00,0.50,-0.0036,0.0164,0.5732,0.00184,0.00346,0.0375,0.3073,0.00073,2,0.0991,0.5310,0.3699,0.3922,0.0171,0.00299,0.2358,0.2751,0.4890,0.3271,0.0162,0.00168,0.2529,0.4570,0.2900,0.7897,0.0165,0.00551,0.2996,0.3757,0.3247,0.7835,0.0158,0.00367
1108,4538368,2,0.000,2000.0,0.00,0.00,-0.0033,0.0003,0.5392,0.00183,0.00329,0.0328,0.4571,0.00000,2,0.0879,0.4807,0.4314,0.4194,0.0003,0.00165,0.2500,0.2661,0.4839,0.2327,0.0003,0.00357,0.2815,0.4202,0.2983,0.7627,0.0002,0.00348,0.3125,0.3679,0.3196,0.7419,0.0003,0.00448
1109,4542464,2,0.000,2000.0,0.00,0.00,-0.0045,0.0001,0.5674,0.00183,0.00387,0.0455,0.1439,0.00000,2,0.1204,0.4617,0.4180,0.4603,0.0001,0.00221,0.3181,0.2244,0.4575,0.3314,0.0001,0.00243,0.2815,0.4087,0.3098,0.7532,0.0001,0.00519,0.3152,0.3542,0.3306,0.7245,0.0001,0.00567
1110,4546560,2,0.500,2000.0,0.50,0.00,-0.0017,0.0038,0.5138,0.00182,0.00246,0.0211,0.5719,0.00024,2,0.0649,0.4922,0.4429,0.3837,0.0049,0.00193,0.2239,0.2871,0.4890,0.1557,0.0041,0.00019,0.2729,0.4097,0.3174,0.7756,0.0031,0.00536,0.2878,0.3784,0.3337,0.7401,0.0031,0.00237
1111,4550656,2,0.500,2000.0,0.50,0.00,-0.0032,0.0030,0.5379,0.00181,0.00330,0.0358,0.7160,0.00024,2,0.0713,0.5046,0.4241,0.4052,0.0037,0.00233,0.2310,0.2822,0.4868,0.2070,0.0032,0.00122,0.2632,0.4099,0.3269,0.7743,0.0024,0.00441,0.3235,0.3616,0.3149,0.7649,0.0027,0.00522
1112,4554752,3,0.000,2000.0,0.00,0.00,-0.0029,0.0003,0.5463,0.00180,0.00284,0.0291,0.6619,0.00000,3,0.1157,0.4783,0.4060,0.4523,0.0003,0.00315,0.2661,0.2505,0.4834,0.2635,0.0003,0.00140,0.2590,0.4143,0.3267,0.7561,0.0002,0.00348,0.3567,0.3357,0.3076,0.7134,0.0002,0.00332
1113,4558848,2,0.000,2000.0,0.00,0.00,-0.0021,0.0002,0.5425,0.00180,0.00227,0.0170,0.4467,0.00000,2,0.0859,0.4893,0.4248,0.4184,0.0002,0.00114,0.2295,0.2739,0.4966,0.2066,0.0001,0.00062,0.2832,0.4082,0.3086,0.7786,0.0002,0.00425,0.3396,0.3386,0.3218,0.7663,0.0002,0.00306
1114,4562944,2,1.000,2000.0,1.00,0.00,-0.0021,0.0115,0.5903,0.00179,0.00376,0.0380,0.2581,0.00049,2,0.1260,0.5137,0.3604,0.4422,0.0119,0.00415,0.2786,0.2542,0.4673,0.3537,0.0112,0.00319,0.3057,0.3875,0.3069,0.8303,0.0115,0.00472,0.2954,0.3789,0.3257,0.7349,0.0116,0.00298
1115,4567040,2,0.000,2000.0,0.00,0.00,-0.0033,0.0002,0.5731,0.00178,0.00256,0.0223,-0.6656,0.00000,2,0.1250,0.4707,0.4043,0.4780,0.0003,0.00334,0.2920,0.2393,0.4688,0.2873,0.0003,0.00216,0.2786,0.4014,0.3201,0.7716,0.0001,0.00178,0.3540,0.3384,0.3076,0.7554,0.0002,0.00296
1116,4571136,2,0.000,2000.0,0.00,0.00,-0.0043,0.0001,0.5461,0.00177,0.00408,0.0517,-0.1314,0.00000,2,0.1226,0.4988,0.3787,0.4008,0.0001,0.00260,0.2310,0.2803,0.4888,0.2664,0.0001,0.00147,0.2471,0.4214,0.3315,0.7643,0.0001,0.00618,0.3647,0.3423,0.2930,0.7530,0.0001,0.00607
1117,4575232,2,1.000,2000.0,1.00,0.00,-0.0035,0.0148,0.5827,0.00177,0.00310,0.0300,0.3661,0.00073,2,0.1167,0.4814,0.4019,0.4552,0.0155,0.00176,0.2976,0.2307,0.4717,0.3161,0.0148,0.00194,0.2412,0.3999,0.3589,0.7990,0.0143,0.00363,0.3474,0.3435,0.3091,0.7604,0.0144,0.00507
1118,4579328,2,1.500,2000.0,1.50,0.00,-0.0028,0.0129,0.5724,0.00176,0.00243,0.0233,0.2767,0.00049,2,0.1082,0.5000,0.3918,0.4259,0.0131,0.00178,0.2808,0.2446,0.4746,0.2955,0.0132,0.00124,0.2578,0.4077,0.3345,0.8094,0.0125,0.00260,0.3721,0.3372,0.2908,0.7590,0.0128,0.00411
1119,4583424,2,0.500,2000.0,0.50,0.00,-0.0037,0.0118,0.5650,0.00175,0.00312,0.0396,0.3531,0.00049,2,0.1233,0.4844,0.3923,0.4186,0.0118,0.00285,0.2332,0.2874,0.4795,0.2555,0.0120,0.00096,0.2144,0.4343,0.3513,0.7975,0.0117,0.00488,0.3840,0.3242,0.2917,0.7884,0.0117,0.00380
1120,4587520,2,1.000,2000.0,1.50,0.50,-0.0046,0.0241,0.6484,0.00175,0.00478,0.0613,0.3347,0.00098,2,0.2053,0.4241,0.3706,0.4897,0.0224,0.00194,0.3042,0.2471,0.4487,0.5111,0.0227,0.00572,0.2451,0.4280,0.3269,0.8190,0.0262,0.00716,0.3906,0.3230,0.2864,0.7737,0.0253,0.00430
1121,4591616,2,1.000,2000.0,1.00,0.00,-0.0034,0.0052,0.6044,0.00174,0.00305,0.0370,0.4602,0.00024,2,0.1716,0.5161,0.3123,0.4096,0.0048,0.00195,0.2439,0.2847,0.4714,0.3982,0.0052,0.00226,0.2234,0.4592,0.3174,0.8266,0.0056,0.00566,0.3740,0.3528,0.2732,0.7832,0.0050,0.00233
1122,4595712,2,0.500,2000.0,0.50,0.00,-0.0049,0.0064,0.6000,0.00173,0.00458,0.0566,0.3322,0.00024,2,0.1250,0.4626,0.4124,0.4713,0.0063,0.00314,0.3093,0.2012,0.4895,0.3323,0.0059,0.00176,0.2239,0.4111,0.3650,0.8257,0.0069,0.00571,0.3767,0.3296,0.2937,0.7705,0.0063,0.00773
1123,4599808,2,-0.500,2000.0,0.00,0.50,-0.0034,0.0067,0.5389,0.00172,0.00398,0.0491,0.2015,0.00024,2,0.1238,0.4722,0.4041,0.4161,0.0059,0.00226,0.2415,0.2698,0.4888,0.2070,0.0056,0.00317,0.1545,0.4707,0.3748,0.7380,0.0078,0.00398,0.4224,0.3044,0.2732,0.7944,0.0076,0.00651
1124,4603904,2,1.000,2000.0,1.00,0.00,-0.0043,0.0103,0.6031,0.00172,0.00368,0.0420,0.3842,0.00049,2,0.1750,0.4829,0.3420,0.4407,0.0101,0.00261,0.2520,0.2849,0.4631,0.3875,0.0096,0.00246,0.2039,0.4604,0.3357,0.8059,0.0108,0.00438,0.4014,0.3320,0.2666,0.7782,0.0106,0.00528
1125,4608000,2,1.000,2000.0,1.00,0.00,-0.0037,0.0113,0.6368,0.00171,0.00301,0.0294,0.3375,0.00049,2,0.1631,0.4290,0.4080,0.5062,0.0112,0.00196,0.3462,0.2019,0.4519,0.4433,0.0103,0.00251,0.2085,0.4312,0.3604,0.8316,0.0119,0.00383,0.4297,0.2947,0.2756,0.7659,0.0120,0.00374
1126,4612096,2,1.000,2000.0,1.00,0.00,-0.0034,0.0130,0.5849,0.00170,0.00324,0.0334,0.4749,0.00073,2,0.1301,0.5369,0.3330,0.4170,0.0134,0.00264,0.2515,0.2800,0.4685,0.3238,0.0134,0.00341,0.2078,0.4731,0.3191,0.8217,0.0130,0.00276,0.4634,0.2881,0.2485,0.7772,0.0120,0.00414
1127,4616192,2,0.000,2000.0,0.50,0.50,-0.0037,0.0094,0.6580,0.00169,0.00351,0.0339,0.5527,0.00049,2,0.2114,0.5339,0.2546,0.4471,0.0084,0.00124,0.2368,0.3196,0.4436,0.5842,0.0082,0.00323,0.1919,0.5281,0.2800,0.8173,0.0104,0.00612,0.5515,0.2502,0.1982,0.7833,0.0105,0.00345
1128,4620288,2,0.500,2000.0,0.50,0.00,-0.0035,0.0149,0.5618,0.00169,0.00367,0.0392,0.2894,0.00049,2,0.1389,0.4646,0.3965,0.4324,0.0150,0.00250,0.2803,0.2461,0.4736,0.2353,0.0155,0.00280,0.1672,0.4692,0.3635,0.8099,0.0142,0.00544,0.4729,0.2654,0.2617,0.7697,0.0149,0.00395
1129,4624384,2,0.500,2000.0,1.00,0.50,-0.0034,0.0198,0.5788,0.00168,0.00465,0.0621,0.3208,0.00073,2,0.1409,0.4297,0.4294,0.4580,0.0193,0.00467,0.3230,0.2153,0.4617,0.3018,0.0184,0.00400,0.1931,0.4636,0.3433,0.8133,0.0210,0.00239,0.4370,0.2744,0.2886,0.7420,0.0203,0.00754
1130,4628480,2,-0.500,2000.0,0.50,1.00,-0.0032,0.0052,0.6121,0.00167,0.00338,0.0291,0.5142,0.00024,2,0.1938,0.4402,0.3660,0.4487,0.0054,0.00263,0.3474,0.2319,0.4207,0.4273,0.0054,0.00314,0.1934,0.4668,0.3398,0.8119,0.0050,0.00411,0.4192,0.2896,0.2913,0.7608,0.0049,0.00363
1131,4632576,2,0.500,2000.0,0.50,0.00,-0.0032,0.0050,0.5601,0.00166,0.00285,0.0344,0.4244,0.00024,2,0.1252,0.4741,0.4006,0.4125,0.0060,0.00232,0.2527,0.2793,0.4680,0.2983,0.0055,0.00117,0.1780,0.4900,0.3320,0.7933,0.0042,0.00421,0.4102,0.2817,0.3081,0.7364,0.0044,0.00368
1132,4636672,2,0.000,2000.0,0.00,0.00,-0.0038,0.0065,0.6011,0.00166,0.00386,0.0430,0.2688,0.00024,2,0.1423,0.4729,0.3848,0.4447,0.0063,0.00270,0.2883,0.2644,0.4473,0.3407,0.0051,0.00229,0.1995,0.4766,0.3240,0.8605,0.0073,0.00558,0.3850,0.3013,0.3137,0.7586,0.0072,0.00485
1133,4640768,3,-0.333,2000.0,0.00,0.33,-0.0042,0.0003,0.5693,0.00165,0.00281,0.0225,-0.0474,0.00000,3,0.1260,0.4873,0.3867,0.4186,0.0002,0.00212,0.2810,0.2563,0.4626,0.2884,0.0004,0.00125,0.2058,0.4822,0.3120,0.8390,0.0004,0.00435,0.3779,0.3040,0.3181,0.7312,0.0003,0.00354
1134,4644864,2,0.500,2000.0,0.50,0.00,-0.0036,0.0053,0.5970,0.00164,0.00389,0.0535,0.3675,0.00024,2,0.1162,0.5090,0.3748,0.4412,0.0059,0.00264,0.2920,0.2568,0.4512,0.3703,0.0054,0.00258,0.2280,0.4636,0.3083,0.8358,0.0051,0.00546,0.4695,0.2598,0.2708,0.7408,0.0050,0.00488
1135,4648960,2,0.500,2000.0,0.50,0.00,-0.0039,0.0041,0.5985,0.00163,0.00328,0.0320,0.5754,0.00024,2,0.1304,0.4924,0.3772,0.4508,0.0041,0.00425,0.2957,0.2610,0.4434,0.3957,0.0042,0.00245,0.2144,0.4978,0.2878,0.8205,0.0042,0.00241,0.4536,0.2651,0.2812,0.7273,0.0038,0.00401
1136,4653056,2,0.500,2000.0,0.50,0.00,-0.0027,0.0042,0.5747,0.00163,0.00260,0.0266,0.5600,0.00024,2,0.1384,0.5027,0.3589,0.4172,0.0047,0.00266,0.2446,0.2856,0.4697,0.3414,0.0038,0.00126,0.2151,0.4729,0.3120,0.8182,0.0039,0.00317,0.3975,0.2947,0.3079,0.7222,0.0041,0.00331
1137,4657152,2,0.500,2000.0,0.50,0.00,-0.0030,0.0050,0.5690,0.00162,0.00295,0.0270,0.5042,0.00024,2,0.1262,0.4707,0.4031,0.4695,0.0054,0.00199,0.3135,0.2217,0.4648,0.3145,0.0053,0.00121,0.1838,0.4817,0.3345,0.7734,0.0047,0.00322,0.4058,0.2847,0.3096,0.7188,0.0044,0.00536
1138,4661248,2,0.000,2000.0,0.00,0.00,-0.0044,0.0005,0.5491,0.00161,0.00389,0.0469,0.3104,0.00000,2,0.1047,0.5034,0.3918,0.3889,0.0004,0.00273,0.2122,0.2981,0.4897,0.2274,0.0004,0.00199,0.2097,0.4919,0.2983,0.8573,0.0005,0.00492,0.3337,0.3149,0.3513,0.7227,0.0004,0.00591
1139,4665344,2,0.000,2000.0,0.00,0.00,-0.0042,0.0002,0.6002,0.00160,0.00441,0.0497,0.2754,0.00000,2,0.1577,0.4900,0.3523,0.4430,0.0002,0.00270,0.2578,0.3042,0.4380,0.4041,0.0002,0.00414,0.2249,0.4839,0.2913,0.8052,0.0002,0.00650,0.3816,0.3030,0.3154,0.7488,0.0002,0.00431
1140,4669440,2,-0.500,2000.0,0.50,1.00,-0.0028,0.0152,0.5972,0.00160,0.00390,0.0471,0.4156,0.00073,2,0.1345,0.4829,0.3826,0.4720,0.0124,0.00288,0.3154,0.2412,0.4434,0.3802,0.0146,0.00163,0.2109,0.5020,0.2871,0.8001,0.0178,0.00724,0.3809,0.2830,0.3362,0.7366,0.0160,0.00384
1141,4673536,2,0.000,2000.0,0.00,0.00,-0.0030,0.0005,0.5381,0.00159,0.00298,0.0298,0.0797,0.00000,2,0.1130,0.4919,0.3950,0.3878,0.0004,0.00208,0.2651,0.2615,0.4734,0.2585,0.0006,0.00280,0.2046,0.4722,0.3232,0.8262,0.0005,0.00402,0.3430,0.2988,0.3582,0.6798,0.0005,0.00303
1142,4677632,2,0.000,2000.0,0.00,0.00,-0.0025,0.0002,0.5629,0.00158,0.00254,0.0206,0.0106,0.00000,2,0.1328,0.4866,0.3806,0.4134,0.0002,0.00165,0.2546,0.2788,0.4666,0.3249,0.0002,0.00141,0.2197,0.4729,0.3074,0.8521,0.0002,0.00285,0.3528,0.2935,0.3538,0.6610,0.0002,0.00426
1143,4681728,2,-0.500,2000.0,0.00,0.50,-0.0019,0.0056,0.6418,0.00158,0.00233,0.0170,0.3582,0.00024,2,0.1472,0.5042,0.3486,0.4795,0.0052,0.00215,0.2683,0.2954,0.4363,0.4990,0.0051,0.00195,0.2273,0.4963,0.2764,0.8197,0.0063,0.00360,0.4402,0.2668,0.2930,0.7691,0.0057,0.00161
1144,4685824,2,1.000,2000.0,1.00,0.00,-0.0033,0.0085,0.6194,0.00157,0.00368,0.0403,0.4879,0.00049,2,0.1523,0.5061,0.3416,0.4638,0.0078,0.00478,0.2876,0.2856,0.4268,0.4721,0.0088,0.00222,0.2332,0.4937,0.2732,0.7910,0.0088,0.00490,0.3911,0.2886,0.3203,0.7509,0.0086,0.00285
1145,4689920,2,0.000,2000.0,0.00,0.00,-0.0038,0.0075,0.5527,0.00156,0.00403,0.0516,0.2147,0.00024,2,0.1157,0.4822,0.4021,0.4551,0.0070,0.00481,0.3127,0.2410,0.4463,0.2809,0.0073,0.00269,0.1902,0.5083,0.3015,0.8118,0.0079,0.00432,0.3196,0.3108,0.3696,0.6631,0.0077,0.00428
1146,4694016,2,0.000,2000.0,0.50,0.50,-0.0023,0.0082,0.5801,0.00155,0.00250,0.0208,0.5358,0.00049,2,0.1328,0.5308,0.3364,0.4253,0.0083,0.00225,0.2383,0.3147,0.4470,0.3821,0.0095,0.00265,0.2371,0.4985,0.2644,0.8445,0.0075,0.00287,0.3328,0.3123,0.3550,0.6687,0.0074,0.00223
1147,4698112,2,0.000,2000.0,0.50,0.50,-0.0033,0.0068,0.5628,0.00155,0.00321,0.0391,0.2966,0.00024,2,0.1228,0.5002,0.3770,0.4662,0.0061,0.00517,0.2891,0.2498,0.4612,0.2667,0.0064,0.00070,0.2336,0.4844,0.2820,0.8719,0.0076,0.00397,0.3005,0.3140,0.3855,0.6463,0.0070,0.00298
1148,4702208,2,0.000,2000.0,0.00,0.00,-0.0026,0.0090,0.5756,0.00154,0.00264,0.0197,0.2711,0.00024,2,0.1282,0.4717,0.4001,0.4774,0.0066,0.00272,0.3320,0.2205,0.4475,0.3105,0.0065,0.00112,0.2634,0.4673,0.2693,0.8661,0.0114,0.00425,0.3018,0.3030,0.3953,0.6482,0.0116,0.00249
1149,4706304,2,-0.500,2000.0,0.50,1.00,-0.0038,0.0139,0.6266,0.00153,0.00447,0.0560,0.5116,0.00098,2,0.1499,0.5125,0.3376,0.4704,0.0131,0.00321,0.2957,0.2588,0.4456,0.4347,0.0128,0.00302,0.2761,0.4617,0.2622,0.8687,0.0158,0.00740,0.3418,0.2991,0.3591,0.7328,0.0138,0.00425
1150,4710400,2,1.000,2000.0,1.00,0.00,-0.0027,0.0008,0.5787,0.00152,0.00317,0.0329,0.2118,0.00000,2,0.1228,0.4917,0.3855,0.4579,0.0007,0.00207,0.3240,0.2319,0.4441,0.3252,0.0007,0.00234,0.2605,0.4299,0.3096,0.8482,0.0008,0.00555,0.2822,0.3186,0.3992,0.6836,0.0009,0.00270
1151,4714496,2,0.500,2000.0,0.50,0.00,-0.0046,0.0092,0.5907,0.00152,0.00311,0.0297,0.4354,0.00049,2,0.1345,0.5061,0.3594,0.4612,0.0096,0.00162,0.2947,0.2583,0.4470,0.3296,0.0096,0.00225,0.2446,0.4500,0.3054,0.8454,0.0087,0.00439,0.2812,0.3242,0.3945,0.7266,0.0091,0.00419
1152,4718592,2,0.500,2000.0,0.50,0.00,-0.0037,0.0045,0.6122,0.00151,0.00511,0.0673,0.5347,0.00024,2,0.1304,0.4653,0.4043,0.4603,0.0048,0.00303,0.2998,0.2520,0.4482,0.4049,0.0044,0.00361,0.2329,0.4424,0.3247,0.8418,0.0045,0.00640,0.3132,0.3069,0.3799,0.7416,0.0044,0.00740
1153,4722688,2,1.000,2000.0,1.00,0.00,-0.0024,0.0092,0.6000,0.00150,0.00240,0.0181,0.4767,0.00049,2,0.1091,0.5039,0.3870,0.5005,0.0101,0.00169,0.3108,0.2366,0.4526,0.3412,0.0102,0.00122,0.2324,0.4546,0.3130,0.8502,0.0082,0.00304,0.3423,0.2991,0.3586,0.7083,0.0084,0.00363
1154,4726784,3,0.000,2000.0,0.33,0.33,-0.0026,0.0061,0.5709,0.00149,0.00319,0.0335,0.4231,0.00024,3,0.1013,0.4722,0.4265,0.4861,0.0053,0.00223,0.2874,0.2256,0.4871,0.2938,0.0048,0.00387,0.2188,0.4739,0.3074,0.8357,0.0072,0.00213,0.2859,0.3164,0.3977,0.6680,0.0070,0.00454
1155,4730880,2,0.500,2000.0,0.50,0.00,-0.0032,0.0046,0.5826,0.00149,0.00286,0.0396,0.5348,0.00024,2,0.1011,0.4932,0.4058,0.4475,0.0046,0.00224,0.2898,0.2532,0.4570,0.2998,0.0043,0.00276,0.2568,0.4509,0.2922,0.8760,0.0049,0.00280,0.2634,0.3254,0.4111,0.7070,0.0047,0.00363
1156,4734976,2,0.500,2000.0,0.50,0.00,-0.0046,0.0058,0.6564,0.00148,0.00395,0.0439,0.3365,0.00024,2,0.1548,0.4788,0.3665,0.5532,0.0061,0.00240,0.2944,0.2397,0.4658,0.4374,0.0058,0.00280,0.2327,0.4434,0.3240,0.8512,0.0058,0.00688,0.3481,0.2905,0.3613,0.7840,0.0057,0.00370
1157,4739072,2,0.000,2000.0,0.00,0.00,-0.0024,0.0004,0.5524,0.00147,0.00258,0.0209,0.2447,0.00000,2,0.0876,0.4729,0.4395,0.4234,0.0003,0.00248,0.2817,0.2349,0.4834,0.2346,0.0003,0.00076,0.2898,0.4053,0.3049,0.8777,0.0004,0.00327,0.2366,0.3325,0.4309,0.6740,0.0004,0.00380
1158,4743168,2,0.500,2000.0,0.50,0.00,-0.0034,0.0066,0.6319,0.00146,0.00456,0.0482,0.1775,0.00024,2,0.1248,0.5176,0.3577,0.5047,0.0071,0.00663,0.2988,0.2625,0.4387,0.3945,0.0068,0.00327,0.3145,0.4026,0.2830,0.8782,0.0063,0.00452,0.2952,0.3167,0.3882,0.7503,0.0064,0.00381
1159,4747264,2,0.000,2000.0,0.50,0.50,-0.0047,0.0093,0.6232,0.00146,0.00552,0.0631,0.4818,0.00049,2,0.1077,0.4990,0.3933,0.4437,0.0085,0.00515,0.2632,0.2639,0.4729,0.3921,0.0091,0.00344,0.2944,0.4187,0.2869,0.9030,0.0100,0.00619,0.3232,0.2961,0.3806,0.7541,0.0097,0.00729
1160,4751360,2,-0.500,2000.0,0.00,0.50,-0.0041,0.0067,0.6113,0.00145,0.00478,0.0560,0.2806,0.00024,2,0.0986,0.5010,0.4004,0.4707,0.0064,0.00409,0.3108,0.2429,0.4463,0.3815,0.0059,0.00278,0.3076,0.3997,0.2927,0.8777,0.0072,0.00722,0.3601,0.2793,0.3606,0.7151,0.0075,0.00500
1161,4755456,2,0.500,2000.0,0.50,0.00,-0.0044,0.0104,0.5519,0.00144,0.00346,0.0342,0.3914,0.00049,2,0.0913,0.4995,0.4092,0.3828,0.0115,0.00276,0.2744,0.2651,0.4604,0.2630,0.0105,0.00144,0.3062,0.3943,0.2996,0.8785,0.0099,0.00568,0.3542,0.3015,0.3442,0.6832,0.0096,0.00396
1162,4759552,2,1.000,2000.0,1.00,0.00,-0.0023,0.0056,0.5730,0.00144,0.00305,0.0289,0.3948,0.00024,2,0.1047,0.4858,0.4094,0.4465,0.0065,0.00205,0.2698,0.2690,0.4612,0.2958,0.0054,0.00139,0.3071,0.4019,0.2910,0.8604,0.0052,0.00432,0.3765,0.2930,0.3306,0.6892,0.0052,0.00445
1163,4763648,2,0.000,2000.0,0.00,0.00,-0.0040,0.0067,0.5637,0.00143,0.00283,0.0321,0.2627,0.00024,2,0.1111,0.4973,0.3916,0.3938,0.0060,0.00180,0.2710,0.2546,0.4744,0.3054,0.0061,0.00277,0.3193,0.3872,0.2935,0.8631,0.0074,0.00583,0.3328,0.2949,0.3723,0.6925,0.0072,0.00092
1164,4767744,2,-0.500,2000.0,0.00,0.50,-0.0034,0.0002,0.5794,0.00142,0.00374,0.0388,0.1259,0.00000,2,0.0925,0.4602,0.4473,0.4167,0.0002,0.00173,0.3594,0.2070,0.4336,0.3161,0.0003,0.00157,0.2761,0.4194,0.3044,0.8505,0.0003,0.00737,0.3540,0.2568,0.3892,0.7342,0.0002,0.00430
1165,4771840,2,0.500,2000.0,0.50,0.00,-0.0035,0.0040,0.5865,0.00141,0.00347,0.0425,0.5309,0.00024,2,0.1057,0.4758,0.4185,0.4474,0.0046,0.00273,0.3376,0.2024,0.4600,0.3004,0.0045,0.00124,0.2900,0.3821,0.3279,0.8485,0.0034,0.00732,0.3625,0.2700,0.3674,0.7497,0.0037,0.00260
1166,4775936,2,0.500,2000.0,0.50,0.00,-0.0026,0.0044,0.5150,0.00141,0.00291,0.0312,0.5413,0.00024,2,0.0706,0.5200,0.4094,0.3580,0.0048,0.00118,0.2661,0.2542,0.4797,0.1827,0.0041,0.00176,0.2996,0.4009,0.2996,0.8469,0.0041,0.00444,0.3123,0.3201,0.3677,0.6722,0.0046,0.00424
1167,4780032,2,0.000,2000.0,0.00,0.00,-0.0024,0.0006,0.4964,0.00140,0.00241,0.0300,0.6387,0.00000,2,0.0649,0.4961,0.4390,0.3456,0.0006,0.00196,0.2439,0.2573,0.4988,0.1425,0.0007,0.00086,0.3186,0.3740,0.3074,0.8541,0.0004,0.00306,0.3032,0.3152,0.3816,0.6433,0.0005,0.00376
1168,4784128,2,0.500,2000.0,0.50,0.00,-0.0041,0.0106,0.6200,0.00139,0.00561,0.0726,0.3992,0.00049,2,0.1235,0.5171,0.3594,0.4279,0.0097,0.00225,0.3120,0.2419,0.4460,0.4178,0.0100,0.00369,0.3433,0.3804,0.2764,0.8539,0.0112,0.00745,0.3940,0.2812,0.3247,0.7806,0.0113,0.00906
1169,4788224,2,-0.500,2000.0,0.00,0.50,-0.0030,0.0034,0.5304,0.00138,0.00361,0.0468,0.6790,0.00024,2,0.0767,0.4954,0.4280,0.3871,0.0039,0.00182,0.2832,0.2339,0.4829,0.2299,0.0033,0.00251,0.3679,0.3667,0.2654,0.8390,0.0033,0.00727,0.3420,0.3079,0.3501,0.6657,0.0032,0.00285
1170,4792320,2,0.500,2000.0,0.50,0.00,-0.0030,0.0043,0.5772,0.00138,0.00239,0.0229,0.5498,0.00024,2,0.1067,0.4866,0.4067,0.4109,0.0044,0.00146,0.2776,0.2517,0.4707,0.3402,0.0045,0.00267,0.3342,0.3938,0.2720,0.8270,0.0044,0.00397,0.3831,0.2886,0.3284,0.7306,0.0040,0.00146
1171,4796416,2,1.000,2000.0,1.00,0.00,-0.0030,0.0048,0.6044,0.00137,0.00381,0.0438,0.5263,0.00024,2,0.1245,0.4849,0.3906,0.4250,0.0044,0.00211,0.2605,0.2759,0.4636,0.3744,0.0049,0.00411,0.3569,0.3833,0.2598,0.8596,0.0051,0.00238,0.3831,0.2849,0.3320,0.7585,0.0049,0.00665
1172,4800512,2,0.000,2000.0,0.00,0.00,-0.0033,0.0005,0.5741,0.00136,0.00357,0.0312,0.7803,0.00000,2,0.0984,0.4653,0.4363,0.4134,0.0004,0.00247,0.2883,0.2190,0.4927,0.3483,0.0003,0.00144,0.3438,0.3789,0.2773,0.8457,0.0007,0.00633,0.3694,0.2905,0.3401,0.6888,0.0007,0.00404
1173,4804608,2,1.000,2000.0,1.00,0.00,-0.0038,0.0078,0.6647,0.00135,0.00362,0.0325,0.5476,0.00049,2,0.1072,0.5322,0.3606,0.4451,0.0077,0.00218,0.2485,0.2900,0.4614,0.4764,0.0077,0.00247,0.3855,0.3811,0.2334,0.8714,0.0082,0.00393,0.3911,0.2903,0.3186,0.8658,0.0075,0.00591
1174,4808704,2,0.000,2000.0,0.00,0.00,-0.0034,0.0004,0.6054,0.00135,0.00342,0.0377,0.5529,0.00000,2,0.1372,0.5159,0.3469,0.3841,0.0004,0.00217,0.2151,0.2988,0.4861,0.4132,0.0004,0.00102,0.3662,0.3835,0.2502,0.8205,0.0005,0.00483,0.3684,0.3030,0.3286,0.8037,0.0005,0.00566
1175,4812800,3,0.000,2000.0,0.00,0.00,-0.0035,0.0003,0.5193,0.00134,0.00330,0.0389,0.3157,0.00000,3,0.0874,0.4858,0.4268,0.4013,0.0002,0.00196,0.2681,0.2324,0.4995,0.2357,0.0002,0.00159,0.3164,0.4163,0.2673,0.7719,0.0004,0.00690,0.3108,0.3123,0.3770,0.6683,0.0004,0.00272
1176,4816896,2,0.000,2000.0,0.00,0.00,-0.0039,0.0002,0.5390,0.00133,0.00383,0.0408,-0.1779,0.00000,2,0.0830,0.4778,0.4392,0.4004,0.0002,0.00224,0.3169,0.2048,0.4783,0.2828,0.0001,0.00184,0.3411,0.4004,0.2585,0.7708,0.0002,0.00590,0.3411,0.2939,0.3650,0.7022,0.0003,0.00534
1177,4820992,2,0.000,2000.0,0.00,0.00,-0.0058,0.0057,0.5166,0.00132,0.00340,0.0441,0.2740,0.00024,2,0.0686,0.4973,0.4341,0.3533,0.0061,0.00149,0.2607,0.2505,0.4888,0.2360,0.0057,0.00095,0.3682,0.3723,0.2595,0.7902,0.0056,0.00521,0.3245,0.3186,0.3569,0.6867,0.0052,0.00593
1178,4825088,2,1.000,2000.0,1.00,0.00,-0.0035,0.0048,0.6041,0.00132,0.00301,0.0309,0.4813,0.00024,2,0.1038,0.4839,0.4124,0.4620,0.0049,0.00181,0.2915,0.2466,0.4619,0.3735,0.0046,0.00225,0.3662,0.3818,0.2520,0.8267,0.0051,0.00355,0.4365,0.2593,0.3042,0.7541,0.0046,0.00443
1179,4829184,2,0.000,2000.0,0.50,0.50,-0.0040,0.0110,0.6835,0.00131,0.00577,0.0826,0.3767,0.00049,2,0.1384,0.4651,0.3965,0.5079,0.0101,0.00347,0.3113,0.2036,0.4851,0.5441,0.0110,0.00560,0.3748,0.3669,0.2583,0.8629,0.0113,0.00837,0.5012,0.2139,0.2849,0.8191,0.0115,0.00566
1180,4833280,2,0.000,2000.0,0.00,0.00,-0.0035,0.0004,0.5063,0.00130,0.00316,0.0327,0.4202,0.00000,2,0.0823,0.4824,0.4353,0.3720,0.0003,0.00152,0.2632,0.2500,0.4868,0.2113,0.0003,0.00117,0.3528,0.3777,0.2695,0.7623,0.0005,0.00492,0.3860,0.2817,0.3323,0.6797,0.0004,0.00505
1181,4837376,2,-1.000,2000.0,0.00,1.00,-0.0035,0.0115,0.5557,0.00130,0.00328,0.0353,0.3229,0.00049,2,0.1223,0.5007,0.3770,0.4122,0.0102,0.00287,0.2598,0.2688,0.4714,0.3193,0.0104,0.00251,0.3726,0.3689,0.2585,0.7810,0.0130,0.00192,0.4370,0.2625,0.3005,0.7103,0.0123,0.00581
1182,4841472,2,1.000,2000.0,1.00,0.00,-0.0027,0.0088,0.5485,0.00129,0.00249,0.0226,0.4711,0.00049,2,0.0820,0.4805,0.4375,0.4224,0.0101,0.00174,0.2886,0.2114,0.5000,0.3037,0.0094,0.00150,0.3401,0.3877,0.2722,0.7853,0.0076,0.00423,0.4409,0.2368,0.3223,0.6824,0.0079,0.00250
1183,4845568,2,0.500,2000.0,0.50,0.00,-0.0021,0.0055,0.5727,0.00128,0.00299,0.0302,0.3682,0.00024,2,0.1416,0.4700,0.3884,0.4374,0.0055,0.00350,0.2756,0.2444,0.4800,0.3355,0.0059,0.00134,0.3354,0.3853,0.2793,0.7651,0.0056,0.00343,0.4663,0.2329,0.3008,0.7527,0.0050,0.00368
1184,4849664,2,1.000,2000.0,1.00,0.00,-0.0045,0.0081,0.5355,0.00127,0.00302,0.0330,0.5621,0.00049,2,0.0955,0.5044,0.4001,0.4109,0.0083,0.00378,0.2712,0.2471,0.4817,0.2561,0.0082,0.00201,0.3088,0.3960,0.2952,0.7620,0.0082,0.00408,0.4048,0.2832,0.3120,0.7131,0.0076,0.00220
1185,4853760,2,0.000,2000.0,0.00,0.00,-0.0031,0.0098,0.4947,0.00127,0.00292,0.0288,0.3804,0.00049,2,0.0554,0.5061,0.4385,0.3456,0.0099,0.00169,0.2515,0.2283,0.5203,0.2585,0.0096,0.00247,0.3577,0.3855,0.2568,0.7635,0.0099,0.00481,0.3315,0.2854,0.3831,0.6111,0.0096,0.00272
1186,4857856,2,1.000,2000.0,1.00,0.00,-0.0025,0.0051,0.5287,0.00126,0.00250,0.0180,0.4874,0.00024,2,0.1099,0.5129,0.3772,0.3857,0.0052,0.00191,0.2739,0.2561,0.4700,0.3151,0.0052,0.00120,0.2930,0.3965,0.3105,0.7144,0.0053,0.00515,0.4087,0.2617,0.3296,0.6995,0.0047,0.00175
1187,4861952,2,0.500,2000.0,0.50,0.00,-0.0031,0.0004,0.5089,0.00125,0.00276,0.0243,0.2349,0.00000,2,0.1086,0.5298,0.3616,0.3725,0.0004,0.00140,0.2625,0.2571,0.4805,0.2690,0.0002,0.00166,0.3037,0.3967,0.2996,0.6980,0.0004,0.00431,0.4102,0.2788,0.3110,0.6961,0.0004,0.00367
1188,4866048,2,0.000,2000.0,0.00,0.00,-0.0036,0.0002,0.5459,0.00124,0.00334,0.0362,0.2382,0.00000,2,0.1074,0.5222,0.3704,0.3656,0.0002,0.00122,0.2161,0.2981,0.4858,0.3346,0.0002,0.00247,0.3396,0.3792,0.2812,0.7613,0.0001,0.00391,0.4712,0.2393,0.2896,0.7222,0.0001,0.00576
1189,4870144,2,0.000,2000.0,0.00,0.00,-0.0024,0.0055,0.5022,0.00124,0.00193,0.0211,0.3384,0.00024,2,0.0576,0.5122,0.4302,0.3638,0.0052,0.00201,0.2925,0.2373,0.4702,0.2157,0.0058,0.00115,0.3291,0.3928,0.2781,0.7877,0.0057,0.00329,0.3960,0.2891,0.3149,0.6417,0.0055,0.00129
1190,4874240,2,1.000,2000.0,1.00,0.00,-0.0037,0.0048,0.5518,0.00123,0.00355,0.0408,0.4770,0.00024,2,0.1030,0.5085,0.3884,0.4352,0.0048,0.00190,0.2959,0.2361,0.4680,0.2964,0.0049,0.00130,0.3242,0.3965,0.2793,0.7843,0.0051,0.00815,0.4851,0.2410,0.2739,0.6915,0.0046,0.00286
1191,4878336,2,1.000,2000.0,1.00,0.00,-0.0037,0.0113,0.5737,0.00122,0.00354,0.0350,0.3206,0.00049,2,0.0955,0.5066,0.3979,0.4028,0.0119,0.00208,0.2773,0.2505,0.4722,0.3685,0.0112,0.00231,0.3506,0.3604,0.2891,0.7915,0.0112,0.00666,0.5020,0.2451,0.2529,0.7322,0.0108,0.00310
1192,4882432,2,0.000,2000.0,0.00,0.00,-0.0035,0.0004,0.5534,0.00121,0.00395,0.0435,0.3711,0.00000,2,0.0979,0.4944,0.4077,0.4447,0.0005,0.00242,0.3135,0.2229,0.4636,0.2867,0.0004,0.00202,0.3782,0.3418,0.2800,0.7969,0.0004,0.00723,0.4634,0.2573,0.2793,0.6852,0.0005,0.00412
1193,4886528,2,1.000,2000.0,1.00,0.00,-0.0037,0.0154,0.5617,0.00121,0.00317,0.0304,0.3550,0.00073,2,0.0732,0.5181,0.4087,0.4256,0.0170,0.00141,0.3308,0.2063,0.4629,0.3241,0.0154,0.00200,0.3828,0.3582,0.2590,0.7924,0.0145,0.00680,0.4446,0.2473,0.3081,0.7048,0.0146,0.00246
1194,4890624,2,1.000,2000.0,1.00,0.00,-0.0024,0.0047,0.4630,0.00120,0.00252,0.0278,0.4952,0.00024,2,0.0649,0.5037,0.4314,0.3170,0.0055,0.00200,0.2546,0.2549,0.4905,0.1771,0.0043,0.00133,0.3442,0.3625,0.2932,0.7528,0.0043,0.00376,0.3665,0.2891,0.3445,0.6049,0.0048,0.00300
1195,4894720,3,0.000,2000.0,0.33,0.33,-0.0044,0.0123,0.5251,0.00119,0.00314,0.0350,0.3286,0.00049,3,0.0845,0.4971,0.4185,0.4054,0.0119,0.00266,0.2966,0.2332,0.4702,0.2214,0.0118,0.00333,0.3479,0.3633,0.2888,0.7737,0.0129,0.00214,0.4495,0.2646,0.2859,0.6999,0.0126,0.00442
1196,4898816,2,0.000,2000.0,0.00,0.00,-0.0025,0.0006,0.4738,0.00118,0.00293,0.0310,0.6602,0.00000,2,0.0562,0.5054,0.4385,0.3323,0.0006,0.00142,0.2507,0.2593,0.4900,0.1569,0.0010,0.00050,0.3293,0.3711,0.2996,0.7604,0.0004,0.00316,0.3787,0.2793,0.3420,0.6457,0.0005,0.00665
1197,4902912,2,-0.500,2000.0,0.00,0.50,-0.0035,0.0065,0.5234,0.00118,0.00509,0.0660,0.3041,0.00024,2,0.0593,0.5007,0.4399,0.4215,0.0056,0.00279,0.2856,0.2283,0.4861,0.2338,0.0062,0.00232,0.3660,0.3550,0.2791,0.7759,0.0073,0.00492,0.4597,0.2417,0.2986,0.6625,0.0071,0.01033
1198,4907008,2,1.000,2000.0,1.00,0.00,-0.0028,0.0072,0.5749,0.00117,0.00220,0.0189,0.5931,0.00049,2,0.1108,0.5176,0.3716,0.4026,0.0073,0.00190,0.2720,0.2788,0.4492,0.3958,0.0077,0.00183,0.3684,0.3406,0.2910,0.7485,0.0069,0.00176,0.5278,0.2239,0.2483,0.7527,0.0068,0.00332
1199,4911104,2,2.000,2000.0,2.00,0.00,-0.0047,0.0125,0.6164,0.00116,0.00351,0.0333,0.6072,0.00098,2,0.1248,0.4929,0.3823,0.4701,0.0137,0.00316,0.3491,0.2139,0.4370,0.4851,0.0122,0.00261,0.3970,0.3315,0.2715,0.7709,0.0123,0.00569,0.5444,0.2014,0.2542,0.7394,0.0117,0.00258
1200,4915200,2,1.000,2000.0,1.00,0.00,-0.0030,0.0099,0.5828,0.00115,0.00258,0.0288,0.7266,0.00073,2,0.1575,0.4614,0.3811,0.4578,0.0091,0.00353,0.3242,0.2278,0.4480,0.4136,0.0102,0.00213,0.4072,0.3181,0.2747,0.7630,0.0106,0.00290,0.5383,0.2100,0.2517,0.6968,0.0095,0.00177
1201,4919296,2,-0.500,2000.0,0.00,0.50,-0.0032,0.0009,0.5738,0.00115,0.00250,0.0201,0.8450,0.00000,2,0.1394,0.4905,0.3701,0.4353,0.0007,0.00242,0.3210,0.2319,0.4470,0.3816,0.0007,0.00194,0.3884,0.3313,0.2803,0.7868,0.0010,0.00243,0.5610,0.2021,0.2368,0.6916,0.0012,0.00319
1202,4923392,2,1.000,2000.0,1.00,0.00,-0.0026,0.0055,0.5371,0.00114,0.00233,0.0229,0.7409,0.00049,2,0.1155,0.4968,0.3877,0.3786,0.0052,0.00223,0.2571,0.2524,0.4905,0.2923,0.0060,0.00089,0.3845,0.3235,0.2920,0.7852,0.0055,0.00240,0.4792,0.2371,0.2837,0.6923,0.0053,0.00381
1203,4927488,2,-0.500,2000.0,0.00,0.50,-0.0047,0.0077,0.5097,0.00113,0.00365,0.0402,0.4552,0.00024,2,0.1235,0.4519,0.4246,0.4126,0.0073,0.00210,0.3145,0.2095,0.4761,0.2357,0.0065,0.00505,0.3655,0.3577,0.2769,0.7683,0.0085,0.00357,0.4673,0.2368,0.2959,0.6221,0.0084,0.00391
1204,4931584,2,0.500,2000.0,0.50,0.00,-0.0032,0.0043,0.5345,0.00113,0.00323,0.0340,0.5851,0.00024,2,0.0789,0.4939,0.4272,0.3925,0.0042,0.00338,0.3005,0.2148,0.4846,0.3031,0.0042,0.00219,0.4182,0.3301,0.2517,0.8152,0.0043,0.00482,0.4438,0.2500,0.3062,0.6274,0.0044,0.00253
1205,4935680,2,0.000,2000.0,0.00,0.00,-0.0034,0.0003,0.5081,0.00112,0.00259,0.0247,0.7718,0.00000,2,0.0903,0.4758,0.4338,0.3902,0.0003,0.00195,0.2830,0.2183,0.4988,0.2578,0.0003,0.00220,0.3906,0.3413,0.2681,0.7885,0.0003,0.00431,0.4458,0.2395,0.3147,0.5959,0.0003,0.00188
1206,4939776,2,0.000,2000.0,0.00,0.00,-0.0028,0.0002,0.5077,0.00111,0.00229,0.0156,0.7249,0.00000,2,0.1289,0.4990,0.3721,0.3551,0.0003,0.00200,0.2722,0.2576,0.4702,0.2842,0.0002,0.00165,0.4319,0.3220,0.2461,0.7620,0.0002,0.00320,0.4268,0.2698,0.3035,0.6297,0.0002,0.00229
1207,4943872,2,0.000,2000.0,0.00,0.00,-0.0034,0.0002,0.5145,0.00110,0.00263,0.0231,0.6576,0.00000,2,0.1177,0.4873,0.3950,0.3808,0.0002,0.00247,0.2632,0.2456,0.4912,0.2886,0.0001,0.00169,0.4055,0.3389,0.2556,0.7723,0.0001,0.00267,0.4905,0.2314,0.2781,0.6160,0.0002,0.00369
1208,4947968,2,-0.500,2000.0,0.00,0.50,-0.0033,0.0057,0.4785,0.00110,0.00364,0.0410,0.3516,0.00024,2,0.1125,0.4973,0.3901,0.3838,0.0054,0.00430,0.2839,0.2290,0.4871,0.2028,0.0046,0.00152,0.4026,0.3379,0.2595,0.7347,0.0069,0.00293,0.3916,0.2644,0.3440,0.5928,0.0060,0.00581
1209,4952064,2,0.500,2000.0,0.50,0.00,-0.0022,0.0051,0.5064,0.00109,0.00307,0.0325,0.4428,0.00024,2,0.1213,0.4944,0.3843,0.4119,0.0051,0.00312,0.2522,0.2554,0.4924,0.2474,0.0053,0.00182,0.3623,0.3533,0.2844,0.7621,0.0050,0.00449,0.4717,0.2400,0.2883,0.6043,0.0049,0.00283
1210,4956160,2,0.500,2000.0,0.50,0.00,-0.0023,0.0047,0.4731,0.00108,0.00243,0.0223,0.4873,0.00024,2,0.0977,0.4963,0.4060,0.3370,0.0043,0.00272,0.2778,0.2217,0.5005,0.2050,0.0046,0.00104,0.3982,0.3333,0.2686,0.7573,0.0049,0.00395,0.3906,0.2610,0.3484,0.5931,0.0048,0.00202
1211,4960256,2,0.500,2000.0,0.50,0.00,-0.0031,0.0048,0.4898,0.00107,0.00312,0.0391,0.5099,0.00024,2,0.1028,0.4817,0.4155,0.3792,0.0047,0.00227,0.2629,0.2383,0.4988,0.2166,0.0053,0.00210,0.3657,0.3594,0.2749,0.7564,0.0047,0.00512,0.3987,0.2712,0.3301,0.6070,0.0046,0.00300
1212,4964352,2,0.000,2000.0,0.00,0.00,-0.0036,0.0008,0.4980,0.00107,0.00285,0.0281,0.6480,0.00000,2,0.0750,0.4924,0.4326,0.3634,0.0009,0.00186,0.2634,0.2324,0.5042,0.2375,0.0009,0.00087,0.3547,0.3550,0.2903,0.7617,0.0006,0.00459,0.4055,0.2612,0.3333,0.6294,0.0008,0.00409
1213,4968448,2,0.000,2000.0,0.00,0.00,-0.0020,0.0038,0.5165,0.00106,0.00269,0.0248,0.6082,0.00024,2,0.0977,0.4946,0.4077,0.3803,0.0032,0.00231,0.2998,0.2185,0.4817,0.2837,0.0038,0.00103,0.3955,0.3225,0.2820,0.7502,0.0044,0.00428,0.4023,0.2563,0.3413,0.6519,0.0039,0.00313
1214,4972544,2,1.000,2000.0,1.00,0.00,-0.0037,0.0034,0.5265,0.00105,0.00294,0.0309,0.6903,0.00024,2,0.0862,0.4734,0.4404,0.4006,0.0033,0.00157,0.2776,0.2188,0.5037,0.2880,0.0033,0.00216,0.3262,0.3750,0.2988,0.7771,0.0038,0.00329,0.4382,0.2532,0.3086,0.6404,0.0034,0.00473
1215,4976640,2,0.000,2000.0,0.00,0.00,-0.0024,0.0004,0.4585,0.00104,0.00279,0.0319,0.6996,0.00000,2,0.0762,0.5029,0.4209,0.3136,0.0004,0.00119,0.2493,0.2463,0.5044,0.1844,0.0003,0.00288,0.3467,0.3755,0.2778,0.7480,0.0004,0.00340,0.3279,0.2964,0.3757,0.5878,0.0004,0.00369
1216,4980736,3,0.000,2000.0,0.00,0.00,-0.0032,0.0002,0.4717,0.00104,0.00323,0.0344,0.6775,0.00000,3,0.0803,0.5129,0.4067,0.3382,0.0002,0.00191,0.2556,0.2556,0.4888,0.2313,0.0002,0.00106,0.3657,0.3560,0.2783,0.7466,0.0003,0.00678,0.2964,0.3115,0.3921,0.5705,0.0003,0.00317
1217,4984832,2,0.000,2000.0,0.00,0.00,-0.0029,0.0002,0.4618,0.00103,0.00277,0.0327,0.3048,0.00000,2,0.0664,0.5225,0.4111,0.3177,0.0002,0.00281,0.2449,0.2471,0.5081,0.2087,0.0002,0.00153,0.3376,0.3464,0.3159,0.7401,0.0002,0.00369,0.3274,0.2925,0.3801,0.5806,0.0002,0.00303
1218,4988928,2,0.000,2000.0,0.50,0.50,-0.0032,0.0095,0.5070,0.00102,0.00672,0.0510,0.4904,0.00049,2,0.0835,0.5042,0.4124,0.3628,0.0081,0.00144,0.2773,0.2178,0.5049,0.3081,0.0100,0.01770,0.3469,0.3508,0.3022,0.7126,0.0100,0.00318,0.4202,0.2517,0.3281,0.6443,0.0098,0.00455
1219,4993024,2,0.000,2000.0,0.50,0.50,-0.0035,0.0113,0.5535,0.00101,0.00338,0.0374,0.4030,0.00049,2,0.0879,0.4680,0.4441,0.4321,0.0113,0.00307,0.3223,0.2058,0.4719,0.3509,0.0106,0.00203,0.3538,0.3467,0.2996,0.7593,0.0119,0.00483,0.4346,0.2385,0.3269,0.6716,0.0116,0.00359
1220,4997120,2,0.000,2000.0,0.00,0.00,-0.0047,0.0048,0.4688,0.00101,0.00338,0.0343,0.3049,0.00024,2,0.0701,0.5103,0.4197,0.3112,0.0049,0.00278,0.2346,0.2642,0.5012,0.2341,0.0041,0.00125,0.3438,0.3491,0.3071,0.7029,0.0050,0.00349,0.2983,0.3098,0.3918,0.6270,0.0051,0.00600
1221,5000000,1,2.000,2000.0,2.00,0.00,-0.0053,0.0135,0.5270,0.00100,0.00377,0.0481,0.3757,0.00069,1,0.0743,0.5149,0.4108,0.3553,0.0151,0.00287,0.2670,0.2552,0.4778,0.3432,0.0136,0.00378,0.3483,0.3417,0.3101,0.7526,0.0131,0.00385,0.3771,0.2837,0.3392,0.6571,0.0122,0.00460
